ISO-10303-21;
HEADER;
FILE_DESCRIPTION (( 'STEP AP203' ),
    '1' );
FILE_NAME ('17-223.STEP',
    '2013-11-22T08:50:35',
    ( 'User' ),
    ( 'Everlight' ),
    'SwSTEP 2.0',
    'SolidWorks 2011',
    '' );
FILE_SCHEMA (( 'CONFIG_CONTROL_DESIGN' ));
ENDSEC;

DATA;
#1 = EDGE_LOOP ( 'NONE', ( #12, #14, #23, #29, #20, #30, #21, #147 ) ) ;
#2 = ORIENTED_EDGE ( 'NONE', *, *, #4101, .F. ) ;
#3 = VERTEX_POINT ( 'NONE', #1765 ) ;
#4 = EDGE_CURVE ( 'NONE', #1703, #1987, #1779, .T. ) ;
#5 = EDGE_CURVE ( 'NONE', #4231, #15, #1622, .T. ) ;
#6 = VERTEX_POINT ( 'NONE', #1748 ) ;
#7 = EDGE_CURVE ( 'NONE', #15, #11, #1809, .T. ) ;
#8 = ORIENTED_EDGE ( 'NONE', *, *, #22, .T. ) ;
#9 = ORIENTED_EDGE ( 'NONE', *, *, #7, .F. ) ;
#10 = VERTEX_POINT ( 'NONE', #1753 ) ;
#11 = VERTEX_POINT ( 'NONE', #1749 ) ;
#12 = ORIENTED_EDGE ( 'NONE', *, *, #32, .T. ) ;
#13 = ORIENTED_EDGE ( 'NONE', *, *, #19, .F. ) ;
#14 = ORIENTED_EDGE ( 'NONE', *, *, #167, .F. ) ;
#15 = VERTEX_POINT ( 'NONE', #1757 ) ;
#16 = ADVANCED_FACE ( 'NONE', ( #1805 ), #1804, .T. ) ;
#17 = ORIENTED_EDGE ( 'NONE', *, *, #4101, .T. ) ;
#18 = EDGE_CURVE ( 'NONE', #6, #3, #1801, .T. ) ;
#19 = EDGE_CURVE ( 'NONE', #1987, #4231, #1792, .T. ) ;
#20 = ORIENTED_EDGE ( 'NONE', *, *, #144, .T. ) ;
#21 = ORIENTED_EDGE ( 'NONE', *, *, #33, .F. ) ;
#22 = EDGE_CURVE ( 'NONE', #42, #11, #1787, .T. ) ;
#23 = ORIENTED_EDGE ( 'NONE', *, *, #27, .T. ) ;
#24 = VERTEX_POINT ( 'NONE', #1800 ) ;
#25 = ADVANCED_FACE ( 'NONE', ( #1788 ), #1766, .F. ) ;
#26 = VERTEX_POINT ( 'NONE', #1783 ) ;
#27 = EDGE_CURVE ( 'NONE', #420, #3, #1841, .T. ) ;
#28 = ORIENTED_EDGE ( 'NONE', *, *, #192, .T. ) ;
#29 = ORIENTED_EDGE ( 'NONE', *, *, #18, .F. ) ;
#30 = ORIENTED_EDGE ( 'NONE', *, *, #146, .T. ) ;
#31 = EDGE_CURVE ( 'NONE', #1197, #3903, #1786, .T. ) ;
#32 = EDGE_CURVE ( 'NONE', #11, #165, #1833, .T. ) ;
#33 = EDGE_CURVE ( 'NONE', #15, #26, #1830, .T. ) ;
#34 = EDGE_CURVE ( 'NONE', #4231, #42, #1826, .T. ) ;
#35 = ORIENTED_EDGE ( 'NONE', *, *, #3882, .T. ) ;
#36 = EDGE_CURVE ( 'NONE', #283, #1703, #1818, .T. ) ;
#37 = ADVANCED_FACE ( 'NONE', ( #1834 ), #1343, .F. ) ;
#38 = EDGE_CURVE ( 'NONE', #4167, #42, #1836, .T. ) ;
#39 = ORIENTED_EDGE ( 'NONE', *, *, #34, .T. ) ;
#40 = ORIENTED_EDGE ( 'NONE', *, *, #34, .F. ) ;
#41 = ORIENTED_EDGE ( 'NONE', *, *, #4, .F. ) ;
#42 = VERTEX_POINT ( 'NONE', #1868 ) ;
#43 = ORIENTED_EDGE ( 'NONE', *, *, #289, .T. ) ;
#44 = ORIENTED_EDGE ( 'NONE', *, *, #36, .T. ) ;
#45 = ORIENTED_EDGE ( 'NONE', *, *, #232, .T. ) ;
#46 = ORIENTED_EDGE ( 'NONE', *, *, #238, .T. ) ;
#47 = EDGE_LOOP ( 'NONE', ( #88, #89, #81, #64 ) ) ;
#48 = ORIENTED_EDGE ( 'NONE', *, *, #934, .F. ) ;
#49 = ORIENTED_EDGE ( 'NONE', *, *, #681, .T. ) ;
#50 = ORIENTED_EDGE ( 'NONE', *, *, #157, .T. ) ;
#51 = ADVANCED_FACE ( 'NONE', ( #1869 ), #1866, .F. ) ;
#52 = CLOSED_SHELL ( 'NONE', ( #409, #237, #216, #280, #417, #302, #173, #195, #416, #211, #228, #576, #1767, #259, #1651, #4164, #4272, #37, #16, #25, #365, #61, #80, #95, #118, #99, #119 ) ) ;
#53 = ORIENTED_EDGE ( 'NONE', *, *, #972, .T. ) ;
#54 = ORIENTED_EDGE ( 'NONE', *, *, #2836, .T. ) ;
#55 = EDGE_LOOP ( 'NONE', ( #58, #67, #78, #62, #59, #69, #74, #77, #48, #72, #60, #73, #68, #66, #79, #85, #76, #83, #71, #90 ) ) ;
#56 = ORIENTED_EDGE ( 'NONE', *, *, #189, .T. ) ;
#57 = EDGE_LOOP ( 'NONE', ( #102, #70, #93, #94, #92 ) ) ;
#58 = ORIENTED_EDGE ( 'NONE', *, *, #236, .F. ) ;
#59 = ORIENTED_EDGE ( 'NONE', *, *, #4660, .F. ) ;
#60 = ORIENTED_EDGE ( 'NONE', *, *, #187, .F. ) ;
#61 = ADVANCED_FACE ( 'NONE', ( #1874 ), #1871, .F. ) ;
#62 = ORIENTED_EDGE ( 'NONE', *, *, #38, .F. ) ;
#63 = ORIENTED_EDGE ( 'NONE', *, *, #4, .T. ) ;
#64 = ORIENTED_EDGE ( 'NONE', *, *, #424, .T. ) ;
#65 = EDGE_CURVE ( 'NONE', #10, #234, #1873, .T. ) ;
#66 = ORIENTED_EDGE ( 'NONE', *, *, #185, .F. ) ;
#67 = ORIENTED_EDGE ( 'NONE', *, *, #32, .F. ) ;
#68 = ORIENTED_EDGE ( 'NONE', *, *, #200, .F. ) ;
#69 = ORIENTED_EDGE ( 'NONE', *, *, #1844, .F. ) ;
#70 = ORIENTED_EDGE ( 'NONE', *, *, #97, .T. ) ;
#71 = ORIENTED_EDGE ( 'NONE', *, *, #235, .F. ) ;
#72 = ORIENTED_EDGE ( 'NONE', *, *, #694, .F. ) ;
#73 = ORIENTED_EDGE ( 'NONE', *, *, #207, .F. ) ;
#74 = ORIENTED_EDGE ( 'NONE', *, *, #2658, .F. ) ;
#75 = ORIENTED_EDGE ( 'NONE', *, *, #5, .T. ) ;
#76 = ORIENTED_EDGE ( 'NONE', *, *, #412, .F. ) ;
#77 = ORIENTED_EDGE ( 'NONE', *, *, #1661, .F. ) ;
#78 = ORIENTED_EDGE ( 'NONE', *, *, #22, .F. ) ;
#79 = ORIENTED_EDGE ( 'NONE', *, *, #308, .F. ) ;
#80 = ADVANCED_FACE ( 'NONE', ( #1855 ), #1867, .F. ) ;
#81 = ORIENTED_EDGE ( 'NONE', *, *, #65, .T. ) ;
#82 = EDGE_CURVE ( 'NONE', #96, #241, #1904, .T. ) ;
#83 = ORIENTED_EDGE ( 'NONE', *, *, #266, .F. ) ;
#84 = EDGE_CURVE ( 'NONE', #3, #106, #1900, .T. ) ;
#85 = ORIENTED_EDGE ( 'NONE', *, *, #297, .F. ) ;
#86 = ORIENTED_EDGE ( 'NONE', *, *, #18, .T. ) ;
#87 = EDGE_CURVE ( 'NONE', #106, #287, #1850, .T. ) ;
#88 = ORIENTED_EDGE ( 'NONE', *, *, #725, .F. ) ;
#89 = ORIENTED_EDGE ( 'NONE', *, *, #146, .F. ) ;
#90 = ORIENTED_EDGE ( 'NONE', *, *, #155, .F. ) ;
#91 = EDGE_LOOP ( 'NONE', ( #101, #103, #108, #111 ) ) ;
#92 = ORIENTED_EDGE ( 'NONE', *, *, #65, .F. ) ;
#93 = ORIENTED_EDGE ( 'NONE', *, *, #82, .T. ) ;
#94 = ORIENTED_EDGE ( 'NONE', *, *, #428, .F. ) ;
#95 = ADVANCED_FACE ( 'NONE', ( #1895 ), #1893, .F. ) ;
#96 = VERTEX_POINT ( 'NONE', #1890 ) ;
#97 = EDGE_CURVE ( 'NONE', #6, #96, #1883, .T. ) ;
#98 = EDGE_LOOP ( 'NONE', ( #110, #100, #117, #113, #115 ) ) ;
#99 = ADVANCED_FACE ( 'NONE', ( #1902 ), #1860, .F. ) ;
#100 = ORIENTED_EDGE ( 'NONE', *, *, #84, .F. ) ;
#101 = ORIENTED_EDGE ( 'NONE', *, *, #87, .T. ) ;
#102 = ORIENTED_EDGE ( 'NONE', *, *, #144, .F. ) ;
#103 = ORIENTED_EDGE ( 'NONE', *, *, #431, .F. ) ;
#104 = ORIENTED_EDGE ( 'NONE', *, *, #84, .T. ) ;
#105 = VERTEX_POINT ( 'NONE', #1905 ) ;
#106 = VERTEX_POINT ( 'NONE', #1889 ) ;
#107 = VERTEX_POINT ( 'NONE', #1879 ) ;
#108 = ORIENTED_EDGE ( 'NONE', *, *, #82, .F. ) ;
#109 = EDGE_CURVE ( 'NONE', #96, #106, #1938, .T. ) ;
#110 = ORIENTED_EDGE ( 'NONE', *, *, #87, .F. ) ;
#111 = ORIENTED_EDGE ( 'NONE', *, *, #109, .T. ) ;
#112 = EDGE_LOOP ( 'NONE', ( #104, #124, #122, #86 ) ) ;
#113 = ORIENTED_EDGE ( 'NONE', *, *, #272, .F. ) ;
#114 = VERTEX_POINT ( 'NONE', #1876 ) ;
#115 = ORIENTED_EDGE ( 'NONE', *, *, #426, .F. ) ;
#116 = EDGE_LOOP ( 'NONE', ( #126, #512, #514, #516 ) ) ;
#117 = ORIENTED_EDGE ( 'NONE', *, *, #27, .F. ) ;
#118 = ADVANCED_FACE ( 'NONE', ( #1885 ), #1933, .F. ) ;
#119 = ADVANCED_FACE ( 'NONE', ( #1878 ), #1935, .F. ) ;
#120 = EDGE_LOOP ( 'NONE', ( #127, #536, #535, #637, #757, #750, #860, #736, #907, #880, #476, #981 ) ) ;
#121 = ORIENTED_EDGE ( 'NONE', *, *, #137, .F. ) ;
#122 = ORIENTED_EDGE ( 'NONE', *, *, #97, .F. ) ;
#123 = EDGE_CURVE ( 'NONE', #105, #114, #1875, .T. ) ;
#124 = ORIENTED_EDGE ( 'NONE', *, *, #109, .F. ) ;
#125 = EDGE_LOOP ( 'NONE', ( #121, #134, #132, #466 ) ) ;
#126 = ORIENTED_EDGE ( 'NONE', *, *, #574, .T. ) ;
#127 = ORIENTED_EDGE ( 'NONE', *, *, #1198, .T. ) ;
#128 = EDGE_LOOP ( 'NONE', ( #691, #735, #741, #739 ) ) ;
#129 = EDGE_CURVE ( 'NONE', #114, #131, #1912, .T. ) ;
#130 = ORIENTED_EDGE ( 'NONE', *, *, #468, .T. ) ;
#131 = VERTEX_POINT ( 'NONE', #1914 ) ;
#132 = ORIENTED_EDGE ( 'NONE', *, *, #129, .T. ) ;
#133 = EDGE_CURVE ( 'NONE', #1263, #4662, #1919, .T. ) ;
#134 = ORIENTED_EDGE ( 'NONE', *, *, #123, .T. ) ;
#135 = ADVANCED_FACE ( 'NONE', ( #1924 ), #1969, .T. ) ;
#136 = ORIENTED_EDGE ( 'NONE', *, *, #918, .F. ) ;
#137 = EDGE_CURVE ( 'NONE', #105, #107, #1967, .T. ) ;
#138 = EDGE_LOOP ( 'NONE', ( #445, #444, #461, #460 ) ) ;
#139 = ORIENTED_EDGE ( 'NONE', *, *, #459, .T. ) ;
#140 = ORIENTED_EDGE ( 'NONE', *, *, #474, .F. ) ;
#141 = EDGE_CURVE ( 'NONE', #143, #467, #1908, .T. ) ;
#142 = MANIFOLD_SOLID_BREP ( '填料-伸長4[2]', #510 ) ;
#143 = VERTEX_POINT ( 'NONE', #1958 ) ;
#144 = EDGE_CURVE ( 'NONE', #6, #10, #1954, .T. ) ;
#145 = ORIENTED_EDGE ( 'NONE', *, *, #19, .T. ) ;
#146 = EDGE_CURVE ( 'NONE', #10, #26, #1950, .T. ) ;
#147 = ORIENTED_EDGE ( 'NONE', *, *, #7, .T. ) ;
#148 = ORIENTED_EDGE ( 'NONE', *, *, #4267, .T. ) ;
#149 = CARTESIAN_POINT ( 'NONE',  ( -0.7901923788647049500, -0.1999999999999921600, 0.0000000000000000000 ) ) ;
#150 = VERTEX_POINT ( 'NONE', #1961 ) ;
#151 = EDGE_CURVE ( 'NONE', #253, #410, #1965, .T. ) ;
#152 = ORIENTED_EDGE ( 'NONE', *, *, #151, .F. ) ;
#153 = DIRECTION ( 'NONE',  ( -0.0000000000000000000, -0.0000000000000000000, 1.000000000000000000 ) ) ;
#154 = VERTEX_POINT ( 'NONE', #1942 ) ;
#155 = EDGE_CURVE ( 'NONE', #410, #181, #1946, .T. ) ;
#156 = ORIENTED_EDGE ( 'NONE', *, *, #359, .F. ) ;
#157 = EDGE_CURVE ( 'NONE', #176, #160, #1994, .T. ) ;
#158 = ORIENTED_EDGE ( 'NONE', *, *, #261, .T. ) ;
#159 = ORIENTED_EDGE ( 'NONE', *, *, #295, .F. ) ;
#160 = VERTEX_POINT ( 'NONE', #1955 ) ;
#161 = ORIENTED_EDGE ( 'NONE', *, *, #175, .T. ) ;
#162 = ORIENTED_EDGE ( 'NONE', *, *, #373, .F. ) ;
#163 = EDGE_LOOP ( 'NONE', ( #267, #270, #421, #275, #178, #182, #278, #250 ) ) ;
#164 = ORIENTED_EDGE ( 'NONE', *, *, #318, .F. ) ;
#165 = VERTEX_POINT ( 'NONE', #1951 ) ;
#166 = VERTEX_POINT ( 'NONE', #1990 ) ;
#167 = EDGE_CURVE ( 'NONE', #420, #165, #1995, .T. ) ;
#168 = EDGE_LOOP ( 'NONE', ( #172, #184, #405, #161 ) ) ;
#169 = ORIENTED_EDGE ( 'NONE', *, *, #296, .T. ) ;
#170 = ORIENTED_EDGE ( 'NONE', *, *, #308, .T. ) ;
#171 = EDGE_LOOP ( 'NONE', ( #170, #174, #312, #169 ) ) ;
#172 = ORIENTED_EDGE ( 'NONE', *, *, #185, .T. ) ;
#173 = ADVANCED_FACE ( 'NONE', ( #1989 ), #1996, .F. ) ;
#174 = ORIENTED_EDGE ( 'NONE', *, *, #175, .F. ) ;
#175 = EDGE_CURVE ( 'NONE', #176, #301, #1983, .T. ) ;
#176 = VERTEX_POINT ( 'NONE', #1945 ) ;
#177 = EDGE_CURVE ( 'NONE', #304, #176, #1974, .T. ) ;
#178 = ORIENTED_EDGE ( 'NONE', *, *, #398, .T. ) ;
#179 = ORIENTED_EDGE ( 'NONE', *, *, #1238, .F. ) ;
#180 = ORIENTED_EDGE ( 'NONE', *, *, #380, .F. ) ;
#181 = VERTEX_POINT ( 'NONE', #1984 ) ;
#182 = ORIENTED_EDGE ( 'NONE', *, *, #385, .T. ) ;
#183 = ORIENTED_EDGE ( 'NONE', *, *, #324, .F. ) ;
#184 = ORIENTED_EDGE ( 'NONE', *, *, #203, .F. ) ;
#185 = EDGE_CURVE ( 'NONE', #301, #188, #2030, .T. ) ;
#186 = ORIENTED_EDGE ( 'NONE', *, *, #244, .F. ) ;
#187 = EDGE_CURVE ( 'NONE', #190, #215, #2025, .T. ) ;
#188 = VERTEX_POINT ( 'NONE', #1997 ) ;
#189 = EDGE_CURVE ( 'NONE', #160, #201, #2019, .T. ) ;
#190 = VERTEX_POINT ( 'NONE', #2020 ) ;
#191 = ORIENTED_EDGE ( 'NONE', *, *, #199, .F. ) ;
#192 = EDGE_CURVE ( 'NONE', #227, #305, #2026, .T. ) ;
#193 = EDGE_CURVE ( 'NONE', #676, #407, #2012, .T. ) ;
#194 = ORIENTED_EDGE ( 'NONE', *, *, #200, .T. ) ;
#195 = ADVANCED_FACE ( 'NONE', ( #2031 ), #2021, .F. ) ;
#196 = VERTEX_POINT ( 'NONE', #2005 ) ;
#197 = ORIENTED_EDGE ( 'NONE', *, *, #207, .T. ) ;
#198 = ORIENTED_EDGE ( 'NONE', *, *, #244, .T. ) ;
#199 = EDGE_CURVE ( 'NONE', #201, #196, #2066, .T. ) ;
#200 = EDGE_CURVE ( 'NONE', #188, #196, #2062, .T. ) ;
#201 = VERTEX_POINT ( 'NONE', #2008 ) ;
#202 = EDGE_LOOP ( 'NONE', ( #978, #4664, #982, #4666 ) ) ;
#203 = EDGE_CURVE ( 'NONE', #160, #188, #2054, .T. ) ;
#204 = ORIENTED_EDGE ( 'NONE', *, *, #414, .F. ) ;
#205 = VERTEX_POINT ( 'NONE', #2055 ) ;
#206 = ORIENTED_EDGE ( 'NONE', *, *, #199, .T. ) ;
#207 = EDGE_CURVE ( 'NONE', #196, #190, #2056, .T. ) ;
#208 = ORIENTED_EDGE ( 'NONE', *, *, #203, .T. ) ;
#209 = ORIENTED_EDGE ( 'NONE', *, *, #238, .F. ) ;
#210 = ORIENTED_EDGE ( 'NONE', *, *, #189, .F. ) ;
#211 = ADVANCED_FACE ( 'NONE', ( #2058 ), #2051, .F. ) ;
#212 = EDGE_LOOP ( 'NONE', ( #197, #186, #209, #206 ) ) ;
#213 = ORIENTED_EDGE ( 'NONE', *, *, #217, .F. ) ;
#214 = ADVANCED_FACE ( 'NONE', ( #2001 ), #2045, .F. ) ;
#215 = VERTEX_POINT ( 'NONE', #2043 ) ;
#216 = ADVANCED_FACE ( 'NONE', ( #2033 ), #2038, .T. ) ;
#217 = EDGE_CURVE ( 'NONE', #221, #150, #2099, .T. ) ;
#218 = DIRECTION ( 'NONE',  ( -1.000000000000000000, 0.0000000000000000000, 0.0000000000000000000 ) ) ;
#219 = CLOSED_SHELL ( 'NONE', ( #364, #360, #330, #401, #337, #399, #389, #369, #423, #214 ) ) ;
#220 = VERTEX_POINT ( 'NONE', #2095 ) ;
#221 = VERTEX_POINT ( 'NONE', #2094 ) ;
#222 = CARTESIAN_POINT ( 'NONE',  ( -0.8563508326896408500, 0.2999999999999930500, 0.0000000000000000000 ) ) ;
#223 = ORIENTED_EDGE ( 'NONE', *, *, #235, .T. ) ;
#224 = ORIENTED_EDGE ( 'NONE', *, *, #426, .T. ) ;
#225 = ORIENTED_EDGE ( 'NONE', *, *, #412, .T. ) ;
#226 = EDGE_LOOP ( 'NONE', ( #194, #191, #210, #208 ) ) ;
#227 = VERTEX_POINT ( 'NONE', #2098 ) ;
#228 = ADVANCED_FACE ( 'NONE', ( #2100 ), #2093, .F. ) ;
#229 = ORIENTED_EDGE ( 'NONE', *, *, #431, .T. ) ;
#230 = ORIENTED_EDGE ( 'NONE', *, *, #232, .F. ) ;
#231 = ORIENTED_EDGE ( 'NONE', *, *, #243, .F. ) ;
#232 = EDGE_CURVE ( 'NONE', #246, #220, #2089, .T. ) ;
#233 = ORIENTED_EDGE ( 'NONE', *, *, #155, .T. ) ;
#234 = VERTEX_POINT ( 'NONE', #2087 ) ;
#235 = EDGE_CURVE ( 'NONE', #181, #150, #2088, .T. ) ;
#236 = EDGE_CURVE ( 'NONE', #165, #410, #2090, .T. ) ;
#237 = ADVANCED_FACE ( 'NONE', ( #2126 ), #2124, .F. ) ;
#238 = EDGE_CURVE ( 'NONE', #201, #246, #2119, .T. ) ;
#239 = ORIENTED_EDGE ( 'NONE', *, *, #300, .F. ) ;
#240 = DIRECTION ( 'NONE',  ( 1.000000000000000000, 0.0000000000000000000, 0.0000000000000000000 ) ) ;
#241 = VERTEX_POINT ( 'NONE', #2120 ) ;
#242 = EDGE_LOOP ( 'NONE', ( #245, #231, #230, #198 ) ) ;
#243 = EDGE_CURVE ( 'NONE', #220, #215, #2111, .T. ) ;
#244 = EDGE_CURVE ( 'NONE', #246, #190, #2105, .T. ) ;
#245 = ORIENTED_EDGE ( 'NONE', *, *, #187, .T. ) ;
#246 = VERTEX_POINT ( 'NONE', #2109 ) ;
#247 = EDGE_LOOP ( 'NONE', ( #288, #2875, #2335, #2050 ) ) ;
#248 = ORIENTED_EDGE ( 'NONE', *, *, #236, .T. ) ;
#249 = CARTESIAN_POINT ( 'NONE',  ( 0.3501042119171416400, 0.2538729572026881000, -0.02000000000000000000 ) ) ;
#250 = ORIENTED_EDGE ( 'NONE', *, *, #435, .T. ) ;
#251 = EDGE_LOOP ( 'NONE', ( #164, #419, #162, #180, #418, #271, #183, #156 ) ) ;
#252 = DIRECTION ( 'NONE',  ( -0.0000000000000000000, -0.0000000000000000000, 1.000000000000000000 ) ) ;
#253 = VERTEX_POINT ( 'NONE', #2121 ) ;
#254 = DIRECTION ( 'NONE',  ( -1.000000000000000000, 0.0000000000000000000, 0.0000000000000000000 ) ) ;
#255 = ORIENTED_EDGE ( 'NONE', *, *, #167, .T. ) ;
#256 = DIRECTION ( 'NONE',  ( -1.000000000000000000, -1.864981885717563700E-014, 0.0000000000000000000 ) ) ;
#257 = ORIENTED_EDGE ( 'NONE', *, *, #266, .T. ) ;
#258 = ORIENTED_EDGE ( 'NONE', *, *, #264, .T. ) ;
#259 = ADVANCED_FACE ( 'NONE', ( #2114 ), #2101, .F. ) ;
#260 = ORIENTED_EDGE ( 'NONE', *, *, #264, .F. ) ;
#261 = EDGE_CURVE ( 'NONE', #221, #227, #2161, .T. ) ;
#262 = CARTESIAN_POINT ( 'NONE',  ( 1.050000000000029600, -0.3499999999999896500, -0.02000000000000000000 ) ) ;
#263 = ORIENTED_EDGE ( 'NONE', *, *, #265, .F. ) ;
#264 = EDGE_CURVE ( 'NONE', #166, #221, #2117, .T. ) ;
#265 = EDGE_CURVE ( 'NONE', #227, #268, #2157, .T. ) ;
#266 = EDGE_CURVE ( 'NONE', #150, #268, #2138, .T. ) ;
#267 = ORIENTED_EDGE ( 'NONE', *, *, #368, .T. ) ;
#268 = VERTEX_POINT ( 'NONE', #2140 ) ;
#269 = DIRECTION ( 'NONE',  ( -0.0000000000000000000, -0.0000000000000000000, 1.000000000000000000 ) ) ;
#270 = ORIENTED_EDGE ( 'NONE', *, *, #327, .T. ) ;
#271 = ORIENTED_EDGE ( 'NONE', *, *, #345, .F. ) ;
#272 = EDGE_CURVE ( 'NONE', #253, #420, #2134, .T. ) ;
#273 = EDGE_LOOP ( 'NONE', ( #225, #204, #307, #309 ) ) ;
#274 = VERTEX_POINT ( 'NONE', #2156 ) ;
#275 = ORIENTED_EDGE ( 'NONE', *, *, #393, .T. ) ;
#276 = ORIENTED_EDGE ( 'NONE', *, *, #650, .T. ) ;
#277 = ORIENTED_EDGE ( 'NONE', *, *, #300, .T. ) ;
#278 = ORIENTED_EDGE ( 'NONE', *, *, #433, .T. ) ;
#279 = DIRECTION ( 'NONE',  ( 1.000000000000000000, 0.0000000000000000000, 0.0000000000000000000 ) ) ;
#280 = ADVANCED_FACE ( 'NONE', ( #2141 ), #2127, .F. ) ;
#281 = DIRECTION ( 'NONE',  ( 1.000000000000000000, 0.0000000000000000000, 0.0000000000000000000 ) ) ;
#282 = ORIENTED_EDGE ( 'NONE', *, *, #286, .F. ) ;
#283 = VERTEX_POINT ( 'NONE', #2128 ) ;
#284 = EDGE_LOOP ( 'NONE', ( #257, #263, #413, #415 ) ) ;
#285 = CARTESIAN_POINT ( 'NONE',  ( 0.4501042119171643200, -0.07499999999998863100, 0.0000000000000000000 ) ) ;
#286 = EDGE_CURVE ( 'NONE', #154, #166, #2192, .T. ) ;
#287 = VERTEX_POINT ( 'NONE', #2132 ) ;
#288 = ORIENTED_EDGE ( 'NONE', *, *, #1661, .T. ) ;
#289 = EDGE_CURVE ( 'NONE', #689, #944, #2186, .T. ) ;
#290 = VERTEX_POINT ( 'NONE', #2188 ) ;
#291 = VERTEX_POINT ( 'NONE', #2189 ) ;
#292 = ORIENTED_EDGE ( 'NONE', *, *, #2658, .T. ) ;
#293 = ORIENTED_EDGE ( 'NONE', *, *, #414, .T. ) ;
#294 = ORIENTED_EDGE ( 'NONE', *, *, #297, .T. ) ;
#295 = EDGE_CURVE ( 'NONE', #305, #304, #2182, .T. ) ;
#296 = EDGE_CURVE ( 'NONE', #304, #310, #2179, .T. ) ;
#297 = EDGE_CURVE ( 'NONE', #205, #310, #2173, .T. ) ;
#298 = CARTESIAN_POINT ( 'NONE',  ( -0.5999999999999089400, 4.263700435795559300E-014, 0.5100000000000000100 ) ) ;
#299 = EDGE_LOOP ( 'NONE', ( #294, #306, #159, #293 ) ) ;
#300 = EDGE_CURVE ( 'NONE', #166, #181, #2168, .T. ) ;
#301 = VERTEX_POINT ( 'NONE', #2178 ) ;
#302 = ADVANCED_FACE ( 'NONE', ( #2177 ), #2169, .F. ) ;
#303 = DIRECTION ( 'NONE',  ( -0.0000000000000000000, -0.0000000000000000000, 1.000000000000000000 ) ) ;
#304 = VERTEX_POINT ( 'NONE', #2225 ) ;
#305 = VERTEX_POINT ( 'NONE', #2131 ) ;
#306 = ORIENTED_EDGE ( 'NONE', *, *, #296, .F. ) ;
#307 = ORIENTED_EDGE ( 'NONE', *, *, #192, .F. ) ;
#308 = EDGE_CURVE ( 'NONE', #310, #301, #2218, .T. ) ;
#309 = ORIENTED_EDGE ( 'NONE', *, *, #265, .T. ) ;
#310 = VERTEX_POINT ( 'NONE', #2164 ) ;
#311 = EDGE_LOOP ( 'NONE', ( #379, #384, #383, #382 ) ) ;
#312 = ORIENTED_EDGE ( 'NONE', *, *, #177, .F. ) ;
#313 = EDGE_LOOP ( 'NONE', ( #464, #502, #505, #503, #509, #452, #491, #508 ) ) ;
#314 = ORIENTED_EDGE ( 'NONE', *, *, #363, .F. ) ;
#315 = EDGE_CURVE ( 'NONE', #349, #354, #2224, .T. ) ;
#316 = VERTEX_POINT ( 'NONE', #2220 ) ;
#317 = EDGE_LOOP ( 'NONE', ( #361, #314, #328, #326 ) ) ;
#318 = EDGE_CURVE ( 'NONE', #354, #355, #2221, .T. ) ;
#319 = ORIENTED_EDGE ( 'NONE', *, *, #324, .T. ) ;
#320 = EDGE_CURVE ( 'NONE', #321, #323, #2200, .T. ) ;
#321 = VERTEX_POINT ( 'NONE', #2208 ) ;
#322 = ORIENTED_EDGE ( 'NONE', *, *, #320, .F. ) ;
#323 = VERTEX_POINT ( 'NONE', #2205 ) ;
#324 = EDGE_CURVE ( 'NONE', #316, #323, #2256, .T. ) ;
#325 = ORIENTED_EDGE ( 'NONE', *, *, #341, .F. ) ;
#326 = ORIENTED_EDGE ( 'NONE', *, *, #350, .T. ) ;
#327 = EDGE_CURVE ( 'NONE', #348, #329, #2248, .T. ) ;
#328 = ORIENTED_EDGE ( 'NONE', *, *, #327, .F. ) ;
#329 = VERTEX_POINT ( 'NONE', #2245 ) ;
#330 = ADVANCED_FACE ( 'NONE', ( #2250 ), #2257, .F. ) ;
#331 = EDGE_LOOP ( 'NONE', ( #319, #322, #325, #403 ) ) ;
#332 = ORIENTED_EDGE ( 'NONE', *, *, #295, .T. ) ;
#333 = MANIFOLD_SOLID_BREP ( '填料-伸長1', #219 ) ;
#334 = MANIFOLD_SOLID_BREP ( '填料-伸長4[1]', #52 ) ;
#335 = ORIENTED_EDGE ( 'NONE', *, *, #397, .T. ) ;
#336 = ORIENTED_EDGE ( 'NONE', *, *, #344, .T. ) ;
#337 = ADVANCED_FACE ( 'NONE', ( #2219 ), #2252, .F. ) ;
#338 = EDGE_LOOP ( 'NONE', ( #335, #339, #347, #336 ) ) ;
#339 = ORIENTED_EDGE ( 'NONE', *, *, #340, .F. ) ;
#340 = EDGE_CURVE ( 'NONE', #396, #394, #2236, .T. ) ;
#341 = EDGE_CURVE ( 'NONE', #329, #321, #2226, .T. ) ;
#342 = ORIENTED_EDGE ( 'NONE', *, *, #345, .T. ) ;
#343 = VERTEX_POINT ( 'NONE', #2244 ) ;
#344 = EDGE_CURVE ( 'NONE', #346, #343, #2230, .T. ) ;
#345 = EDGE_CURVE ( 'NONE', #323, #343, #2285, .T. ) ;
#346 = VERTEX_POINT ( 'NONE', #2291 ) ;
#347 = ORIENTED_EDGE ( 'NONE', *, *, #398, .F. ) ;
#348 = VERTEX_POINT ( 'NONE', #2286 ) ;
#349 = VERTEX_POINT ( 'NONE', #2281 ) ;
#350 = EDGE_CURVE ( 'NONE', #348, #355, #2280, .T. ) ;
#351 = ORIENTED_EDGE ( 'NONE', *, *, #315, .T. ) ;
#352 = ORIENTED_EDGE ( 'NONE', *, *, #193, .F. ) ;
#353 = ADVANCED_FACE ( 'NONE', ( #2231 ), #2235, .F. ) ;
#354 = VERTEX_POINT ( 'NONE', #2276 ) ;
#355 = VERTEX_POINT ( 'NONE', #2267 ) ;
#356 = ORIENTED_EDGE ( 'NONE', *, *, #318, .T. ) ;
#357 = EDGE_LOOP ( 'NONE', ( #362, #437, #372, #258, #158, #28, #332, #825, #50, #56, #46, #45, #49, #43, #54, #148, #44, #63, #145, #75 ) ) ;
#358 = EDGE_LOOP ( 'NONE', ( #356, #367, #366, #351 ) ) ;
#359 = EDGE_CURVE ( 'NONE', #355, #316, #2262, .T. ) ;
#360 = ADVANCED_FACE ( 'NONE', ( #2265 ), #2271, .F. ) ;
#361 = ORIENTED_EDGE ( 'NONE', *, *, #359, .T. ) ;
#362 = ORIENTED_EDGE ( 'NONE', *, *, #33, .T. ) ;
#363 = EDGE_CURVE ( 'NONE', #329, #316, #2317, .T. ) ;
#364 = ADVANCED_FACE ( 'NONE', ( #2318 ), #2258, .F. ) ;
#365 = ADVANCED_FACE ( 'NONE', ( #2312 ), #2319, .T. ) ;
#366 = ORIENTED_EDGE ( 'NONE', *, *, #368, .F. ) ;
#367 = ORIENTED_EDGE ( 'NONE', *, *, #350, .F. ) ;
#368 = EDGE_CURVE ( 'NONE', #349, #348, #2307, .T. ) ;
#369 = ADVANCED_FACE ( 'NONE', ( #2298 ), #2275, .F. ) ;
#370 = ORIENTED_EDGE ( 'NONE', *, *, #391, .T. ) ;
#371 = ORIENTED_EDGE ( 'NONE', *, *, #435, .F. ) ;
#372 = ORIENTED_EDGE ( 'NONE', *, *, #286, .T. ) ;
#373 = EDGE_CURVE ( 'NONE', #377, #386, #2305, .T. ) ;
#374 = EDGE_LOOP ( 'NONE', ( #370, #434, #371, #404 ) ) ;
#375 = VERTEX_POINT ( 'NONE', #2304 ) ;
#376 = VERTEX_POINT ( 'NONE', #2306 ) ;
#377 = VERTEX_POINT ( 'NONE', #2352 ) ;
#378 = EDGE_LOOP ( 'NONE', ( #388, #432, #390, #436 ) ) ;
#379 = ORIENTED_EDGE ( 'NONE', *, *, #380, .T. ) ;
#380 = EDGE_CURVE ( 'NONE', #394, #377, #2346, .T. ) ;
#381 = EDGE_CURVE ( 'NONE', #376, #377, #2343, .T. ) ;
#382 = ORIENTED_EDGE ( 'NONE', *, *, #340, .T. ) ;
#383 = ORIENTED_EDGE ( 'NONE', *, *, #385, .F. ) ;
#384 = ORIENTED_EDGE ( 'NONE', *, *, #381, .F. ) ;
#385 = EDGE_CURVE ( 'NONE', #396, #376, #2297, .T. ) ;
#386 = VERTEX_POINT ( 'NONE', #2340 ) ;
#387 = EDGE_CURVE ( 'NONE', #375, #386, #2333, .T. ) ;
#388 = ORIENTED_EDGE ( 'NONE', *, *, #373, .T. ) ;
#389 = ADVANCED_FACE ( 'NONE', ( #2336 ), #2334, .F. ) ;
#390 = ORIENTED_EDGE ( 'NONE', *, *, #433, .F. ) ;
#391 = EDGE_CURVE ( 'NONE', #386, #354, #1344, .T. ) ;
#392 = ORIENTED_EDGE ( 'NONE', *, *, #344, .F. ) ;
#393 = EDGE_CURVE ( 'NONE', #321, #346, #2325, .T. ) ;
#394 = VERTEX_POINT ( 'NONE', #2086 ) ;
#395 = ORIENTED_EDGE ( 'NONE', *, *, #393, .F. ) ;
#396 = VERTEX_POINT ( 'NONE', #2074 ) ;
#397 = EDGE_CURVE ( 'NONE', #343, #394, #2067, .T. ) ;
#398 = EDGE_CURVE ( 'NONE', #346, #396, #2378, .T. ) ;
#399 = ADVANCED_FACE ( 'NONE', ( #2383 ), #2370, .F. ) ;
#400 = ORIENTED_EDGE ( 'NONE', *, *, #320, .T. ) ;
#401 = ADVANCED_FACE ( 'NONE', ( #2386 ), #2385, .F. ) ;
#402 = EDGE_LOOP ( 'NONE', ( #342, #392, #395, #400 ) ) ;
#403 = ORIENTED_EDGE ( 'NONE', *, *, #363, .T. ) ;
#404 = ORIENTED_EDGE ( 'NONE', *, *, #387, .T. ) ;
#405 = ORIENTED_EDGE ( 'NONE', *, *, #157, .F. ) ;
#406 = ADVANCED_FACE ( 'NONE', ( #2365 ), #2380, .F. ) ;
#407 = VERTEX_POINT ( 'NONE', #2382 ) ;
#408 = EDGE_LOOP ( 'NONE', ( #233, #239, #282, #427, #430, #229, #224, #429 ) ) ;
#409 = ADVANCED_FACE ( 'NONE', ( #2384 ), #2379, .T. ) ;
#410 = VERTEX_POINT ( 'NONE', #2412 ) ;
#411 = ORIENTED_EDGE ( 'NONE', *, *, #272, .T. ) ;
#412 = EDGE_CURVE ( 'NONE', #268, #205, #2410, .T. ) ;
#413 = ORIENTED_EDGE ( 'NONE', *, *, #261, .F. ) ;
#414 = EDGE_CURVE ( 'NONE', #305, #205, #2405, .T. ) ;
#415 = ORIENTED_EDGE ( 'NONE', *, *, #217, .T. ) ;
#416 = ADVANCED_FACE ( 'NONE', ( #2407 ), #2381, .F. ) ;
#417 = ADVANCED_FACE ( 'NONE', ( #2400 ), #2411, .F. ) ;
#418 = ORIENTED_EDGE ( 'NONE', *, *, #397, .F. ) ;
#419 = ORIENTED_EDGE ( 'NONE', *, *, #391, .F. ) ;
#420 = VERTEX_POINT ( 'NONE', #2406 ) ;
#421 = ORIENTED_EDGE ( 'NONE', *, *, #341, .T. ) ;
#422 = EDGE_LOOP ( 'NONE', ( #152, #411, #255, #248 ) ) ;
#423 = ADVANCED_FACE ( 'NONE', ( #2394 ), #2388, .T. ) ;
#424 = EDGE_CURVE ( 'NONE', #234, #154, #2441, .T. ) ;
#425 = EDGE_LOOP ( 'NONE', ( #223, #213, #260, #277 ) ) ;
#426 = EDGE_CURVE ( 'NONE', #287, #253, #2438, .T. ) ;
#427 = ORIENTED_EDGE ( 'NONE', *, *, #424, .F. ) ;
#428 = EDGE_CURVE ( 'NONE', #234, #241, #2434, .T. ) ;
#429 = ORIENTED_EDGE ( 'NONE', *, *, #151, .T. ) ;
#430 = ORIENTED_EDGE ( 'NONE', *, *, #428, .T. ) ;
#431 = EDGE_CURVE ( 'NONE', #241, #287, #2390, .T. ) ;
#432 = ORIENTED_EDGE ( 'NONE', *, *, #387, .F. ) ;
#433 = EDGE_CURVE ( 'NONE', #376, #375, #2435, .T. ) ;
#434 = ORIENTED_EDGE ( 'NONE', *, *, #315, .F. ) ;
#435 = EDGE_CURVE ( 'NONE', #375, #349, #2436, .T. ) ;
#436 = ORIENTED_EDGE ( 'NONE', *, *, #381, .T. ) ;
#437 = ORIENTED_EDGE ( 'NONE', *, *, #725, .T. ) ;
#438 = EDGE_CURVE ( 'NONE', #507, #501, #2417, .T. ) ;
#439 = EDGE_CURVE ( 'NONE', #449, #507, #2473, .T. ) ;
#440 = EDGE_LOOP ( 'NONE', ( #497, #490, #477, #499 ) ) ;
#441 = VERTEX_POINT ( 'NONE', #2422 ) ;
#442 = ADVANCED_FACE ( 'NONE', ( #2468 ), #2466, .T. ) ;
#443 = VERTEX_POINT ( 'NONE', #2418 ) ;
#444 = ORIENTED_EDGE ( 'NONE', *, *, #446, .F. ) ;
#445 = ORIENTED_EDGE ( 'NONE', *, *, #462, .T. ) ;
#446 = EDGE_CURVE ( 'NONE', #441, #443, #2461, .T. ) ;
#447 = EDGE_CURVE ( 'NONE', #467, #441, #2456, .T. ) ;
#448 = EDGE_CURVE ( 'NONE', #443, #131, #2457, .T. ) ;
#449 = VERTEX_POINT ( 'NONE', #2458 ) ;
#450 = ORIENTED_EDGE ( 'NONE', *, *, #469, .F. ) ;
#451 = EDGE_CURVE ( 'NONE', #114, #504, #2448, .T. ) ;
#452 = ORIENTED_EDGE ( 'NONE', *, *, #438, .T. ) ;
#453 = EDGE_CURVE ( 'NONE', #472, #143, #2508, .T. ) ;
#454 = ORIENTED_EDGE ( 'NONE', *, *, #465, .T. ) ;
#455 = VERTEX_POINT ( 'NONE', #2504 ) ;
#456 = ORIENTED_EDGE ( 'NONE', *, *, #453, .F. ) ;
#457 = EDGE_CURVE ( 'NONE', #472, #470, #2444, .T. ) ;
#458 = ORIENTED_EDGE ( 'NONE', *, *, #457, .T. ) ;
#459 = EDGE_CURVE ( 'NONE', #470, #455, #2497, .T. ) ;
#460 = ORIENTED_EDGE ( 'NONE', *, *, #474, .T. ) ;
#461 = ORIENTED_EDGE ( 'NONE', *, *, #447, .F. ) ;
#462 = EDGE_CURVE ( 'NONE', #4661, #443, #2491, .T. ) ;
#463 = ORIENTED_EDGE ( 'NONE', *, *, #137, .T. ) ;
#464 = ORIENTED_EDGE ( 'NONE', *, *, #448, .T. ) ;
#465 = EDGE_CURVE ( 'NONE', #455, #105, #2487, .T. ) ;
#466 = ORIENTED_EDGE ( 'NONE', *, *, #469, .T. ) ;
#467 = VERTEX_POINT ( 'NONE', #2486 ) ;
#468 = EDGE_CURVE ( 'NONE', #107, #4661, #2477, .T. ) ;
#469 = EDGE_CURVE ( 'NONE', #131, #107, #2481, .T. ) ;
#470 = VERTEX_POINT ( 'NONE', #2449 ) ;
#471 = ORIENTED_EDGE ( 'NONE', *, *, #141, .F. ) ;
#472 = VERTEX_POINT ( 'NONE', #2540 ) ;
#473 = EDGE_LOOP ( 'NONE', ( #130, #140, #471, #456, #458, #139, #454, #463 ) ) ;
#474 = EDGE_CURVE ( 'NONE', #467, #4661, #2538, .T. ) ;
#475 = EDGE_CURVE ( 'NONE', #540, #470, #2531, .T. ) ;
#476 = ORIENTED_EDGE ( 'NONE', *, *, #1318, .T. ) ;
#477 = ORIENTED_EDGE ( 'NONE', *, *, #141, .T. ) ;
#478 = ORIENTED_EDGE ( 'NONE', *, *, #438, .F. ) ;
#479 = ORIENTED_EDGE ( 'NONE', *, *, #495, .F. ) ;
#480 = ORIENTED_EDGE ( 'NONE', *, *, #448, .F. ) ;
#481 = ADVANCED_FACE ( 'NONE', ( #2539 ), #2479, .F. ) ;
#482 = ORIENTED_EDGE ( 'NONE', *, *, #462, .F. ) ;
#483 = ORIENTED_EDGE ( 'NONE', *, *, #439, .F. ) ;
#484 = ORIENTED_EDGE ( 'NONE', *, *, #468, .F. ) ;
#485 = EDGE_CURVE ( 'NONE', #449, #540, #2519, .T. ) ;
#486 = ADVANCED_FACE ( 'NONE', ( #2522 ), #2523, .F. ) ;
#487 = EDGE_LOOP ( 'NONE', ( #483, #544, #498, #542, #527 ) ) ;
#488 = EDGE_LOOP ( 'NONE', ( #479, #478, #539, #492 ) ) ;
#489 = EDGE_CURVE ( 'NONE', #441, #501, #2510, .T. ) ;
#490 = ORIENTED_EDGE ( 'NONE', *, *, #495, .T. ) ;
#491 = ORIENTED_EDGE ( 'NONE', *, *, #489, .F. ) ;
#492 = ORIENTED_EDGE ( 'NONE', *, *, #453, .T. ) ;
#493 = EDGE_CURVE ( 'NONE', #507, #472, #2511, .T. ) ;
#494 = ADVANCED_FACE ( 'NONE', ( #2569 ), #2515, .T. ) ;
#495 = EDGE_CURVE ( 'NONE', #501, #143, #2563, .T. ) ;
#496 = EDGE_LOOP ( 'NONE', ( #450, #480, #482, #484 ) ) ;
#497 = ORIENTED_EDGE ( 'NONE', *, *, #489, .T. ) ;
#498 = ORIENTED_EDGE ( 'NONE', *, *, #475, .T. ) ;
#499 = ORIENTED_EDGE ( 'NONE', *, *, #447, .T. ) ;
#500 = ADVANCED_FACE ( 'NONE', ( #2564 ), #2568, .F. ) ;
#501 = VERTEX_POINT ( 'NONE', #2571 ) ;
#502 = ORIENTED_EDGE ( 'NONE', *, *, #129, .F. ) ;
#503 = ORIENTED_EDGE ( 'NONE', *, *, #506, .F. ) ;
#504 = VERTEX_POINT ( 'NONE', #2555 ) ;
#505 = ORIENTED_EDGE ( 'NONE', *, *, #451, .T. ) ;
#506 = EDGE_CURVE ( 'NONE', #449, #504, #2549, .T. ) ;
#507 = VERTEX_POINT ( 'NONE', #2550 ) ;
#508 = ORIENTED_EDGE ( 'NONE', *, *, #446, .T. ) ;
#509 = ORIENTED_EDGE ( 'NONE', *, *, #439, .T. ) ;
#510 = CLOSED_SHELL ( 'NONE', ( #135, #353, #442, #500, #494, #481, #486, #543, #528, #538, #519 ) ) ;
#511 = EDGE_LOOP ( 'NONE', ( #892, #1316, #1317, #1304 ) ) ;
#512 = ORIENTED_EDGE ( 'NONE', *, *, #459, .F. ) ;
#513 = EDGE_CURVE ( 'NONE', #523, #524, #2551, .T. ) ;
#514 = ORIENTED_EDGE ( 'NONE', *, *, #475, .F. ) ;
#515 = ORIENTED_EDGE ( 'NONE', *, *, #574, .F. ) ;
#516 = ORIENTED_EDGE ( 'NONE', *, *, #533, .T. ) ;
#517 = EDGE_CURVE ( 'NONE', #524, #575, #2598, .T. ) ;
#518 = ORIENTED_EDGE ( 'NONE', *, *, #123, .F. ) ;
#519 = ADVANCED_FACE ( 'NONE', ( #2597 ), #2565, .F. ) ;
#520 = ORIENTED_EDGE ( 'NONE', *, *, #534, .F. ) ;
#521 = ORIENTED_EDGE ( 'NONE', *, *, #465, .F. ) ;
#522 = ORIENTED_EDGE ( 'NONE', *, *, #451, .F. ) ;
#523 = VERTEX_POINT ( 'NONE', #2561 ) ;
#524 = VERTEX_POINT ( 'NONE', #2560 ) ;
#525 = EDGE_CURVE ( 'NONE', #557, #548, #2584, .T. ) ;
#526 = EDGE_LOOP ( 'NONE', ( #558, #569, #572, #563 ) ) ;
#527 = ORIENTED_EDGE ( 'NONE', *, *, #493, .F. ) ;
#528 = ADVANCED_FACE ( 'NONE', ( #2586 ), #2585, .F. ) ;
#529 = ORIENTED_EDGE ( 'NONE', *, *, #485, .F. ) ;
#530 = EDGE_LOOP ( 'NONE', ( #532, #531, #529, #537 ) ) ;
#531 = ORIENTED_EDGE ( 'NONE', *, *, #533, .F. ) ;
#532 = ORIENTED_EDGE ( 'NONE', *, *, #534, .T. ) ;
#533 = EDGE_CURVE ( 'NONE', #540, #541, #2617, .T. ) ;
#534 = EDGE_CURVE ( 'NONE', #504, #541, #2613, .T. ) ;
#535 = ORIENTED_EDGE ( 'NONE', *, *, #1238, .T. ) ;
#536 = ORIENTED_EDGE ( 'NONE', *, *, #1191, .T. ) ;
#537 = ORIENTED_EDGE ( 'NONE', *, *, #506, .T. ) ;
#538 = ADVANCED_FACE ( 'NONE', ( #2601 ), #2618, .F. ) ;
#539 = ORIENTED_EDGE ( 'NONE', *, *, #493, .T. ) ;
#540 = VERTEX_POINT ( 'NONE', #2611 ) ;
#541 = VERTEX_POINT ( 'NONE', #2604 ) ;
#542 = ORIENTED_EDGE ( 'NONE', *, *, #457, .F. ) ;
#543 = ADVANCED_FACE ( 'NONE', ( #2609 ), #2600, .F. ) ;
#544 = ORIENTED_EDGE ( 'NONE', *, *, #485, .T. ) ;
#545 = VERTEX_POINT ( 'NONE', #2646 ) ;
#546 = EDGE_CURVE ( 'NONE', #567, #557, #2640, .T. ) ;
#547 = ADVANCED_FACE ( 'NONE', ( #2608 ), #2607, .F. ) ;
#548 = VERTEX_POINT ( 'NONE', #2636 ) ;
#549 = ORIENTED_EDGE ( 'NONE', *, *, #551, .F. ) ;
#550 = ORIENTED_EDGE ( 'NONE', *, *, #525, .T. ) ;
#551 = EDGE_CURVE ( 'NONE', #568, #548, #2633, .T. ) ;
#552 = ORIENTED_EDGE ( 'NONE', *, *, #647, .F. ) ;
#553 = EDGE_CURVE ( 'NONE', #567, #568, #2625, .T. ) ;
#554 = EDGE_LOOP ( 'NONE', ( #581, #638, #580, #641, #643, #584, #630, #645 ) ) ;
#555 = EDGE_CURVE ( 'NONE', #545, #613, #2681, .T. ) ;
#556 = EDGE_LOOP ( 'NONE', ( #550, #549, #559, #598 ) ) ;
#557 = VERTEX_POINT ( 'NONE', #2629 ) ;
#558 = ORIENTED_EDGE ( 'NONE', *, *, #513, .T. ) ;
#559 = ORIENTED_EDGE ( 'NONE', *, *, #553, .F. ) ;
#560 = MANIFOLD_SOLID_BREP ( '填料-伸長4[3]', #891 ) ;
#561 = ADVANCED_FACE ( 'NONE', ( #2627 ), #2635, .F. ) ;
#562 = ORIENTED_EDGE ( 'NONE', *, *, #1258, .F. ) ;
#563 = ORIENTED_EDGE ( 'NONE', *, *, #612, .T. ) ;
#564 = ADVANCED_FACE ( 'NONE', ( #2677 ), #2676, .T. ) ;
#565 = VERTEX_POINT ( 'NONE', #2621 ) ;
#566 = EDGE_LOOP ( 'NONE', ( #586, #591, #608, #595, #611, #552, #594, #597 ) ) ;
#567 = VERTEX_POINT ( 'NONE', #2667 ) ;
#568 = VERTEX_POINT ( 'NONE', #2668 ) ;
#569 = ORIENTED_EDGE ( 'NONE', *, *, #517, .T. ) ;
#570 = EDGE_CURVE ( 'NONE', #565, #575, #2663, .T. ) ;
#571 = EDGE_LOOP ( 'NONE', ( #603, #602, #609, #600 ) ) ;
#572 = ORIENTED_EDGE ( 'NONE', *, *, #570, .F. ) ;
#573 = ORIENTED_EDGE ( 'NONE', *, *, #1735, .F. ) ;
#574 = EDGE_CURVE ( 'NONE', #541, #455, #2664, .T. ) ;
#575 = VERTEX_POINT ( 'NONE', #2657 ) ;
#576 = ADVANCED_FACE ( 'NONE', ( #2666 ), #2654, .F. ) ;
#577 = EDGE_LOOP ( 'NONE', ( #522, #518, #521, #515, #520 ) ) ;
#578 = EDGE_CURVE ( 'NONE', #545, #589, #2709, .T. ) ;
#579 = EDGE_CURVE ( 'NONE', #523, #557, #2705, .T. ) ;
#580 = ORIENTED_EDGE ( 'NONE', *, *, #582, .F. ) ;
#581 = ORIENTED_EDGE ( 'NONE', *, *, #579, .T. ) ;
#582 = EDGE_CURVE ( 'NONE', #649, #567, #2711, .T. ) ;
#583 = ADVANCED_FACE ( 'NONE', ( #2701 ), #2652, .F. ) ;
#584 = ORIENTED_EDGE ( 'NONE', *, *, #644, .T. ) ;
#585 = VERTEX_POINT ( 'NONE', #2659 ) ;
#586 = ORIENTED_EDGE ( 'NONE', *, *, #604, .T. ) ;
#587 = EDGE_CURVE ( 'NONE', #575, #606, #2691, .T. ) ;
#588 = ADVANCED_FACE ( 'NONE', ( #2695 ), #2698, .F. ) ;
#589 = VERTEX_POINT ( 'NONE', #2697 ) ;
#590 = VERTEX_POINT ( 'NONE', #2746 ) ;
#591 = ORIENTED_EDGE ( 'NONE', *, *, #570, .T. ) ;
#592 = VERTEX_POINT ( 'NONE', #2688 ) ;
#593 = EDGE_CURVE ( 'NONE', #590, #606, #2741, .T. ) ;
#594 = ORIENTED_EDGE ( 'NONE', *, *, #578, .F. ) ;
#595 = ORIENTED_EDGE ( 'NONE', *, *, #593, .F. ) ;
#596 = EDGE_CURVE ( 'NONE', #592, #590, #2686, .T. ) ;
#597 = ORIENTED_EDGE ( 'NONE', *, *, #555, .T. ) ;
#598 = ORIENTED_EDGE ( 'NONE', *, *, #546, .T. ) ;
#599 = EDGE_CURVE ( 'NONE', #548, #613, #2739, .T. ) ;
#600 = ORIENTED_EDGE ( 'NONE', *, *, #551, .T. ) ;
#601 = ADVANCED_FACE ( 'NONE', ( #2743 ), #2687, .F. ) ;
#602 = ORIENTED_EDGE ( 'NONE', *, *, #555, .F. ) ;
#603 = ORIENTED_EDGE ( 'NONE', *, *, #599, .T. ) ;
#604 = EDGE_CURVE ( 'NONE', #613, #565, #2728, .T. ) ;
#605 = EDGE_LOOP ( 'NONE', ( #633, #634, #632, #636, #686 ) ) ;
#606 = VERTEX_POINT ( 'NONE', #2724 ) ;
#607 = EDGE_CURVE ( 'NONE', #568, #545, #2716, .T. ) ;
#608 = ORIENTED_EDGE ( 'NONE', *, *, #587, .T. ) ;
#609 = ORIENTED_EDGE ( 'NONE', *, *, #607, .F. ) ;
#610 = EDGE_LOOP ( 'NONE', ( #711, #680, #697, #617 ) ) ;
#611 = ORIENTED_EDGE ( 'NONE', *, *, #596, .F. ) ;
#612 = EDGE_CURVE ( 'NONE', #565, #523, #2713, .T. ) ;
#613 = VERTEX_POINT ( 'NONE', #2723 ) ;
#614 = ADVANCED_FACE ( 'NONE', ( #2727 ), #2719, .F. ) ;
#615 = EDGE_LOOP ( 'NONE', ( #618, #619, #621, #687, #624 ) ) ;
#616 = EDGE_LOOP ( 'NONE', ( #629, #626, #672, #628 ) ) ;
#617 = ORIENTED_EDGE ( 'NONE', *, *, #243, .T. ) ;
#618 = ORIENTED_EDGE ( 'NONE', *, *, #525, .F. ) ;
#619 = ORIENTED_EDGE ( 'NONE', *, *, #579, .F. ) ;
#620 = ORIENTED_EDGE ( 'NONE', *, *, #683, .T. ) ;
#621 = ORIENTED_EDGE ( 'NONE', *, *, #612, .F. ) ;
#622 = VERTEX_POINT ( 'NONE', #2725 ) ;
#623 = ORIENTED_EDGE ( 'NONE', *, *, #666, .T. ) ;
#624 = ORIENTED_EDGE ( 'NONE', *, *, #599, .F. ) ;
#625 = EDGE_CURVE ( 'NONE', #590, #679, #2764, .T. ) ;
#626 = ORIENTED_EDGE ( 'NONE', *, *, #640, .F. ) ;
#627 = ADVANCED_FACE ( 'NONE', ( #2768 ), #2759, .F. ) ;
#628 = ORIENTED_EDGE ( 'NONE', *, *, #647, .T. ) ;
#629 = ORIENTED_EDGE ( 'NONE', *, *, #688, .F. ) ;
#630 = ORIENTED_EDGE ( 'NONE', *, *, #646, .T. ) ;
#631 = ADVANCED_FACE ( 'NONE', ( #2758 ), #2763, .T. ) ;
#632 = ORIENTED_EDGE ( 'NONE', *, *, #578, .T. ) ;
#633 = ORIENTED_EDGE ( 'NONE', *, *, #553, .T. ) ;
#634 = ORIENTED_EDGE ( 'NONE', *, *, #607, .T. ) ;
#635 = EDGE_CURVE ( 'NONE', #649, #589, #2748, .T. ) ;
#636 = ORIENTED_EDGE ( 'NONE', *, *, #635, .F. ) ;
#637 = ORIENTED_EDGE ( 'NONE', *, *, #1251, .T. ) ;
#638 = ORIENTED_EDGE ( 'NONE', *, *, #546, .F. ) ;
#639 = VERTEX_POINT ( 'NONE', #2712 ) ;
#640 = EDGE_CURVE ( 'NONE', #649, #648, #2756, .T. ) ;
#641 = ORIENTED_EDGE ( 'NONE', *, *, #640, .T. ) ;
#642 = EDGE_CURVE ( 'NONE', #639, #648, #2797, .T. ) ;
#643 = ORIENTED_EDGE ( 'NONE', *, *, #642, .F. ) ;
#644 = EDGE_CURVE ( 'NONE', #639, #585, #2749, .T. ) ;
#645 = ORIENTED_EDGE ( 'NONE', *, *, #513, .F. ) ;
#646 = EDGE_CURVE ( 'NONE', #585, #524, #2789, .T. ) ;
#647 = EDGE_CURVE ( 'NONE', #589, #592, #2785, .T. ) ;
#648 = VERTEX_POINT ( 'NONE', #2798 ) ;
#649 = VERTEX_POINT ( 'NONE', #2784 ) ;
#650 = EDGE_CURVE ( 'NONE', #689, #690, #2775, .T. ) ;
#651 = ORIENTED_EDGE ( 'NONE', *, *, #654, .T. ) ;
#652 = ORIENTED_EDGE ( 'NONE', *, *, #656, .T. ) ;
#653 = EDGE_CURVE ( 'NONE', #721, #720, #2777, .T. ) ;
#654 = EDGE_CURVE ( 'NONE', #723, #685, #2832, .T. ) ;
#655 = VERTEX_POINT ( 'NONE', #2834 ) ;
#656 = EDGE_CURVE ( 'NONE', #720, #723, #2830, .T. ) ;
#657 = VERTEX_POINT ( 'NONE', #2833 ) ;
#658 = EDGE_CURVE ( 'NONE', #676, #684, #2825, .T. ) ;
#659 = ORIENTED_EDGE ( 'NONE', *, *, #658, .T. ) ;
#660 = EDGE_CURVE ( 'NONE', #684, #622, #2819, .T. ) ;
#661 = VERTEX_POINT ( 'NONE', #2771 ) ;
#662 = EDGE_CURVE ( 'NONE', #622, #661, #2812, .T. ) ;
#663 = VERTEX_POINT ( 'NONE', #2815 ) ;
#664 = ORIENTED_EDGE ( 'NONE', *, *, #669, .T. ) ;
#665 = ORIENTED_EDGE ( 'NONE', *, *, #662, .T. ) ;
#666 = EDGE_CURVE ( 'NONE', #661, #674, #1763, .T. ) ;
#667 = ORIENTED_EDGE ( 'NONE', *, *, #726, .T. ) ;
#668 = VERTEX_POINT ( 'NONE', #2146 ) ;
#669 = EDGE_CURVE ( 'NONE', #674, #668, #1810, .T. ) ;
#670 = EDGE_LOOP ( 'NONE', ( #675, #682, #620, #659, #673, #665, #623, #664, #671, #667, #724, #652, #651, #713, #716, #712, #698, #715, #696, #704 ) ) ;
#671 = ORIENTED_EDGE ( 'NONE', *, *, #722, .T. ) ;
#672 = ORIENTED_EDGE ( 'NONE', *, *, #635, .T. ) ;
#673 = ORIENTED_EDGE ( 'NONE', *, *, #660, .T. ) ;
#674 = VERTEX_POINT ( 'NONE', #2419 ) ;
#675 = ORIENTED_EDGE ( 'NONE', *, *, #596, .T. ) ;
#676 = VERTEX_POINT ( 'NONE', #2591 ) ;
#677 = ADVANCED_FACE ( 'NONE', ( #2583 ), #2590, .T. ) ;
#678 = VERTEX_POINT ( 'NONE', #1760 ) ;
#679 = VERTEX_POINT ( 'NONE', #1758 ) ;
#680 = ORIENTED_EDGE ( 'NONE', *, *, #650, .F. ) ;
#681 = EDGE_CURVE ( 'NONE', #220, #689, #1825, .T. ) ;
#682 = ORIENTED_EDGE ( 'NONE', *, *, #625, .T. ) ;
#683 = EDGE_CURVE ( 'NONE', #679, #676, #2073, .T. ) ;
#684 = VERTEX_POINT ( 'NONE', #2327 ) ;
#685 = VERTEX_POINT ( 'NONE', #249 ) ;
#686 = ORIENTED_EDGE ( 'NONE', *, *, #582, .T. ) ;
#687 = ORIENTED_EDGE ( 'NONE', *, *, #604, .F. ) ;
#688 = EDGE_CURVE ( 'NONE', #648, #592, #2829, .T. ) ;
#689 = VERTEX_POINT ( 'NONE', #2866 ) ;
#690 = VERTEX_POINT ( 'NONE', #2863 ) ;
#691 = ORIENTED_EDGE ( 'NONE', *, *, #732, .T. ) ;
#692 = ORIENTED_EDGE ( 'NONE', *, *, #719, .T. ) ;
#693 = EDGE_LOOP ( 'NONE', ( #695, #752, #756, #755 ) ) ;
#694 = EDGE_CURVE ( 'NONE', #215, #690, #2858, .T. ) ;
#695 = ORIENTED_EDGE ( 'NONE', *, *, #754, .T. ) ;
#696 = ORIENTED_EDGE ( 'NONE', *, *, #642, .T. ) ;
#697 = ORIENTED_EDGE ( 'NONE', *, *, #681, .F. ) ;
#698 = ORIENTED_EDGE ( 'NONE', *, *, #718, .T. ) ;
#699 = EDGE_CURVE ( 'NONE', #709, #639, #2854, .T. ) ;
#700 = ORIENTED_EDGE ( 'NONE', *, *, #719, .F. ) ;
#701 = ORIENTED_EDGE ( 'NONE', *, *, #761, .T. ) ;
#702 = EDGE_LOOP ( 'NONE', ( #708, #700, #706, #4665 ) ) ;
#703 = EDGE_CURVE ( 'NONE', #606, #707, #2861, .T. ) ;
#704 = ORIENTED_EDGE ( 'NONE', *, *, #688, .T. ) ;
#705 = ADVANCED_FACE ( 'NONE', ( #2860 ), #2862, .T. ) ;
#706 = ORIENTED_EDGE ( 'NONE', *, *, #625, .F. ) ;
#707 = VERTEX_POINT ( 'NONE', #2839 ) ;
#708 = ORIENTED_EDGE ( 'NONE', *, *, #703, .T. ) ;
#709 = VERTEX_POINT ( 'NONE', #2846 ) ;
#710 = EDGE_CURVE ( 'NONE', #685, #678, #2840, .T. ) ;
#711 = ORIENTED_EDGE ( 'NONE', *, *, #694, .T. ) ;
#712 = ORIENTED_EDGE ( 'NONE', *, *, #717, .T. ) ;
#713 = ORIENTED_EDGE ( 'NONE', *, *, #710, .T. ) ;
#714 = EDGE_CURVE ( 'NONE', #678, #657, #2847, .T. ) ;
#715 = ORIENTED_EDGE ( 'NONE', *, *, #699, .T. ) ;
#716 = ORIENTED_EDGE ( 'NONE', *, *, #714, .T. ) ;
#717 = EDGE_CURVE ( 'NONE', #657, #655, #2893, .T. ) ;
#718 = EDGE_CURVE ( 'NONE', #655, #709, #2884, .T. ) ;
#719 = EDGE_CURVE ( 'NONE', #679, #707, #2880, .T. ) ;
#720 = VERTEX_POINT ( 'NONE', #2879 ) ;
#721 = VERTEX_POINT ( 'NONE', #2889 ) ;
#722 = EDGE_CURVE ( 'NONE', #668, #663, #2873, .T. ) ;
#723 = VERTEX_POINT ( 'NONE', #2887 ) ;
#724 = ORIENTED_EDGE ( 'NONE', *, *, #653, .T. ) ;
#725 = EDGE_CURVE ( 'NONE', #26, #154, #2874, .T. ) ;
#726 = EDGE_CURVE ( 'NONE', #663, #721, #2890, .T. ) ;
#727 = ADVANCED_FACE ( 'NONE', ( #2868 ), #2926, .F. ) ;
#728 = VERTEX_POINT ( 'NONE', #2921 ) ;
#729 = ORIENTED_EDGE ( 'NONE', *, *, #730, .F. ) ;
#730 = EDGE_CURVE ( 'NONE', #674, #743, #2919, .T. ) ;
#731 = ORIENTED_EDGE ( 'NONE', *, *, #777, .T. ) ;
#732 = EDGE_CURVE ( 'NONE', #759, #733, #2908, .T. ) ;
#733 = VERTEX_POINT ( 'NONE', #2910 ) ;
#734 = VERTEX_POINT ( 'NONE', #2909 ) ;
#735 = ORIENTED_EDGE ( 'NONE', *, *, #738, .F. ) ;
#736 = ORIENTED_EDGE ( 'NONE', *, *, #1255, .T. ) ;
#737 = EDGE_LOOP ( 'NONE', ( #746, #745, #740, #795 ) ) ;
#738 = EDGE_CURVE ( 'NONE', #622, #733, #2917, .T. ) ;
#739 = ORIENTED_EDGE ( 'NONE', *, *, #753, .T. ) ;
#740 = ORIENTED_EDGE ( 'NONE', *, *, #662, .F. ) ;
#741 = ORIENTED_EDGE ( 'NONE', *, *, #660, .F. ) ;
#742 = EDGE_CURVE ( 'NONE', #728, #788, #2901, .T. ) ;
#743 = VERTEX_POINT ( 'NONE', #2895 ) ;
#744 = ADVANCED_FACE ( 'NONE', ( #2904 ), #2961, .F. ) ;
#745 = ORIENTED_EDGE ( 'NONE', *, *, #747, .F. ) ;
#746 = ORIENTED_EDGE ( 'NONE', *, *, #748, .T. ) ;
#747 = EDGE_CURVE ( 'NONE', #661, #749, #2957, .T. ) ;
#748 = EDGE_CURVE ( 'NONE', #733, #749, #2951, .T. ) ;
#749 = VERTEX_POINT ( 'NONE', #2920 ) ;
#750 = ORIENTED_EDGE ( 'NONE', *, *, #1284, .T. ) ;
#751 = ADVANCED_FACE ( 'NONE', ( #2953 ), #2947, .F. ) ;
#752 = ORIENTED_EDGE ( 'NONE', *, *, #753, .F. ) ;
#753 = EDGE_CURVE ( 'NONE', #684, #759, #2943, .T. ) ;
#754 = EDGE_CURVE ( 'NONE', #407, #759, #2936, .T. ) ;
#755 = ORIENTED_EDGE ( 'NONE', *, *, #193, .T. ) ;
#756 = ORIENTED_EDGE ( 'NONE', *, *, #658, .F. ) ;
#757 = ORIENTED_EDGE ( 'NONE', *, *, #1233, .T. ) ;
#758 = ADVANCED_FACE ( 'NONE', ( #2958 ), #2962, .F. ) ;
#759 = VERTEX_POINT ( 'NONE', #2897 ) ;
#760 = EDGE_LOOP ( 'NONE', ( #701, #352, #4667, #692 ) ) ;
#761 = EDGE_CURVE ( 'NONE', #707, #407, #2988, .T. ) ;
#762 = EDGE_CURVE ( 'NONE', #788, #768, #2980, .T. ) ;
#763 = EDGE_LOOP ( 'NONE', ( #798, #802, #805, #804 ) ) ;
#764 = EDGE_LOOP ( 'NONE', ( #822, #815, #814, #820 ) ) ;
#765 = ADVANCED_FACE ( 'NONE', ( #2945 ), #2977, .F. ) ;
#766 = ORIENTED_EDGE ( 'NONE', *, *, #767, .F. ) ;
#767 = EDGE_CURVE ( 'NONE', #663, #728, #2974, .T. ) ;
#768 = VERTEX_POINT ( 'NONE', #2944 ) ;
#769 = ORIENTED_EDGE ( 'NONE', *, *, #782, .T. ) ;
#770 = ORIENTED_EDGE ( 'NONE', *, *, #722, .F. ) ;
#771 = ORIENTED_EDGE ( 'NONE', *, *, #726, .F. ) ;
#772 = ADVANCED_FACE ( 'NONE', ( #2981 ), #2966, .F. ) ;
#773 = ORIENTED_EDGE ( 'NONE', *, *, #775, .F. ) ;
#774 = ORIENTED_EDGE ( 'NONE', *, *, #742, .T. ) ;
#775 = EDGE_CURVE ( 'NONE', #721, #788, #2969, .T. ) ;
#776 = VERTEX_POINT ( 'NONE', #2900 ) ;
#777 = EDGE_CURVE ( 'NONE', #734, #728, #3015, .T. ) ;
#778 = ORIENTED_EDGE ( 'NONE', *, *, #747, .T. ) ;
#779 = ADVANCED_FACE ( 'NONE', ( #2963 ), #2968, .F. ) ;
#780 = EDGE_LOOP ( 'NONE', ( #731, #766, #770, #769 ) ) ;
#781 = ORIENTED_EDGE ( 'NONE', *, *, #783, .T. ) ;
#782 = EDGE_CURVE ( 'NONE', #668, #734, #3021, .T. ) ;
#783 = EDGE_CURVE ( 'NONE', #743, #734, #3003, .T. ) ;
#784 = ORIENTED_EDGE ( 'NONE', *, *, #669, .F. ) ;
#785 = ORIENTED_EDGE ( 'NONE', *, *, #782, .F. ) ;
#786 = EDGE_LOOP ( 'NONE', ( #774, #773, #771, #823 ) ) ;
#787 = ORIENTED_EDGE ( 'NONE', *, *, #730, .T. ) ;
#788 = VERTEX_POINT ( 'NONE', #2965 ) ;
#789 = VERTEX_POINT ( 'NONE', #3004 ) ;
#790 = ORIENTED_EDGE ( 'NONE', *, *, #794, .T. ) ;
#791 = EDGE_LOOP ( 'NONE', ( #781, #785, #784, #787 ) ) ;
#792 = ORIENTED_EDGE ( 'NONE', *, *, #4660, .T. ) ;
#793 = EDGE_LOOP ( 'NONE', ( #790, #729, #796, #778 ) ) ;
#794 = EDGE_CURVE ( 'NONE', #749, #743, #2997, .T. ) ;
#795 = ORIENTED_EDGE ( 'NONE', *, *, #738, .T. ) ;
#796 = ORIENTED_EDGE ( 'NONE', *, *, #666, .F. ) ;
#797 = ORIENTED_EDGE ( 'NONE', *, *, #714, .F. ) ;
#798 = ORIENTED_EDGE ( 'NONE', *, *, #800, .T. ) ;
#799 = EDGE_CURVE ( 'NONE', #685, #776, #3016, .T. ) ;
#800 = EDGE_CURVE ( 'NONE', #789, #776, #2990, .T. ) ;
#801 = VERTEX_POINT ( 'NONE', #3052 ) ;
#802 = ORIENTED_EDGE ( 'NONE', *, *, #799, .F. ) ;
#803 = EDGE_LOOP ( 'NONE', ( #863, #862, #797, #843 ) ) ;
#804 = ORIENTED_EDGE ( 'NONE', *, *, #816, .T. ) ;
#805 = ORIENTED_EDGE ( 'NONE', *, *, #654, .F. ) ;
#806 = ADVANCED_FACE ( 'NONE', ( #2998 ), #2989, .F. ) ;
#807 = ORIENTED_EDGE ( 'NONE', *, *, #809, .F. ) ;
#808 = ORIENTED_EDGE ( 'NONE', *, *, #810, .T. ) ;
#809 = EDGE_CURVE ( 'NONE', #678, #818, #3050, .T. ) ;
#810 = EDGE_CURVE ( 'NONE', #776, #818, #3045, .T. ) ;
#811 = EDGE_LOOP ( 'NONE', ( #1395, #1397, #1402, #1403, #1400, #1406, #1398, #1409 ) ) ;
#812 = ORIENTED_EDGE ( 'NONE', *, *, #775, .T. ) ;
#813 = ADVANCED_FACE ( 'NONE', ( #3043 ), #3033, .F. ) ;
#814 = ORIENTED_EDGE ( 'NONE', *, *, #656, .F. ) ;
#815 = ORIENTED_EDGE ( 'NONE', *, *, #816, .F. ) ;
#816 = EDGE_CURVE ( 'NONE', #723, #789, #3084, .T. ) ;
#817 = EDGE_CURVE ( 'NONE', #768, #789, #3029, .T. ) ;
#818 = VERTEX_POINT ( 'NONE', #3026 ) ;
#819 = EDGE_LOOP ( 'NONE', ( #808, #807, #859, #858 ) ) ;
#820 = ORIENTED_EDGE ( 'NONE', *, *, #830, .T. ) ;
#821 = ADVANCED_FACE ( 'NONE', ( #3078 ), #3032, .F. ) ;
#822 = ORIENTED_EDGE ( 'NONE', *, *, #817, .T. ) ;
#823 = ORIENTED_EDGE ( 'NONE', *, *, #767, .T. ) ;
#824 = ADVANCED_FACE ( 'NONE', ( #3031 ), #3074, .F. ) ;
#825 = ORIENTED_EDGE ( 'NONE', *, *, #177, .T. ) ;
#826 = ORIENTED_EDGE ( 'NONE', *, *, #653, .F. ) ;
#827 = EDGE_LOOP ( 'NONE', ( #829, #828, #826, #812 ) ) ;
#828 = ORIENTED_EDGE ( 'NONE', *, *, #830, .F. ) ;
#829 = ORIENTED_EDGE ( 'NONE', *, *, #762, .T. ) ;
#830 = EDGE_CURVE ( 'NONE', #720, #768, #3067, .T. ) ;
#831 = EDGE_CURVE ( 'NONE', #709, #844, #3063, .T. ) ;
#832 = ORIENTED_EDGE ( 'NONE', *, *, #644, .F. ) ;
#833 = ORIENTED_EDGE ( 'NONE', *, *, #857, .F. ) ;
#834 = ORIENTED_EDGE ( 'NONE', *, *, #853, .T. ) ;
#835 = ORIENTED_EDGE ( 'NONE', *, *, #718, .F. ) ;
#836 = ORIENTED_EDGE ( 'NONE', *, *, #517, .F. ) ;
#837 = EDGE_LOOP ( 'NONE', ( #933, #871, #873, #922 ) ) ;
#838 = ADVANCED_FACE ( 'NONE', ( #3073 ), #3064, .T. ) ;
#839 = ORIENTED_EDGE ( 'NONE', *, *, #831, .T. ) ;
#840 = EDGE_LOOP ( 'NONE', ( #836, #897, #895, #833, #876, #896, #878, #898, #881, #877, #883, #879, #885, #882, #931, #884, #935, #886, #938, #932 ) ) ;
#841 = ORIENTED_EDGE ( 'NONE', *, *, #887, .T. ) ;
#842 = EDGE_CURVE ( 'NONE', #889, #937, #2599, .T. ) ;
#843 = ORIENTED_EDGE ( 'NONE', *, *, #809, .T. ) ;
#844 = VERTEX_POINT ( 'NONE', #3057 ) ;
#845 = EDGE_CURVE ( 'NONE', #801, #848, #1759, .T. ) ;
#846 = EDGE_LOOP ( 'NONE', ( #901, #900, #835, #834 ) ) ;
#847 = ADVANCED_FACE ( 'NONE', ( #3114 ), #3111, .F. ) ;
#848 = VERTEX_POINT ( 'NONE', #3107 ) ;
#849 = ORIENTED_EDGE ( 'NONE', *, *, #289, .F. ) ;
#850 = EDGE_LOOP ( 'NONE', ( #852, #851, #854, #856 ) ) ;
#851 = ORIENTED_EDGE ( 'NONE', *, *, #853, .F. ) ;
#852 = ORIENTED_EDGE ( 'NONE', *, *, #845, .T. ) ;
#853 = EDGE_CURVE ( 'NONE', #655, #848, #3103, .T. ) ;
#854 = ORIENTED_EDGE ( 'NONE', *, *, #717, .F. ) ;
#855 = EDGE_LOOP ( 'NONE', ( #841, #832, #888, #839 ) ) ;
#856 = ORIENTED_EDGE ( 'NONE', *, *, #864, .T. ) ;
#857 = EDGE_CURVE ( 'NONE', #848, #844, #3106, .T. ) ;
#858 = ORIENTED_EDGE ( 'NONE', *, *, #799, .T. ) ;
#859 = ORIENTED_EDGE ( 'NONE', *, *, #710, .F. ) ;
#860 = ORIENTED_EDGE ( 'NONE', *, *, #1269, .T. ) ;
#861 = ADVANCED_FACE ( 'NONE', ( #3109 ), #3102, .F. ) ;
#862 = ORIENTED_EDGE ( 'NONE', *, *, #864, .F. ) ;
#863 = ORIENTED_EDGE ( 'NONE', *, *, #865, .T. ) ;
#864 = EDGE_CURVE ( 'NONE', #657, #801, #3086, .T. ) ;
#865 = EDGE_CURVE ( 'NONE', #818, #801, #3147, .T. ) ;
#866 = EDGE_LOOP ( 'NONE', ( #926, #925, #911, #921, #923, #939, #913, #916 ) ) ;
#867 = VERTEX_POINT ( 'NONE', #3092 ) ;
#868 = MANIFOLD_SOLID_BREP ( '填料-伸長4[4]', #1028 ) ;
#869 = EDGE_CURVE ( 'NONE', #1544, #1548, #3142, .T. ) ;
#870 = ORIENTED_EDGE ( 'NONE', *, *, #1272, .T. ) ;
#871 = ORIENTED_EDGE ( 'NONE', *, *, #842, .T. ) ;
#872 = ADVANCED_FACE ( 'NONE', ( #3087 ), #3140, .T. ) ;
#873 = ORIENTED_EDGE ( 'NONE', *, *, #919, .T. ) ;
#874 = VERTEX_POINT ( 'NONE', #3131 ) ;
#875 = EDGE_CURVE ( 'NONE', #889, #890, #3129, .T. ) ;
#876 = ORIENTED_EDGE ( 'NONE', *, *, #845, .F. ) ;
#877 = ORIENTED_EDGE ( 'NONE', *, *, #762, .F. ) ;
#878 = ORIENTED_EDGE ( 'NONE', *, *, #810, .F. ) ;
#879 = ORIENTED_EDGE ( 'NONE', *, *, #777, .F. ) ;
#880 = ORIENTED_EDGE ( 'NONE', *, *, #1253, .T. ) ;
#881 = ORIENTED_EDGE ( 'NONE', *, *, #817, .F. ) ;
#882 = ORIENTED_EDGE ( 'NONE', *, *, #794, .F. ) ;
#883 = ORIENTED_EDGE ( 'NONE', *, *, #742, .F. ) ;
#884 = ORIENTED_EDGE ( 'NONE', *, *, #732, .F. ) ;
#885 = ORIENTED_EDGE ( 'NONE', *, *, #783, .F. ) ;
#886 = ORIENTED_EDGE ( 'NONE', *, *, #761, .F. ) ;
#887 = EDGE_CURVE ( 'NONE', #844, #585, #3137, .T. ) ;
#888 = ORIENTED_EDGE ( 'NONE', *, *, #699, .F. ) ;
#889 = VERTEX_POINT ( 'NONE', #3125 ) ;
#890 = VERTEX_POINT ( 'NONE', #3141 ) ;
#891 = CLOSED_SHELL ( 'NONE', ( #564, #547, #601, #588, #583, #631, #614, #627, #677, #705, #406, #751, #758, #744, #727, #779, #765, #772, #824, #813, #821, #806, #861, #847, #899, #838, #894 ) ) ;
#892 = ORIENTED_EDGE ( 'NONE', *, *, #1254, .T. ) ;
#893 = EDGE_CURVE ( 'NONE', #1313, #1208, #3134, .T. ) ;
#894 = ADVANCED_FACE ( 'NONE', ( #3173 ), #3171, .F. ) ;
#895 = ORIENTED_EDGE ( 'NONE', *, *, #887, .F. ) ;
#896 = ORIENTED_EDGE ( 'NONE', *, *, #865, .F. ) ;
#897 = ORIENTED_EDGE ( 'NONE', *, *, #646, .F. ) ;
#898 = ORIENTED_EDGE ( 'NONE', *, *, #800, .F. ) ;
#899 = ADVANCED_FACE ( 'NONE', ( #3170 ), #3124, .F. ) ;
#900 = ORIENTED_EDGE ( 'NONE', *, *, #831, .F. ) ;
#901 = ORIENTED_EDGE ( 'NONE', *, *, #857, .T. ) ;
#902 = ORIENTED_EDGE ( 'NONE', *, *, #975, .T. ) ;
#903 = ADVANCED_FACE ( 'NONE', ( #3167 ), #3123, .T. ) ;
#904 = VERTEX_POINT ( 'NONE', #3116 ) ;
#905 = ORIENTED_EDGE ( 'NONE', *, *, #906, .F. ) ;
#906 = EDGE_CURVE ( 'NONE', #955, #904, #3159, .T. ) ;
#907 = ORIENTED_EDGE ( 'NONE', *, *, #1322, .T. ) ;
#908 = EDGE_CURVE ( 'NONE', #909, #929, #3153, .T. ) ;
#909 = VERTEX_POINT ( 'NONE', #3155 ) ;
#910 = VERTEX_POINT ( 'NONE', #3154 ) ;
#911 = ORIENTED_EDGE ( 'NONE', *, *, #908, .F. ) ;
#912 = EDGE_CURVE ( 'NONE', #936, #909, #3201, .T. ) ;
#913 = ORIENTED_EDGE ( 'NONE', *, *, #918, .T. ) ;
#914 = VERTEX_POINT ( 'NONE', #3161 ) ;
#915 = EDGE_CURVE ( 'NONE', #936, #910, #3150, .T. ) ;
#916 = ORIENTED_EDGE ( 'NONE', *, *, #875, .T. ) ;
#917 = EDGE_CURVE ( 'NONE', #910, #914, #3194, .T. ) ;
#918 = EDGE_CURVE ( 'NONE', #914, #889, #3189, .T. ) ;
#919 = EDGE_CURVE ( 'NONE', #937, #874, #3184, .T. ) ;
#920 = EDGE_CURVE ( 'NONE', #874, #890, #3149, .T. ) ;
#921 = ORIENTED_EDGE ( 'NONE', *, *, #912, .F. ) ;
#922 = ORIENTED_EDGE ( 'NONE', *, *, #920, .T. ) ;
#923 = ORIENTED_EDGE ( 'NONE', *, *, #915, .T. ) ;
#924 = ADVANCED_FACE ( 'NONE', ( #3203 ), #3178, .F. ) ;
#925 = ORIENTED_EDGE ( 'NONE', *, *, #927, .F. ) ;
#926 = ORIENTED_EDGE ( 'NONE', *, *, #928, .T. ) ;
#927 = EDGE_CURVE ( 'NONE', #929, #867, #3236, .T. ) ;
#928 = EDGE_CURVE ( 'NONE', #890, #867, #3231, .T. ) ;
#929 = VERTEX_POINT ( 'NONE', #3180 ) ;
#930 = EDGE_LOOP ( 'NONE', ( #902, #905, #959, #966 ) ) ;
#931 = ORIENTED_EDGE ( 'NONE', *, *, #748, .F. ) ;
#932 = ORIENTED_EDGE ( 'NONE', *, *, #587, .F. ) ;
#933 = ORIENTED_EDGE ( 'NONE', *, *, #875, .F. ) ;
#934 = EDGE_CURVE ( 'NONE', #690, #991, #3225, .T. ) ;
#935 = ORIENTED_EDGE ( 'NONE', *, *, #754, .F. ) ;
#936 = VERTEX_POINT ( 'NONE', #3177 ) ;
#937 = VERTEX_POINT ( 'NONE', #3226 ) ;
#938 = ORIENTED_EDGE ( 'NONE', *, *, #703, .F. ) ;
#939 = ORIENTED_EDGE ( 'NONE', *, *, #917, .T. ) ;
#940 = ADVANCED_FACE ( 'NONE', ( #3228 ), #3227, .F. ) ;
#941 = ORIENTED_EDGE ( 'NONE', *, *, #975, .F. ) ;
#942 = ORIENTED_EDGE ( 'NONE', *, *, #920, .F. ) ;
#943 = EDGE_CURVE ( 'NONE', #973, #936, #3232, .T. ) ;
#944 = VERTEX_POINT ( 'NONE', #3220 ) ;
#945 = EDGE_CURVE ( 'NONE', #956, #973, #3205, .T. ) ;
#946 = ORIENTED_EDGE ( 'NONE', *, *, #951, .F. ) ;
#947 = ORIENTED_EDGE ( 'NONE', *, *, #945, .T. ) ;
#948 = EDGE_CURVE ( 'NONE', #973, #969, #3210, .T. ) ;
#949 = ORIENTED_EDGE ( 'NONE', *, *, #1005, .T. ) ;
#950 = ORIENTED_EDGE ( 'NONE', *, *, #948, .T. ) ;
#951 = EDGE_CURVE ( 'NONE', #955, #969, #3208, .T. ) ;
#952 = ORIENTED_EDGE ( 'NONE', *, *, #908, .T. ) ;
#953 = EDGE_LOOP ( 'NONE', ( #954, #1010, #1000, #998 ) ) ;
#954 = ORIENTED_EDGE ( 'NONE', *, *, #1005, .F. ) ;
#955 = VERTEX_POINT ( 'NONE', #3206 ) ;
#956 = VERTEX_POINT ( 'NONE', #3264 ) ;
#957 = ORIENTED_EDGE ( 'NONE', *, *, #906, .T. ) ;
#958 = EDGE_LOOP ( 'NONE', ( #962, #965, #974, #971, #947, #950, #946, #957 ) ) ;
#959 = ORIENTED_EDGE ( 'NONE', *, *, #961, .F. ) ;
#960 = VERTEX_POINT ( 'NONE', #3261 ) ;
#961 = EDGE_CURVE ( 'NONE', #929, #955, #3207, .T. ) ;
#962 = ORIENTED_EDGE ( 'NONE', *, *, #963, .T. ) ;
#963 = EDGE_CURVE ( 'NONE', #904, #874, #3248, .T. ) ;
#964 = EDGE_CURVE ( 'NONE', #937, #960, #3244, .T. ) ;
#965 = ORIENTED_EDGE ( 'NONE', *, *, #919, .F. ) ;
#966 = ORIENTED_EDGE ( 'NONE', *, *, #927, .T. ) ;
#967 = EDGE_LOOP ( 'NONE', ( #942, #1008, #941, #996 ) ) ;
#968 = ADVANCED_FACE ( 'NONE', ( #3255 ), #3245, .F. ) ;
#969 = VERTEX_POINT ( 'NONE', #3260 ) ;
#970 = EDGE_LOOP ( 'NONE', ( #1007, #949, #952, #1009 ) ) ;
#971 = ORIENTED_EDGE ( 'NONE', *, *, #972, .F. ) ;
#972 = EDGE_CURVE ( 'NONE', #956, #960, #3239, .T. ) ;
#973 = VERTEX_POINT ( 'NONE', #3299 ) ;
#974 = ORIENTED_EDGE ( 'NONE', *, *, #964, .T. ) ;
#975 = EDGE_CURVE ( 'NONE', #867, #904, #3240, .T. ) ;
#976 = ORIENTED_EDGE ( 'NONE', *, *, #1067, .T. ) ;
#977 = EDGE_LOOP ( 'NONE', ( #136, #1024, #1027, #1033, #1026 ) ) ;
#978 = ORIENTED_EDGE ( 'NONE', *, *, #980, .T. ) ;
#979 = ORIENTED_EDGE ( 'NONE', *, *, #1034, .T. ) ;
#980 = EDGE_CURVE ( 'NONE', #983, #914, #3291, .T. ) ;
#981 = ORIENTED_EDGE ( 'NONE', *, *, #893, .T. ) ;
#982 = ORIENTED_EDGE ( 'NONE', *, *, #986, .F. ) ;
#983 = VERTEX_POINT ( 'NONE', #3286 ) ;
#984 = VERTEX_POINT ( 'NONE', #3295 ) ;
#985 = ORIENTED_EDGE ( 'NONE', *, *, #1003, .T. ) ;
#986 = EDGE_CURVE ( 'NONE', #984, #910, #3277, .T. ) ;
#987 = ORIENTED_EDGE ( 'NONE', *, *, #943, .F. ) ;
#988 = EDGE_LOOP ( 'NONE', ( #979, #1039, #1041, #1036 ) ) ;
#989 = ORIENTED_EDGE ( 'NONE', *, *, #1003, .F. ) ;
#990 = ADVANCED_FACE ( 'NONE', ( #3279 ), #3281, .F. ) ;
#991 = VERTEX_POINT ( 'NONE', #3294 ) ;
#992 = ORIENTED_EDGE ( 'NONE', *, *, #1044, .F. ) ;
#993 = ORIENTED_EDGE ( 'NONE', *, *, #994, .T. ) ;
#994 = EDGE_CURVE ( 'NONE', #960, #983, #3280, .T. ) ;
#995 = ORIENTED_EDGE ( 'NONE', *, *, #945, .F. ) ;
#996 = ORIENTED_EDGE ( 'NONE', *, *, #928, .F. ) ;
#997 = ADVANCED_FACE ( 'NONE', ( #3274 ), #3269, .F. ) ;
#998 = ORIENTED_EDGE ( 'NONE', *, *, #912, .T. ) ;
#999 = EDGE_LOOP ( 'NONE', ( #995, #985, #1011, #1002, #987 ) ) ;
#1000 = ORIENTED_EDGE ( 'NONE', *, *, #943, .T. ) ;
#1001 = EDGE_LOOP ( 'NONE', ( #993, #992, #989, #53 ) ) ;
#1002 = ORIENTED_EDGE ( 'NONE', *, *, #915, .F. ) ;
#1003 = EDGE_CURVE ( 'NONE', #956, #984, #3320, .T. ) ;
#1004 = ADVANCED_FACE ( 'NONE', ( #3283 ), #3282, .F. ) ;
#1005 = EDGE_CURVE ( 'NONE', #969, #909, #3321, .T. ) ;
#1006 = ADVANCED_FACE ( 'NONE', ( #3307 ), #3287, .T. ) ;
#1007 = ORIENTED_EDGE ( 'NONE', *, *, #951, .T. ) ;
#1008 = ORIENTED_EDGE ( 'NONE', *, *, #963, .F. ) ;
#1009 = ORIENTED_EDGE ( 'NONE', *, *, #961, .T. ) ;
#1010 = ORIENTED_EDGE ( 'NONE', *, *, #948, .F. ) ;
#1011 = ORIENTED_EDGE ( 'NONE', *, *, #986, .T. ) ;
#1012 = EDGE_LOOP ( 'NONE', ( #1058, #1064, #1063, #1053 ) ) ;
#1013 = VERTEX_POINT ( 'NONE', #3317 ) ;
#1014 = ORIENTED_EDGE ( 'NONE', *, *, #1023, .T. ) ;
#1015 = EDGE_CURVE ( 'NONE', #1051, #1059, #2808, .T. ) ;
#1016 = ADVANCED_FACE ( 'NONE', ( #3357 ), #3354, .F. ) ;
#1017 = VERTEX_POINT ( 'NONE', #3351 ) ;
#1018 = EDGE_CURVE ( 'NONE', #1032, #1031, #3344, .T. ) ;
#1019 = EDGE_CURVE ( 'NONE', #1032, #1042, #3337, .T. ) ;
#1020 = ORIENTED_EDGE ( 'NONE', *, *, #1319, .F. ) ;
#1021 = ADVANCED_FACE ( 'NONE', ( #3348 ), #3353, .F. ) ;
#1022 = ORIENTED_EDGE ( 'NONE', *, *, #1175, .F. ) ;
#1023 = EDGE_CURVE ( 'NONE', #1031, #1043, #3330, .T. ) ;
#1024 = ORIENTED_EDGE ( 'NONE', *, *, #980, .F. ) ;
#1025 = ADVANCED_FACE ( 'NONE', ( #3349 ), #3339, .F. ) ;
#1026 = ORIENTED_EDGE ( 'NONE', *, *, #842, .F. ) ;
#1027 = ORIENTED_EDGE ( 'NONE', *, *, #994, .F. ) ;
#1028 = CLOSED_SHELL ( 'NONE', ( #872, #924, #903, #968, #1006, #940, #997, #1004, #990, #51, #1025 ) ) ;
#1029 = ADVANCED_FACE ( 'NONE', ( #3356 ), #3372, .F. ) ;
#1030 = VERTEX_POINT ( 'NONE', #3331 ) ;
#1031 = VERTEX_POINT ( 'NONE', #3368 ) ;
#1032 = VERTEX_POINT ( 'NONE', #3378 ) ;
#1033 = ORIENTED_EDGE ( 'NONE', *, *, #964, .F. ) ;
#1034 = EDGE_CURVE ( 'NONE', #1042, #1043, #3365, .T. ) ;
#1035 = EDGE_LOOP ( 'NONE', ( #976, #1073, #1071, #1014 ) ) ;
#1036 = ORIENTED_EDGE ( 'NONE', *, *, #1019, .T. ) ;
#1037 = MANIFOLD_SOLID_BREP ( '填料-伸長6[1]', #1156 ) ;
#1038 = VERTEX_POINT ( 'NONE', #3363 ) ;
#1039 = ORIENTED_EDGE ( 'NONE', *, *, #1023, .F. ) ;
#1040 = ADVANCED_FACE ( 'NONE', ( #3369 ), #3373, .F. ) ;
#1041 = ORIENTED_EDGE ( 'NONE', *, *, #1018, .F. ) ;
#1042 = VERTEX_POINT ( 'NONE', #3379 ) ;
#1043 = VERTEX_POINT ( 'NONE', #3367 ) ;
#1044 = EDGE_CURVE ( 'NONE', #984, #983, #3359, .T. ) ;
#1045 = ORIENTED_EDGE ( 'NONE', *, *, #1050, .F. ) ;
#1046 = EDGE_LOOP ( 'NONE', ( #1079, #1091, #1094, #1097 ) ) ;
#1047 = ORIENTED_EDGE ( 'NONE', *, *, #1111, .T. ) ;
#1048 = EDGE_CURVE ( 'NONE', #1059, #1100, #3371, .T. ) ;
#1049 = ORIENTED_EDGE ( 'NONE', *, *, #1015, .F. ) ;
#1050 = EDGE_CURVE ( 'NONE', #1061, #1051, #3410, .T. ) ;
#1051 = VERTEX_POINT ( 'NONE', #3360 ) ;
#1052 = EDGE_CURVE ( 'NONE', #1013, #1017, #3406, .T. ) ;
#1053 = ORIENTED_EDGE ( 'NONE', *, *, #1052, .T. ) ;
#1054 = ORIENTED_EDGE ( 'NONE', *, *, #1052, .F. ) ;
#1055 = EDGE_CURVE ( 'NONE', #1068, #1013, #3415, .T. ) ;
#1056 = EDGE_LOOP ( 'NONE', ( #1047, #1049, #1045, #1101 ) ) ;
#1057 = EDGE_CURVE ( 'NONE', #1017, #1066, #3396, .T. ) ;
#1058 = ORIENTED_EDGE ( 'NONE', *, *, #1057, .T. ) ;
#1059 = VERTEX_POINT ( 'NONE', #3411 ) ;
#1060 = EDGE_CURVE ( 'NONE', #1061, #1066, #3392, .T. ) ;
#1061 = VERTEX_POINT ( 'NONE', #3390 ) ;
#1062 = ADVANCED_FACE ( 'NONE', ( #3385 ), #3384, .F. ) ;
#1063 = ORIENTED_EDGE ( 'NONE', *, *, #1110, .F. ) ;
#1064 = ORIENTED_EDGE ( 'NONE', *, *, #1060, .F. ) ;
#1065 = EDGE_LOOP ( 'NONE', ( #1105, #1104, #1103, #1099 ) ) ;
#1066 = VERTEX_POINT ( 'NONE', #3391 ) ;
#1067 = EDGE_CURVE ( 'NONE', #1043, #1070, #3439, .T. ) ;
#1068 = VERTEX_POINT ( 'NONE', #3440 ) ;
#1069 = EDGE_LOOP ( 'NONE', ( #1075, #1054, #1078, #1077 ) ) ;
#1070 = VERTEX_POINT ( 'NONE', #3386 ) ;
#1071 = ORIENTED_EDGE ( 'NONE', *, *, #1074, .F. ) ;
#1072 = EDGE_CURVE ( 'NONE', #1070, #1017, #3405, .T. ) ;
#1073 = ORIENTED_EDGE ( 'NONE', *, *, #1076, .F. ) ;
#1074 = EDGE_CURVE ( 'NONE', #1031, #1068, #3431, .T. ) ;
#1075 = ORIENTED_EDGE ( 'NONE', *, *, #1072, .T. ) ;
#1076 = EDGE_CURVE ( 'NONE', #1068, #1070, #3426, .T. ) ;
#1077 = ORIENTED_EDGE ( 'NONE', *, *, #1076, .T. ) ;
#1078 = ORIENTED_EDGE ( 'NONE', *, *, #1055, .F. ) ;
#1079 = ORIENTED_EDGE ( 'NONE', *, *, #1108, .T. ) ;
#1080 = EDGE_LOOP ( 'NONE', ( #1131, #1022, #1182, #1118 ) ) ;
#1081 = ORIENTED_EDGE ( 'NONE', *, *, #1148, .F. ) ;
#1082 = VERTEX_POINT ( 'NONE', #3383 ) ;
#1083 = EDGE_CURVE ( 'NONE', #1082, #1085, #3420, .T. ) ;
#1084 = ORIENTED_EDGE ( 'NONE', *, *, #1090, .T. ) ;
#1085 = VERTEX_POINT ( 'NONE', #3421 ) ;
#1086 = EDGE_LOOP ( 'NONE', ( #1142, #1141, #1124, #1128 ) ) ;
#1087 = EDGE_LOOP ( 'NONE', ( #1143, #1147, #1081, #1084 ) ) ;
#1088 = ADVANCED_FACE ( 'NONE', ( #3433 ), #3428, .F. ) ;
#1089 = VERTEX_POINT ( 'NONE', #3432 ) ;
#1090 = EDGE_CURVE ( 'NONE', #1113, #1112, #3474, .T. ) ;
#1091 = ORIENTED_EDGE ( 'NONE', *, *, #1090, .F. ) ;
#1092 = EDGE_CURVE ( 'NONE', #1098, #1113, #3469, .T. ) ;
#1093 = EDGE_CURVE ( 'NONE', #1112, #1146, #3464, .T. ) ;
#1094 = ORIENTED_EDGE ( 'NONE', *, *, #1092, .F. ) ;
#1095 = EDGE_CURVE ( 'NONE', #1137, #1140, #3458, .T. ) ;
#1096 = EDGE_CURVE ( 'NONE', #1089, #1146, #3453, .T. ) ;
#1097 = ORIENTED_EDGE ( 'NONE', *, *, #1106, .T. ) ;
#1098 = VERTEX_POINT ( 'NONE', #3449 ) ;
#1099 = ORIENTED_EDGE ( 'NONE', *, *, #1015, .T. ) ;
#1100 = VERTEX_POINT ( 'NONE', #3463 ) ;
#1101 = ORIENTED_EDGE ( 'NONE', *, *, #1060, .T. ) ;
#1102 = ADVANCED_FACE ( 'NONE', ( #3475 ), #3454, .F. ) ;
#1103 = ORIENTED_EDGE ( 'NONE', *, *, #1107, .F. ) ;
#1104 = ORIENTED_EDGE ( 'NONE', *, *, #1106, .F. ) ;
#1105 = ORIENTED_EDGE ( 'NONE', *, *, #1048, .T. ) ;
#1106 = EDGE_CURVE ( 'NONE', #1098, #1100, #3508, .T. ) ;
#1107 = EDGE_CURVE ( 'NONE', #1051, #1098, #3504, .T. ) ;
#1108 = EDGE_CURVE ( 'NONE', #1100, #1112, #3499, .T. ) ;
#1109 = ORIENTED_EDGE ( 'NONE', *, *, #1149, .T. ) ;
#1110 = EDGE_CURVE ( 'NONE', #1013, #1061, #3492, .T. ) ;
#1111 = EDGE_CURVE ( 'NONE', #1066, #1059, #3489, .T. ) ;
#1112 = VERTEX_POINT ( 'NONE', #3447 ) ;
#1113 = VERTEX_POINT ( 'NONE', #3488 ) ;
#1114 = ADVANCED_FACE ( 'NONE', ( #3496 ), #3484, .F. ) ;
#1115 = EDGE_CURVE ( 'NONE', #1137, #1178, #3540, .T. ) ;
#1116 = ORIENTED_EDGE ( 'NONE', *, *, #1176, .T. ) ;
#1117 = EDGE_CURVE ( 'NONE', #1178, #1032, #3537, .T. ) ;
#1118 = ORIENTED_EDGE ( 'NONE', *, *, #1095, .T. ) ;
#1119 = ORIENTED_EDGE ( 'NONE', *, *, #1018, .T. ) ;
#1120 = ADVANCED_FACE ( 'NONE', ( #3482 ), #3505, .F. ) ;
#1121 = ORIENTED_EDGE ( 'NONE', *, *, #1110, .T. ) ;
#1122 = EDGE_LOOP ( 'NONE', ( #1180, #1158, #1160, #1162, #1164, #1204, #1161, #1207, #1163, #1210, #1205, #1212 ) ) ;
#1123 = ORIENTED_EDGE ( 'NONE', *, *, #1175, .T. ) ;
#1124 = ORIENTED_EDGE ( 'NONE', *, *, #1125, .F. ) ;
#1125 = EDGE_CURVE ( 'NONE', #1082, #1137, #3528, .T. ) ;
#1126 = EDGE_CURVE ( 'NONE', #1140, #1127, #3523, .T. ) ;
#1127 = VERTEX_POINT ( 'NONE', #3522 ) ;
#1128 = ORIENTED_EDGE ( 'NONE', *, *, #1083, .T. ) ;
#1129 = ORIENTED_EDGE ( 'NONE', *, *, #1213, .F. ) ;
#1130 = ADVANCED_FACE ( 'NONE', ( #3533 ), #3516, .F. ) ;
#1131 = ORIENTED_EDGE ( 'NONE', *, *, #1126, .T. ) ;
#1132 = ADVANCED_FACE ( 'NONE', ( #3532 ), #3527, .F. ) ;
#1133 = ORIENTED_EDGE ( 'NONE', *, *, #1083, .F. ) ;
#1134 = ORIENTED_EDGE ( 'NONE', *, *, #1135, .F. ) ;
#1135 = EDGE_CURVE ( 'NONE', #1089, #1082, #3568, .T. ) ;
#1136 = EDGE_CURVE ( 'NONE', #1085, #1140, #3562, .T. ) ;
#1137 = VERTEX_POINT ( 'NONE', #3564 ) ;
#1138 = ORIENTED_EDGE ( 'NONE', *, *, #1096, .T. ) ;
#1139 = ADVANCED_FACE ( 'NONE', ( #3512 ), #3517, .F. ) ;
#1140 = VERTEX_POINT ( 'NONE', #3511 ) ;
#1141 = ORIENTED_EDGE ( 'NONE', *, *, #1095, .F. ) ;
#1142 = ORIENTED_EDGE ( 'NONE', *, *, #1136, .T. ) ;
#1143 = ORIENTED_EDGE ( 'NONE', *, *, #1093, .T. ) ;
#1144 = EDGE_LOOP ( 'NONE', ( #1109, #1133, #1134, #1138 ) ) ;
#1145 = ADVANCED_FACE ( 'NONE', ( #3570 ), #3480, .F. ) ;
#1146 = VERTEX_POINT ( 'NONE', #3515 ) ;
#1147 = ORIENTED_EDGE ( 'NONE', *, *, #1096, .F. ) ;
#1148 = EDGE_CURVE ( 'NONE', #1113, #1089, #3549, .T. ) ;
#1149 = EDGE_CURVE ( 'NONE', #1146, #1085, #1979, .T. ) ;
#1150 = ORIENTED_EDGE ( 'NONE', *, *, #1198, .F. ) ;
#1151 = ADVANCED_FACE ( 'NONE', ( #3602 ), #3594, .F. ) ;
#1152 = ORIENTED_EDGE ( 'NONE', *, *, #1135, .T. ) ;
#1153 = VERTEX_POINT ( 'NONE', #3595 ) ;
#1154 = ORIENTED_EDGE ( 'NONE', *, *, #1115, .T. ) ;
#1155 = EDGE_CURVE ( 'NONE', #1196, #1153, #3587, .T. ) ;
#1156 = CLOSED_SHELL ( 'NONE', ( #1040, #1021, #1016, #1062, #1114, #1102, #1088, #1145, #1132, #1139, #1130, #1120, #1165, #1159 ) ) ;
#1157 = EDGE_LOOP ( 'NONE', ( #1600, #1599, #1598, #1584 ) ) ;
#1158 = ORIENTED_EDGE ( 'NONE', *, *, #1176, .F. ) ;
#1159 = ADVANCED_FACE ( 'NONE', ( #3598 ), #3584, .T. ) ;
#1160 = ORIENTED_EDGE ( 'NONE', *, *, #1126, .F. ) ;
#1161 = ORIENTED_EDGE ( 'NONE', *, *, #1108, .F. ) ;
#1162 = ORIENTED_EDGE ( 'NONE', *, *, #1136, .F. ) ;
#1163 = ORIENTED_EDGE ( 'NONE', *, *, #1111, .F. ) ;
#1164 = ORIENTED_EDGE ( 'NONE', *, *, #1149, .F. ) ;
#1165 = ADVANCED_FACE ( 'NONE', ( #3596 ), #3603, .F. ) ;
#1166 = ORIENTED_EDGE ( 'NONE', *, *, #1055, .T. ) ;
#1167 = ORIENTED_EDGE ( 'NONE', *, *, #1107, .T. ) ;
#1168 = ORIENTED_EDGE ( 'NONE', *, *, #1148, .T. ) ;
#1169 = ORIENTED_EDGE ( 'NONE', *, *, #1050, .T. ) ;
#1170 = ORIENTED_EDGE ( 'NONE', *, *, #1125, .T. ) ;
#1171 = ORIENTED_EDGE ( 'NONE', *, *, #1092, .T. ) ;
#1172 = ORIENTED_EDGE ( 'NONE', *, *, #1117, .T. ) ;
#1173 = ORIENTED_EDGE ( 'NONE', *, *, #1019, .F. ) ;
#1174 = ORIENTED_EDGE ( 'NONE', *, *, #1074, .T. ) ;
#1175 = EDGE_CURVE ( 'NONE', #1178, #1127, #3575, .T. ) ;
#1176 = EDGE_CURVE ( 'NONE', #1127, #1042, #3629, .T. ) ;
#1177 = ORIENTED_EDGE ( 'NONE', *, *, #1117, .F. ) ;
#1178 = VERTEX_POINT ( 'NONE', #3631 ) ;
#1179 = EDGE_LOOP ( 'NONE', ( #1119, #1174, #1166, #1121, #1169, #1167, #1171, #1168, #1152, #1170, #1154, #1172 ) ) ;
#1180 = ORIENTED_EDGE ( 'NONE', *, *, #1034, .F. ) ;
#1181 = EDGE_LOOP ( 'NONE', ( #1116, #1173, #1177, #1123 ) ) ;
#1182 = ORIENTED_EDGE ( 'NONE', *, *, #1115, .F. ) ;
#1183 = EDGE_LOOP ( 'NONE', ( #1214, #1195, #1150, #1202 ) ) ;
#1184 = VERTEX_POINT ( 'NONE', #3576 ) ;
#1185 = VERTEX_POINT ( 'NONE', #3583 ) ;
#1186 = ADVANCED_FACE ( 'NONE', ( #3622 ), #3579, .F. ) ;
#1187 = EDGE_CURVE ( 'NONE', #1189, #1197, #3616, .T. ) ;
#1188 = EDGE_CURVE ( 'NONE', #1153, #1197, #3613, .T. ) ;
#1189 = VERTEX_POINT ( 'NONE', #3614 ) ;
#1190 = ORIENTED_EDGE ( 'NONE', *, *, #1187, .F. ) ;
#1191 = EDGE_CURVE ( 'NONE', #1196, #1189, #3607, .T. ) ;
#1192 = ORIENTED_EDGE ( 'NONE', *, *, #1155, .T. ) ;
#1193 = ADVANCED_FACE ( 'NONE', ( #3610 ), #3604, .T. ) ;
#1194 = ADVANCED_FACE ( 'NONE', ( #3588 ), #3664, .F. ) ;
#1195 = ORIENTED_EDGE ( 'NONE', *, *, #1155, .F. ) ;
#1196 = VERTEX_POINT ( 'NONE', #3608 ) ;
#1197 = VERTEX_POINT ( 'NONE', #3623 ) ;
#1198 = EDGE_CURVE ( 'NONE', #1208, #1196, #3655, .T. ) ;
#1199 = EDGE_LOOP ( 'NONE', ( #1200, #4657, #179, #1244 ) ) ;
#1200 = ORIENTED_EDGE ( 'NONE', *, *, #31, .T. ) ;
#1201 = EDGE_CURVE ( 'NONE', #1208, #1206, #3650, .T. ) ;
#1202 = ORIENTED_EDGE ( 'NONE', *, *, #1201, .T. ) ;
#1203 = EDGE_LOOP ( 'NONE', ( #1129, #1020, #1309, #4017, #1355, #1287, #1292, #1295, #1290, #1300, #1288, #1302 ) ) ;
#1204 = ORIENTED_EDGE ( 'NONE', *, *, #1093, .F. ) ;
#1205 = ORIENTED_EDGE ( 'NONE', *, *, #1072, .F. ) ;
#1206 = VERTEX_POINT ( 'NONE', #3657 ) ;
#1207 = ORIENTED_EDGE ( 'NONE', *, *, #1048, .F. ) ;
#1208 = VERTEX_POINT ( 'NONE', #3659 ) ;
#1209 = ORIENTED_EDGE ( 'NONE', *, *, #1191, .F. ) ;
#1210 = ORIENTED_EDGE ( 'NONE', *, *, #1057, .F. ) ;
#1211 = ORIENTED_EDGE ( 'NONE', *, *, #1188, .T. ) ;
#1212 = ORIENTED_EDGE ( 'NONE', *, *, #1067, .F. ) ;
#1213 = EDGE_CURVE ( 'NONE', #1206, #1153, #3645, .T. ) ;
#1214 = ORIENTED_EDGE ( 'NONE', *, *, #1213, .T. ) ;
#1215 = EDGE_LOOP ( 'NONE', ( #1211, #1190, #1209, #1192 ) ) ;
#1216 = MANIFOLD_SOLID_BREP ( '填料-伸長6[2]', #1296 ) ;
#1217 = ORIENTED_EDGE ( 'NONE', *, *, #1565, .F. ) ;
#1218 = ORIENTED_EDGE ( 'NONE', *, *, #1284, .F. ) ;
#1219 = ORIENTED_EDGE ( 'NONE', *, *, #1265, .T. ) ;
#1220 = ORIENTED_EDGE ( 'NONE', *, *, #1278, .T. ) ;
#1221 = ORIENTED_EDGE ( 'NONE', *, *, #1231, .T. ) ;
#1222 = ORIENTED_EDGE ( 'NONE', *, *, #133, .T. ) ;
#1223 = EDGE_CURVE ( 'NONE', #1232, #1267, #3646, .T. ) ;
#1224 = ORIENTED_EDGE ( 'NONE', *, *, #1285, .T. ) ;
#1225 = ORIENTED_EDGE ( 'NONE', *, *, #1234, .T. ) ;
#1226 = ORIENTED_EDGE ( 'NONE', *, *, #1248, .T. ) ;
#1227 = ORIENTED_EDGE ( 'NONE', *, *, #4659, .T. ) ;
#1228 = EDGE_LOOP ( 'NONE', ( #1225, #1283, #1218, #1221 ) ) ;
#1229 = ADVANCED_FACE ( 'NONE', ( #3660 ), #3644, .F. ) ;
#1230 = ORIENTED_EDGE ( 'NONE', *, *, #1231, .F. ) ;
#1231 = EDGE_CURVE ( 'NONE', #1252, #1184, #3698, .T. ) ;
#1232 = VERTEX_POINT ( 'NONE', #3636 ) ;
#1233 = EDGE_CURVE ( 'NONE', #1241, #1252, #3688, .T. ) ;
#1234 = EDGE_CURVE ( 'NONE', #1184, #1282, #3684, .T. ) ;
#1235 = EDGE_LOOP ( 'NONE', ( #1237, #1277, #1257, #1260 ) ) ;
#1236 = ORIENTED_EDGE ( 'NONE', *, *, #1233, .F. ) ;
#1237 = ORIENTED_EDGE ( 'NONE', *, *, #1273, .T. ) ;
#1238 = EDGE_CURVE ( 'NONE', #1189, #24, #3656, .T. ) ;
#1239 = EDGE_CURVE ( 'NONE', #1241, #1243, #3676, .T. ) ;
#1240 = ORIENTED_EDGE ( 'NONE', *, *, #1242, .T. ) ;
#1241 = VERTEX_POINT ( 'NONE', #3694 ) ;
#1242 = EDGE_CURVE ( 'NONE', #3903, #1243, #3669, .T. ) ;
#1243 = VERTEX_POINT ( 'NONE', #3672 ) ;
#1244 = ORIENTED_EDGE ( 'NONE', *, *, #1187, .T. ) ;
#1245 = ADVANCED_FACE ( 'NONE', ( #3670 ), #3679, .F. ) ;
#1246 = EDGE_LOOP ( 'NONE', ( #1240, #1250, #1249, #1227 ) ) ;
#1247 = EDGE_LOOP ( 'NONE', ( #1226, #1230, #1236, #1279 ) ) ;
#1248 = EDGE_CURVE ( 'NONE', #1243, #1184, #3725, .T. ) ;
#1249 = ORIENTED_EDGE ( 'NONE', *, *, #1251, .F. ) ;
#1250 = ORIENTED_EDGE ( 'NONE', *, *, #1239, .F. ) ;
#1251 = EDGE_CURVE ( 'NONE', #24, #1241, #3723, .T. ) ;
#1252 = VERTEX_POINT ( 'NONE', #3717 ) ;
#1253 = EDGE_CURVE ( 'NONE', #1286, #2133, #3715, .T. ) ;
#1254 = EDGE_CURVE ( 'NONE', #4662, #1315, #3709, .T. ) ;
#1255 = EDGE_CURVE ( 'NONE', #1232, #1270, #3704, .T. ) ;
#1256 = ORIENTED_EDGE ( 'NONE', *, *, #1259, .T. ) ;
#1257 = ORIENTED_EDGE ( 'NONE', *, *, #1255, .F. ) ;
#1258 = EDGE_CURVE ( 'NONE', #2133, #4662, #3671, .T. ) ;
#1259 = EDGE_CURVE ( 'NONE', #1286, #1263, #3757, .T. ) ;
#1260 = ORIENTED_EDGE ( 'NONE', *, *, #1223, .T. ) ;
#1261 = EDGE_LOOP ( 'NONE', ( #1222, #562, #1311, #1256 ) ) ;
#1262 = ADVANCED_FACE ( 'NONE', ( #3758 ), #3752, .F. ) ;
#1263 = VERTEX_POINT ( 'NONE', #3750 ) ;
#1264 = ORIENTED_EDGE ( 'NONE', *, *, #1259, .F. ) ;
#1265 = EDGE_CURVE ( 'NONE', #1276, #1263, #3749, .T. ) ;
#1266 = ADVANCED_FACE ( 'NONE', ( #3760 ), #3742, .F. ) ;
#1267 = VERTEX_POINT ( 'NONE', #3747 ) ;
#1268 = ORIENTED_EDGE ( 'NONE', *, *, #1223, .F. ) ;
#1269 = EDGE_CURVE ( 'NONE', #1185, #1232, #3737, .T. ) ;
#1270 = VERTEX_POINT ( 'NONE', #3733 ) ;
#1271 = ORIENTED_EDGE ( 'NONE', *, *, #1269, .F. ) ;
#1272 = EDGE_CURVE ( 'NONE', #1270, #1276, #3734, .T. ) ;
#1273 = EDGE_CURVE ( 'NONE', #1267, #1276, #3788, .T. ) ;
#1274 = EDGE_LOOP ( 'NONE', ( #1219, #1264, #4663, #870 ) ) ;
#1275 = ADVANCED_FACE ( 'NONE', ( #3730 ), #3728, .F. ) ;
#1276 = VERTEX_POINT ( 'NONE', #3786 ) ;
#1277 = ORIENTED_EDGE ( 'NONE', *, *, #1272, .F. ) ;
#1278 = EDGE_CURVE ( 'NONE', #1185, #1282, #3741, .T. ) ;
#1279 = ORIENTED_EDGE ( 'NONE', *, *, #1239, .T. ) ;
#1280 = EDGE_LOOP ( 'NONE', ( #1224, #1268, #1271, #1220 ) ) ;
#1281 = ADVANCED_FACE ( 'NONE', ( #3784 ), #3774, .F. ) ;
#1282 = VERTEX_POINT ( 'NONE', #3779 ) ;
#1283 = ORIENTED_EDGE ( 'NONE', *, *, #1278, .F. ) ;
#1284 = EDGE_CURVE ( 'NONE', #1252, #1185, #3772, .T. ) ;
#1285 = EDGE_CURVE ( 'NONE', #1282, #1267, #3763, .T. ) ;
#1286 = VERTEX_POINT ( 'NONE', #3729 ) ;
#1287 = ORIENTED_EDGE ( 'NONE', *, *, #1273, .F. ) ;
#1288 = ORIENTED_EDGE ( 'NONE', *, *, #31, .F. ) ;
#1289 = EDGE_CURVE ( 'NONE', #1363, #1375, #3823, .T. ) ;
#1290 = ORIENTED_EDGE ( 'NONE', *, *, #1248, .F. ) ;
#1291 = EDGE_CURVE ( 'NONE', #1294, #1340, #3822, .T. ) ;
#1292 = ORIENTED_EDGE ( 'NONE', *, *, #1285, .F. ) ;
#1293 = EDGE_LOOP ( 'NONE', ( #1350, #1327, #1385, #1384 ) ) ;
#1294 = VERTEX_POINT ( 'NONE', #3815 ) ;
#1295 = ORIENTED_EDGE ( 'NONE', *, *, #1234, .F. ) ;
#1296 = CLOSED_SHELL ( 'NONE', ( #1151, #1186, #1194, #1245, #1229, #1281, #1266, #1275, #1262, #561, #1314, #1305, #1310, #1193 ) ) ;
#1297 = DIRECTION ( 'NONE',  ( 0.0000000000000000000, -0.0000000000000000000, 1.000000000000000000 ) ) ;
#1298 = DIRECTION ( 'NONE',  ( -0.0000000000000000000, 1.000000000000000000, 0.0000000000000000000 ) ) ;
#1299 = EDGE_CURVE ( 'NONE', #1301, #1340, #3814, .T. ) ;
#1300 = ORIENTED_EDGE ( 'NONE', *, *, #1242, .F. ) ;
#1301 = VERTEX_POINT ( 'NONE', #3766 ) ;
#1302 = ORIENTED_EDGE ( 'NONE', *, *, #1188, .F. ) ;
#1303 = ORIENTED_EDGE ( 'NONE', *, *, #1349, .F. ) ;
#1304 = ORIENTED_EDGE ( 'NONE', *, *, #1258, .T. ) ;
#1305 = ADVANCED_FACE ( 'NONE', ( #3773 ), #3820, .F. ) ;
#1306 = ORIENTED_EDGE ( 'NONE', *, *, #1201, .F. ) ;
#1307 = ORIENTED_EDGE ( 'NONE', *, *, #1319, .T. ) ;
#1308 = ORIENTED_EDGE ( 'NONE', *, *, #1312, .T. ) ;
#1309 = ORIENTED_EDGE ( 'NONE', *, *, #1254, .F. ) ;
#1310 = ADVANCED_FACE ( 'NONE', ( #3813 ), #3800, .F. ) ;
#1311 = ORIENTED_EDGE ( 'NONE', *, *, #1253, .F. ) ;
#1312 = EDGE_CURVE ( 'NONE', #1313, #1315, #3796, .T. ) ;
#1313 = VERTEX_POINT ( 'NONE', #3851 ) ;
#1314 = ADVANCED_FACE ( 'NONE', ( #3850 ), #3849, .F. ) ;
#1315 = VERTEX_POINT ( 'NONE', #3848 ) ;
#1316 = ORIENTED_EDGE ( 'NONE', *, *, #1312, .F. ) ;
#1317 = ORIENTED_EDGE ( 'NONE', *, *, #1318, .F. ) ;
#1318 = EDGE_CURVE ( 'NONE', #2133, #1313, #3842, .T. ) ;
#1319 = EDGE_CURVE ( 'NONE', #1315, #1206, #3837, .T. ) ;
#1320 = ORIENTED_EDGE ( 'NONE', *, *, #893, .F. ) ;
#1321 = EDGE_LOOP ( 'NONE', ( #1307, #1306, #1320, #1308 ) ) ;
#1322 = EDGE_CURVE ( 'NONE', #1270, #1286, #3831, .T. ) ;
#1323 = EDGE_CURVE ( 'NONE', #1325, #1336, #3827, .T. ) ;
#1324 = EDGE_LOOP ( 'NONE', ( #1368, #1389, #1338, #1383 ) ) ;
#1325 = VERTEX_POINT ( 'NONE', #3824 ) ;
#1326 = ORIENTED_EDGE ( 'NONE', *, *, #1352, .T. ) ;
#1327 = ORIENTED_EDGE ( 'NONE', *, *, #1335, .F. ) ;
#1328 = ADVANCED_FACE ( 'NONE', ( #3838 ), #3878, .T. ) ;
#1329 = EDGE_CURVE ( 'NONE', #1354, #1301, #3876, .T. ) ;
#1330 = EDGE_LOOP ( 'NONE', ( #1364, #1366, #1359, #1365 ) ) ;
#1331 = ORIENTED_EDGE ( 'NONE', *, *, #1332, .F. ) ;
#1332 = EDGE_CURVE ( 'NONE', #1353, #1354, #3869, .T. ) ;
#1333 = EDGE_CURVE ( 'NONE', #1353, #1348, #3866, .T. ) ;
#1334 = VERTEX_POINT ( 'NONE', #3832 ) ;
#1335 = EDGE_CURVE ( 'NONE', #1336, #1354, #3880, .T. ) ;
#1336 = VERTEX_POINT ( 'NONE', #3861 ) ;
#1337 = ORIENTED_EDGE ( 'NONE', *, *, #1333, .T. ) ;
#1338 = ORIENTED_EDGE ( 'NONE', *, *, #1369, .F. ) ;
#1339 = ORIENTED_EDGE ( 'NONE', *, *, #1291, .T. ) ;
#1340 = VERTEX_POINT ( 'NONE', #3836 ) ;
#1341 = EDGE_LOOP ( 'NONE', ( #1351, #1347, #1331, #1337 ) ) ;
#1342 = MANIFOLD_SOLID_BREP ( '填料-伸長10', #1392 ) ;
#1343 = PLANE ( 'NONE',  #1437 ) ;
#1344 = LINE ( 'NONE', #222, #1780 ) ;
#1345 = ADVANCED_FACE ( 'NONE', ( #3881 ), #3853, .T. ) ;
#1346 = ORIENTED_EDGE ( 'NONE', *, *, #1299, .F. ) ;
#1347 = ORIENTED_EDGE ( 'NONE', *, *, #1329, .F. ) ;
#1348 = VERTEX_POINT ( 'NONE', #3915 ) ;
#1349 = EDGE_CURVE ( 'NONE', #1348, #1301, #3908, .T. ) ;
#1350 = ORIENTED_EDGE ( 'NONE', *, *, #1332, .T. ) ;
#1351 = ORIENTED_EDGE ( 'NONE', *, *, #1349, .T. ) ;
#1352 = EDGE_CURVE ( 'NONE', #1348, #1294, #3906, .T. ) ;
#1353 = VERTEX_POINT ( 'NONE', #3905 ) ;
#1354 = VERTEX_POINT ( 'NONE', #3904 ) ;
#1355 = ORIENTED_EDGE ( 'NONE', *, *, #1265, .F. ) ;
#1356 = EDGE_LOOP ( 'NONE', ( #1339, #1346, #1303, #1326 ) ) ;
#1357 = ORIENTED_EDGE ( 'NONE', *, *, #1419, .F. ) ;
#1358 = EDGE_CURVE ( 'NONE', #1381, #1370, #3902, .T. ) ;
#1359 = ORIENTED_EDGE ( 'NONE', *, *, #1367, .F. ) ;
#1360 = VERTEX_POINT ( 'NONE', #3898 ) ;
#1361 = ADVANCED_FACE ( 'NONE', ( #3895 ), #3872, .T. ) ;
#1362 = ORIENTED_EDGE ( 'NONE', *, *, #1425, .T. ) ;
#1363 = VERTEX_POINT ( 'NONE', #3901 ) ;
#1364 = ORIENTED_EDGE ( 'NONE', *, *, #1380, .T. ) ;
#1365 = ORIENTED_EDGE ( 'NONE', *, *, #1417, .T. ) ;
#1366 = ORIENTED_EDGE ( 'NONE', *, *, #1289, .F. ) ;
#1367 = EDGE_CURVE ( 'NONE', #1360, #1363, #3885, .T. ) ;
#1368 = ORIENTED_EDGE ( 'NONE', *, *, #1386, .T. ) ;
#1369 = EDGE_CURVE ( 'NONE', #1370, #1325, #3946, .T. ) ;
#1370 = VERTEX_POINT ( 'NONE', #3948 ) ;
#1371 = EDGE_LOOP ( 'NONE', ( #1422, #1357, #1423, #1362 ) ) ;
#1372 = ORIENTED_EDGE ( 'NONE', *, *, #1358, .T. ) ;
#1373 = EDGE_CURVE ( 'NONE', #1370, #1334, #3941, .T. ) ;
#1374 = EDGE_LOOP ( 'NONE', ( #1427, #1414, #1413, #1415 ) ) ;
#1375 = VERTEX_POINT ( 'NONE', #3939 ) ;
#1376 = ORIENTED_EDGE ( 'NONE', *, *, #1369, .T. ) ;
#1377 = ORIENTED_EDGE ( 'NONE', *, *, #1380, .F. ) ;
#1378 = ADVANCED_FACE ( 'NONE', ( #3887 ), #3947, .F. ) ;
#1379 = EDGE_CURVE ( 'NONE', #1375, #1325, #3888, .T. ) ;
#1380 = EDGE_CURVE ( 'NONE', #1381, #1375, #3929, .T. ) ;
#1381 = VERTEX_POINT ( 'NONE', #3925 ) ;
#1382 = ADVANCED_FACE ( 'NONE', ( #3931 ), #3934, .F. ) ;
#1383 = ORIENTED_EDGE ( 'NONE', *, *, #1373, .T. ) ;
#1384 = ORIENTED_EDGE ( 'NONE', *, *, #1388, .T. ) ;
#1385 = ORIENTED_EDGE ( 'NONE', *, *, #1386, .F. ) ;
#1386 = EDGE_CURVE ( 'NONE', #1334, #1336, #3919, .T. ) ;
#1387 = ORIENTED_EDGE ( 'NONE', *, *, #1379, .F. ) ;
#1388 = EDGE_CURVE ( 'NONE', #1334, #1353, #3978, .T. ) ;
#1389 = ORIENTED_EDGE ( 'NONE', *, *, #1323, .F. ) ;
#1390 = EDGE_LOOP ( 'NONE', ( #1376, #1387, #1377, #1372 ) ) ;
#1391 = ADVANCED_FACE ( 'NONE', ( #3920 ), #3930, .T. ) ;
#1392 = CLOSED_SHELL ( 'NONE', ( #1345, #1328, #1382, #1391, #1378, #1361, #1421, #1411, #1416, #1451 ) ) ;
#1393 = CARTESIAN_POINT ( 'NONE',  ( -0.7901923788647049500, -0.1999999999999921600, -0.02000000000000000000 ) ) ;
#1394 = VECTOR ( 'NONE', #240, 1000.000000000000000 ) ;
#1395 = ORIENTED_EDGE ( 'NONE', *, *, #1352, .F. ) ;
#1396 = EDGE_LOOP ( 'NONE', ( #1453, #1405, #1452, #1455, #1410, #1459, #1454, #1461 ) ) ;
#1397 = ORIENTED_EDGE ( 'NONE', *, *, #1333, .F. ) ;
#1398 = ORIENTED_EDGE ( 'NONE', *, *, #1425, .F. ) ;
#1399 = EDGE_LOOP ( 'NONE', ( #1462, #1445, #1442, #1449 ) ) ;
#1400 = ORIENTED_EDGE ( 'NONE', *, *, #1358, .F. ) ;
#1401 = ORIENTED_EDGE ( 'NONE', *, *, #1496, .F. ) ;
#1402 = ORIENTED_EDGE ( 'NONE', *, *, #1388, .F. ) ;
#1403 = ORIENTED_EDGE ( 'NONE', *, *, #1373, .F. ) ;
#1404 = VERTEX_POINT ( 'NONE', #3973 ) ;
#1405 = ORIENTED_EDGE ( 'NONE', *, *, #1426, .T. ) ;
#1406 = ORIENTED_EDGE ( 'NONE', *, *, #1417, .F. ) ;
#1407 = EDGE_CURVE ( 'NONE', #1404, #1458, #3962, .T. ) ;
#1408 = EDGE_CURVE ( 'NONE', #1457, #1458, #3955, .T. ) ;
#1409 = ORIENTED_EDGE ( 'NONE', *, *, #1412, .F. ) ;
#1410 = ORIENTED_EDGE ( 'NONE', *, *, #1379, .T. ) ;
#1411 = ADVANCED_FACE ( 'NONE', ( #3968 ), #3963, .T. ) ;
#1412 = EDGE_CURVE ( 'NONE', #1294, #1418, #4009, .T. ) ;
#1413 = ORIENTED_EDGE ( 'NONE', *, *, #1291, .F. ) ;
#1414 = ORIENTED_EDGE ( 'NONE', *, *, #1426, .F. ) ;
#1415 = ORIENTED_EDGE ( 'NONE', *, *, #1412, .T. ) ;
#1416 = ADVANCED_FACE ( 'NONE', ( #3961 ), #3977, .F. ) ;
#1417 = EDGE_CURVE ( 'NONE', #1360, #1381, #3998, .T. ) ;
#1418 = VERTEX_POINT ( 'NONE', #4001 ) ;
#1419 = EDGE_CURVE ( 'NONE', #1420, #1363, #3956, .T. ) ;
#1420 = VERTEX_POINT ( 'NONE', #3996 ) ;
#1421 = ADVANCED_FACE ( 'NONE', ( #4007 ), #3992, .T. ) ;
#1422 = ORIENTED_EDGE ( 'NONE', *, *, #1367, .T. ) ;
#1423 = ORIENTED_EDGE ( 'NONE', *, *, #1424, .F. ) ;
#1424 = EDGE_CURVE ( 'NONE', #1418, #1420, #4042, .T. ) ;
#1425 = EDGE_CURVE ( 'NONE', #1418, #1360, #3993, .T. ) ;
#1426 = EDGE_CURVE ( 'NONE', #1340, #1420, #4034, .T. ) ;
#1427 = ORIENTED_EDGE ( 'NONE', *, *, #1424, .T. ) ;
#1428 = ORIENTED_EDGE ( 'NONE', *, *, #1479, .T. ) ;
#1429 = VERTEX_POINT ( 'NONE', #4039 ) ;
#1430 = VERTEX_POINT ( 'NONE', #4000 ) ;
#1431 = ORIENTED_EDGE ( 'NONE', *, *, #1481, .F. ) ;
#1432 = ORIENTED_EDGE ( 'NONE', *, *, #1493, .T. ) ;
#1433 = ADVANCED_FACE ( 'NONE', ( #3994 ), #3982, .F. ) ;
#1434 = VERTEX_POINT ( 'NONE', #4030 ) ;
#1435 = EDGE_LOOP ( 'NONE', ( #1485, #1467, #1470, #1428 ) ) ;
#1436 = MANIFOLD_SOLID_BREP ( '填料-伸長11[1]', #1621 ) ;
#1437 = AXIS2_PLACEMENT_3D ( 'NONE', #1393, #1298, #1297 ) ;
#1438 = DIRECTION ( 'NONE',  ( -1.000000000000000000, -0.0000000000000000000, -0.0000000000000000000 ) ) ;
#1439 = VECTOR ( 'NONE', #1438, 1000.000000000000000 ) ;
#1440 = EDGE_LOOP ( 'NONE', ( #1492, #1491, #1401, #1448 ) ) ;
#1441 = ADVANCED_FACE ( 'NONE', ( #4028 ), #4027, .F. ) ;
#1442 = ORIENTED_EDGE ( 'NONE', *, *, #1446, .F. ) ;
#1443 = VERTEX_POINT ( 'NONE', #4025 ) ;
#1444 = VERTEX_POINT ( 'NONE', #4032 ) ;
#1445 = ORIENTED_EDGE ( 'NONE', *, *, #1407, .F. ) ;
#1446 = EDGE_CURVE ( 'NONE', #1443, #1404, #4016, .T. ) ;
#1447 = EDGE_CURVE ( 'NONE', #1443, #1457, #4067, .T. ) ;
#1448 = ORIENTED_EDGE ( 'NONE', *, *, #1407, .T. ) ;
#1449 = ORIENTED_EDGE ( 'NONE', *, *, #1447, .T. ) ;
#1450 = EDGE_LOOP ( 'NONE', ( #1460, #1478, #1431, #1432 ) ) ;
#1451 = ADVANCED_FACE ( 'NONE', ( #4026 ), #4068, .T. ) ;
#1452 = ORIENTED_EDGE ( 'NONE', *, *, #1419, .T. ) ;
#1453 = ORIENTED_EDGE ( 'NONE', *, *, #1299, .T. ) ;
#1454 = ORIENTED_EDGE ( 'NONE', *, *, #1335, .T. ) ;
#1455 = ORIENTED_EDGE ( 'NONE', *, *, #1289, .T. ) ;
#1456 = VERTEX_POINT ( 'NONE', #4062 ) ;
#1457 = VERTEX_POINT ( 'NONE', #4058 ) ;
#1458 = VERTEX_POINT ( 'NONE', #4022 ) ;
#1459 = ORIENTED_EDGE ( 'NONE', *, *, #1323, .T. ) ;
#1460 = ORIENTED_EDGE ( 'NONE', *, *, #1489, .T. ) ;
#1461 = ORIENTED_EDGE ( 'NONE', *, *, #1329, .T. ) ;
#1462 = ORIENTED_EDGE ( 'NONE', *, *, #1408, .T. ) ;
#1463 = EDGE_CURVE ( 'NONE', #1474, #1522, #4057, .T. ) ;
#1464 = EDGE_CURVE ( 'NONE', #1524, #1465, #4053, .T. ) ;
#1465 = VERTEX_POINT ( 'NONE', #4063 ) ;
#1466 = EDGE_LOOP ( 'NONE', ( #1581, #1620, #1623, #1628, #1630, #1626, #1632, #1624, #1607, #1631, #1609, #1633, #1612, #1608, #1615, #1610 ) ) ;
#1467 = ORIENTED_EDGE ( 'NONE', *, *, #1484, .F. ) ;
#1468 = EDGE_CURVE ( 'NONE', #1430, #1444, #4036, .T. ) ;
#1469 = EDGE_CURVE ( 'NONE', #1429, #1488, #4046, .T. ) ;
#1470 = ORIENTED_EDGE ( 'NONE', *, *, #1468, .F. ) ;
#1471 = ORIENTED_EDGE ( 'NONE', *, *, #1464, .T. ) ;
#1472 = EDGE_LOOP ( 'NONE', ( #1471, #1517, #1515, #1503 ) ) ;
#1473 = EDGE_CURVE ( 'NONE', #1474, #1488, #2814, .T. ) ;
#1474 = VERTEX_POINT ( 'NONE', #4100 ) ;
#1475 = ADVANCED_FACE ( 'NONE', ( #4099 ), #4097, .F. ) ;
#1476 = ORIENTED_EDGE ( 'NONE', *, *, #1520, .F. ) ;
#1477 = ORIENTED_EDGE ( 'NONE', *, *, #1473, .F. ) ;
#1478 = ORIENTED_EDGE ( 'NONE', *, *, #1479, .F. ) ;
#1479 = EDGE_CURVE ( 'NONE', #1430, #1434, #4088, .T. ) ;
#1480 = ORIENTED_EDGE ( 'NONE', *, *, #1469, .T. ) ;
#1481 = EDGE_CURVE ( 'NONE', #1495, #1430, #4095, .T. ) ;
#1482 = EDGE_CURVE ( 'NONE', #1434, #1429, #4077, .T. ) ;
#1483 = EDGE_LOOP ( 'NONE', ( #1529, #1528, #1526, #1523 ) ) ;
#1484 = EDGE_CURVE ( 'NONE', #1444, #1429, #4074, .T. ) ;
#1485 = ORIENTED_EDGE ( 'NONE', *, *, #1482, .T. ) ;
#1486 = EDGE_LOOP ( 'NONE', ( #1480, #1477, #1476, #1525 ) ) ;
#1487 = ADVANCED_FACE ( 'NONE', ( #4098 ), #4070, .F. ) ;
#1488 = VERTEX_POINT ( 'NONE', #4130 ) ;
#1489 = EDGE_CURVE ( 'NONE', #1456, #1434, #4124, .T. ) ;
#1490 = ADVANCED_FACE ( 'NONE', ( #4131 ), #4120, .F. ) ;
#1491 = ORIENTED_EDGE ( 'NONE', *, *, #1493, .F. ) ;
#1492 = ORIENTED_EDGE ( 'NONE', *, *, #1494, .T. ) ;
#1493 = EDGE_CURVE ( 'NONE', #1495, #1456, #4118, .T. ) ;
#1494 = EDGE_CURVE ( 'NONE', #1458, #1456, #4112, .T. ) ;
#1495 = VERTEX_POINT ( 'NONE', #4113 ) ;
#1496 = EDGE_CURVE ( 'NONE', #1404, #1495, #4108, .T. ) ;
#1497 = EDGE_CURVE ( 'NONE', #1522, #1514, #4102, .T. ) ;
#1498 = EDGE_CURVE ( 'NONE', #1500, #1502, #4163, .T. ) ;
#1499 = ORIENTED_EDGE ( 'NONE', *, *, #1501, .T. ) ;
#1500 = VERTEX_POINT ( 'NONE', #4159 ) ;
#1501 = EDGE_CURVE ( 'NONE', #1465, #1502, #4157, .T. ) ;
#1502 = VERTEX_POINT ( 'NONE', #4109 ) ;
#1503 = ORIENTED_EDGE ( 'NONE', *, *, #1530, .T. ) ;
#1504 = ADVANCED_FACE ( 'NONE', ( #4151 ), #4158, .F. ) ;
#1505 = VERTEX_POINT ( 'NONE', #4129 ) ;
#1506 = EDGE_LOOP ( 'NONE', ( #1499, #1509, #1513, #1557 ) ) ;
#1507 = EDGE_LOOP ( 'NONE', ( #1556, #1560, #1559, #1564 ) ) ;
#1508 = EDGE_CURVE ( 'NONE', #1502, #1512, #4147, .T. ) ;
#1509 = ORIENTED_EDGE ( 'NONE', *, *, #1498, .F. ) ;
#1510 = EDGE_CURVE ( 'NONE', #1514, #1500, #4140, .T. ) ;
#1511 = EDGE_LOOP ( 'NONE', ( #1555, #1543, #1546, #1552 ) ) ;
#1512 = VERTEX_POINT ( 'NONE', #4150 ) ;
#1513 = ORIENTED_EDGE ( 'NONE', *, *, #1510, .F. ) ;
#1514 = VERTEX_POINT ( 'NONE', #4142 ) ;
#1515 = ORIENTED_EDGE ( 'NONE', *, *, #1497, .F. ) ;
#1516 = ADVANCED_FACE ( 'NONE', ( #4141 ), #4144, .F. ) ;
#1517 = ORIENTED_EDGE ( 'NONE', *, *, #1518, .F. ) ;
#1518 = EDGE_CURVE ( 'NONE', #1514, #1465, #4134, .T. ) ;
#1519 = ADVANCED_FACE ( 'NONE', ( #4143 ), #4136, .F. ) ;
#1520 = EDGE_CURVE ( 'NONE', #1444, #1474, #4187, .T. ) ;
#1521 = EDGE_CURVE ( 'NONE', #1488, #1524, #4176, .T. ) ;
#1522 = VERTEX_POINT ( 'NONE', #4178 ) ;
#1523 = ORIENTED_EDGE ( 'NONE', *, *, #1473, .T. ) ;
#1524 = VERTEX_POINT ( 'NONE', #4177 ) ;
#1525 = ORIENTED_EDGE ( 'NONE', *, *, #1484, .T. ) ;
#1526 = ORIENTED_EDGE ( 'NONE', *, *, #1463, .F. ) ;
#1527 = ADVANCED_FACE ( 'NONE', ( #4197 ), #4135, .F. ) ;
#1528 = ORIENTED_EDGE ( 'NONE', *, *, #1530, .F. ) ;
#1529 = ORIENTED_EDGE ( 'NONE', *, *, #1521, .T. ) ;
#1530 = EDGE_CURVE ( 'NONE', #1522, #1524, #4190, .T. ) ;
#1531 = EDGE_CURVE ( 'NONE', #1549, #1538, #4227, .T. ) ;
#1532 = ORIENTED_EDGE ( 'NONE', *, *, #869, .F. ) ;
#1533 = ORIENTED_EDGE ( 'NONE', *, *, #1590, .F. ) ;
#1534 = EDGE_LOOP ( 'NONE', ( #1588, #1587, #1533, #1570 ) ) ;
#1535 = EDGE_CURVE ( 'NONE', #1536, #1538, #4169, .T. ) ;
#1536 = VERTEX_POINT ( 'NONE', #4221 ) ;
#1537 = ADVANCED_FACE ( 'NONE', ( #4220 ), #4216, .F. ) ;
#1538 = VERTEX_POINT ( 'NONE', #4214 ) ;
#1539 = ORIENTED_EDGE ( 'NONE', *, *, #1535, .F. ) ;
#1540 = EDGE_CURVE ( 'NONE', #1544, #1542, #4208, .T. ) ;
#1541 = ADVANCED_FACE ( 'NONE', ( #4213 ), #4204, .F. ) ;
#1542 = VERTEX_POINT ( 'NONE', #4210 ) ;
#1543 = ORIENTED_EDGE ( 'NONE', *, *, #1540, .F. ) ;
#1544 = VERTEX_POINT ( 'NONE', #4215 ) ;
#1545 = EDGE_LOOP ( 'NONE', ( #1554, #1217, #1532, #1550 ) ) ;
#1546 = ORIENTED_EDGE ( 'NONE', *, *, #1547, .F. ) ;
#1547 = EDGE_CURVE ( 'NONE', #1505, #1544, #4265, .T. ) ;
#1548 = VERTEX_POINT ( 'NONE', #4209 ) ;
#1549 = VERTEX_POINT ( 'NONE', #4201 ) ;
#1550 = ORIENTED_EDGE ( 'NONE', *, *, #1540, .T. ) ;
#1551 = ORIENTED_EDGE ( 'NONE', *, *, #1531, .T. ) ;
#1552 = ORIENTED_EDGE ( 'NONE', *, *, #1561, .T. ) ;
#1553 = EDGE_LOOP ( 'NONE', ( #1551, #1539, #1592, #1596 ) ) ;
#1554 = ORIENTED_EDGE ( 'NONE', *, *, #1562, .T. ) ;
#1555 = ORIENTED_EDGE ( 'NONE', *, *, #1563, .T. ) ;
#1556 = ORIENTED_EDGE ( 'NONE', *, *, #1508, .T. ) ;
#1557 = ORIENTED_EDGE ( 'NONE', *, *, #1518, .T. ) ;
#1558 = ADVANCED_FACE ( 'NONE', ( #4199 ), #4203, .F. ) ;
#1559 = ORIENTED_EDGE ( 'NONE', *, *, #1566, .F. ) ;
#1560 = ORIENTED_EDGE ( 'NONE', *, *, #1561, .F. ) ;
#1561 = EDGE_CURVE ( 'NONE', #1505, #1512, #4256, .T. ) ;
#1562 = EDGE_CURVE ( 'NONE', #1542, #1549, #4251, .T. ) ;
#1563 = EDGE_CURVE ( 'NONE', #1512, #1542, #4246, .T. ) ;
#1564 = ORIENTED_EDGE ( 'NONE', *, *, #1498, .T. ) ;
#1565 = EDGE_CURVE ( 'NONE', #1548, #1549, #4242, .T. ) ;
#1566 = EDGE_CURVE ( 'NONE', #1500, #1505, #4236, .T. ) ;
#1567 = ORIENTED_EDGE ( 'NONE', *, *, #1447, .F. ) ;
#1568 = EDGE_CURVE ( 'NONE', #1586, #1030, #4294, .T. ) ;
#1569 = VERTEX_POINT ( 'NONE', #4295 ) ;
#1570 = ORIENTED_EDGE ( 'NONE', *, *, #1601, .T. ) ;
#1571 = ADVANCED_FACE ( 'NONE', ( #4291 ), #4268, .F. ) ;
#1572 = ORIENTED_EDGE ( 'NONE', *, *, #1577, .F. ) ;
#1573 = ORIENTED_EDGE ( 'NONE', *, *, #1575, .F. ) ;
#1574 = ORIENTED_EDGE ( 'NONE', *, *, #1568, .T. ) ;
#1575 = EDGE_CURVE ( 'NONE', #1569, #1030, #4284, .T. ) ;
#1576 = ORIENTED_EDGE ( 'NONE', *, *, #1575, .T. ) ;
#1577 = EDGE_CURVE ( 'NONE', #1583, #1569, #4285, .T. ) ;
#1578 = EDGE_CURVE ( 'NONE', #1030, #1457, #4278, .T. ) ;
#1579 = EDGE_CURVE ( 'NONE', #1536, #1595, #4275, .T. ) ;
#1580 = EDGE_CURVE ( 'NONE', #1038, #1586, #4270, .T. ) ;
#1581 = ORIENTED_EDGE ( 'NONE', *, *, #1446, .T. ) ;
#1582 = EDGE_LOOP ( 'NONE', ( #1638, #1567, #1635, #1576 ) ) ;
#1583 = VERTEX_POINT ( 'NONE', #4317 ) ;
#1584 = ORIENTED_EDGE ( 'NONE', *, *, #1535, .T. ) ;
#1585 = ADVANCED_FACE ( 'NONE', ( #4247 ), #4243, .F. ) ;
#1586 = VERTEX_POINT ( 'NONE', #4289 ) ;
#1587 = ORIENTED_EDGE ( 'NONE', *, *, #1589, .F. ) ;
#1588 = ORIENTED_EDGE ( 'NONE', *, *, #1580, .T. ) ;
#1589 = EDGE_CURVE ( 'NONE', #1583, #1586, #4311, .T. ) ;
#1590 = EDGE_CURVE ( 'NONE', #1595, #1583, #4308, .T. ) ;
#1591 = EDGE_CURVE ( 'NONE', #1569, #1443, #4303, .T. ) ;
#1592 = ORIENTED_EDGE ( 'NONE', *, *, #1593, .F. ) ;
#1593 = EDGE_CURVE ( 'NONE', #1548, #1536, #4299, .T. ) ;
#1594 = EDGE_LOOP ( 'NONE', ( #1574, #1573, #1572, #1636 ) ) ;
#1595 = VERTEX_POINT ( 'NONE', #4314 ) ;
#1596 = ORIENTED_EDGE ( 'NONE', *, *, #1565, .T. ) ;
#1597 = ADVANCED_FACE ( 'NONE', ( #4304 ), #3076, .F. ) ;
#1598 = ORIENTED_EDGE ( 'NONE', *, *, #1579, .F. ) ;
#1599 = ORIENTED_EDGE ( 'NONE', *, *, #1601, .F. ) ;
#1600 = ORIENTED_EDGE ( 'NONE', *, *, #1602, .T. ) ;
#1601 = EDGE_CURVE ( 'NONE', #1595, #1038, #4343, .T. ) ;
#1602 = EDGE_CURVE ( 'NONE', #1538, #1038, #4338, .T. ) ;
#1603 = ORIENTED_EDGE ( 'NONE', *, *, #1563, .F. ) ;
#1604 = ORIENTED_EDGE ( 'NONE', *, *, #1469, .F. ) ;
#1605 = ORIENTED_EDGE ( 'NONE', *, *, #1501, .F. ) ;
#1606 = ORIENTED_EDGE ( 'NONE', *, *, #1489, .F. ) ;
#1607 = ORIENTED_EDGE ( 'NONE', *, *, #1566, .T. ) ;
#1608 = ORIENTED_EDGE ( 'NONE', *, *, #1590, .T. ) ;
#1609 = ORIENTED_EDGE ( 'NONE', *, *, #869, .T. ) ;
#1610 = ORIENTED_EDGE ( 'NONE', *, *, #1591, .T. ) ;
#1611 = EDGE_CURVE ( 'NONE', #1663, #1670, #4346, .T. ) ;
#1612 = ORIENTED_EDGE ( 'NONE', *, *, #1579, .T. ) ;
#1613 = ORIENTED_EDGE ( 'NONE', *, *, #1578, .F. ) ;
#1614 = ORIENTED_EDGE ( 'NONE', *, *, #1408, .F. ) ;
#1615 = ORIENTED_EDGE ( 'NONE', *, *, #1577, .T. ) ;
#1616 = ORIENTED_EDGE ( 'NONE', *, *, #1658, .T. ) ;
#1617 = ORIENTED_EDGE ( 'NONE', *, *, #1602, .F. ) ;
#1618 = ADVANCED_FACE ( 'NONE', ( #4339 ), #4344, .T. ) ;
#1619 = ORIENTED_EDGE ( 'NONE', *, *, #1568, .F. ) ;
#1620 = ORIENTED_EDGE ( 'NONE', *, *, #1496, .T. ) ;
#1621 = CLOSED_SHELL ( 'NONE', ( #1441, #1490, #1433, #1487, #1475, #1527, #1516, #1504, #1558, #1541, #1029, #1537, #1597, #1585, #1571, #1637, #1519, #1618 ) ) ;
#1622 = CIRCLE ( 'NONE', #1764, 0.2999999999998318500 ) ;
#1623 = ORIENTED_EDGE ( 'NONE', *, *, #1481, .T. ) ;
#1624 = ORIENTED_EDGE ( 'NONE', *, *, #1510, .T. ) ;
#1625 = EDGE_LOOP ( 'NONE', ( #1627, #1667, #1643, #1645 ) ) ;
#1626 = ORIENTED_EDGE ( 'NONE', *, *, #1463, .T. ) ;
#1627 = ORIENTED_EDGE ( 'NONE', *, *, #1611, .T. ) ;
#1628 = ORIENTED_EDGE ( 'NONE', *, *, #1468, .T. ) ;
#1629 = EDGE_LOOP ( 'NONE', ( #1614, #1613, #1619, #1672, #1617, #1674, #1671, #1603, #1673, #1605, #1675, #1654, #1604, #1657, #1606, #1660 ) ) ;
#1630 = ORIENTED_EDGE ( 'NONE', *, *, #1520, .T. ) ;
#1631 = ORIENTED_EDGE ( 'NONE', *, *, #1547, .T. ) ;
#1632 = ORIENTED_EDGE ( 'NONE', *, *, #1497, .T. ) ;
#1633 = ORIENTED_EDGE ( 'NONE', *, *, #1593, .T. ) ;
#1634 = ORIENTED_EDGE ( 'NONE', *, *, #1692, .T. ) ;
#1635 = ORIENTED_EDGE ( 'NONE', *, *, #1591, .F. ) ;
#1636 = ORIENTED_EDGE ( 'NONE', *, *, #1589, .T. ) ;
#1637 = ADVANCED_FACE ( 'NONE', ( #4327 ), #4348, .F. ) ;
#1638 = ORIENTED_EDGE ( 'NONE', *, *, #1578, .T. ) ;
#1639 = ORIENTED_EDGE ( 'NONE', *, *, #1711, .F. ) ;
#1640 = EDGE_CURVE ( 'NONE', #1666, #1655, #4380, .T. ) ;
#1641 = EDGE_LOOP ( 'NONE', ( #1656, #1710, #1639, #1647 ) ) ;
#1642 = EDGE_LOOP ( 'NONE', ( #3995, #2240, #4094, #4198 ) ) ;
#1643 = ORIENTED_EDGE ( 'NONE', *, *, #1640, .F. ) ;
#1644 = EDGE_CURVE ( 'NONE', #1666, #1663, #4376, .T. ) ;
#1645 = ORIENTED_EDGE ( 'NONE', *, *, #1644, .T. ) ;
#1646 = EDGE_CURVE ( 'NONE', #1659, #1702, #4372, .T. ) ;
#1647 = ORIENTED_EDGE ( 'NONE', *, *, #1650, .T. ) ;
#1648 = ADVANCED_FACE ( 'NONE', ( #4329 ), #4334, .F. ) ;
#1649 = ORIENTED_EDGE ( 'NONE', *, *, #1650, .F. ) ;
#1650 = EDGE_CURVE ( 'NONE', #1653, #1659, #4367, .T. ) ;
#1651 = ADVANCED_FACE ( 'NONE', ( #4362 ), #4377, .F. ) ;
#1652 = ORIENTED_EDGE ( 'NONE', *, *, #1700, .F. ) ;
#1653 = VERTEX_POINT ( 'NONE', #4356 ) ;
#1654 = ORIENTED_EDGE ( 'NONE', *, *, #1521, .F. ) ;
#1655 = VERTEX_POINT ( 'NONE', #4350 ) ;
#1656 = ORIENTED_EDGE ( 'NONE', *, *, #1646, .T. ) ;
#1657 = ORIENTED_EDGE ( 'NONE', *, *, #1482, .F. ) ;
#1658 = EDGE_CURVE ( 'NONE', #1670, #1659, #4358, .T. ) ;
#1659 = VERTEX_POINT ( 'NONE', #4409 ) ;
#1660 = ORIENTED_EDGE ( 'NONE', *, *, #1494, .F. ) ;
#1661 = EDGE_CURVE ( 'NONE', #991, #291, #4410, .T. ) ;
#1662 = MANIFOLD_SOLID_BREP ( '填料-伸長11[2]', #1777 ) ;
#1663 = VERTEX_POINT ( 'NONE', #4404 ) ;
#1664 = EDGE_LOOP ( 'NONE', ( #1616, #1649, #1652, #1669 ) ) ;
#1665 = ADVANCED_FACE ( 'NONE', ( #4400 ), #4351, .F. ) ;
#1666 = VERTEX_POINT ( 'NONE', #4406 ) ;
#1667 = ORIENTED_EDGE ( 'NONE', *, *, #1668, .F. ) ;
#1668 = EDGE_CURVE ( 'NONE', #1655, #1670, #4398, .T. ) ;
#1669 = ORIENTED_EDGE ( 'NONE', *, *, #1668, .T. ) ;
#1670 = VERTEX_POINT ( 'NONE', #4373 ) ;
#1671 = ORIENTED_EDGE ( 'NONE', *, *, #1562, .F. ) ;
#1672 = ORIENTED_EDGE ( 'NONE', *, *, #1580, .F. ) ;
#1673 = ORIENTED_EDGE ( 'NONE', *, *, #1508, .F. ) ;
#1674 = ORIENTED_EDGE ( 'NONE', *, *, #1531, .F. ) ;
#1675 = ORIENTED_EDGE ( 'NONE', *, *, #1464, .F. ) ;
#1676 = VERTEX_POINT ( 'NONE', #4405 ) ;
#1677 = EDGE_CURVE ( 'NONE', #1686, #1742, #4355, .T. ) ;
#1678 = ORIENTED_EDGE ( 'NONE', *, *, #1746, .F. ) ;
#1679 = ORIENTED_EDGE ( 'NONE', *, *, #1677, .F. ) ;
#1680 = ORIENTED_EDGE ( 'NONE', *, *, #1726, .T. ) ;
#1681 = EDGE_CURVE ( 'NONE', #1741, #1676, #4399, .T. ) ;
#1682 = ORIENTED_EDGE ( 'NONE', *, *, #1745, .T. ) ;
#1683 = ORIENTED_EDGE ( 'NONE', *, *, #1689, .T. ) ;
#1684 = ADVANCED_FACE ( 'NONE', ( #4383 ), #4394, .F. ) ;
#1685 = VERTEX_POINT ( 'NONE', #4388 ) ;
#1686 = VERTEX_POINT ( 'NONE', #4435 ) ;
#1687 = ORIENTED_EDGE ( 'NONE', *, *, #1689, .F. ) ;
#1688 = ORIENTED_EDGE ( 'NONE', *, *, #1698, .T. ) ;
#1689 = EDGE_CURVE ( 'NONE', #1686, #1685, #4434, .T. ) ;
#1690 = EDGE_CURVE ( 'NONE', #1693, #1686, #4430, .T. ) ;
#1691 = ORIENTED_EDGE ( 'NONE', *, *, #1712, .T. ) ;
#1692 = EDGE_CURVE ( 'NONE', #1693, #1705, #4425, .T. ) ;
#1693 = VERTEX_POINT ( 'NONE', #4436 ) ;
#1694 = ORIENTED_EDGE ( 'NONE', *, *, #1708, .T. ) ;
#1695 = ADVANCED_FACE ( 'NONE', ( #4426 ), #4396, .F. ) ;
#1696 = ORIENTED_EDGE ( 'NONE', *, *, #1692, .F. ) ;
#1697 = EDGE_CURVE ( 'NONE', #1701, #1693, #4419, .T. ) ;
#1698 = EDGE_CURVE ( 'NONE', #1705, #1685, #4474, .T. ) ;
#1699 = ORIENTED_EDGE ( 'NONE', *, *, #1697, .F. ) ;
#1700 = EDGE_CURVE ( 'NONE', #1655, #1653, #4468, .T. ) ;
#1701 = VERTEX_POINT ( 'NONE', #4415 ) ;
#1702 = VERTEX_POINT ( 'NONE', #4475 ) ;
#1703 = VERTEX_POINT ( 'NONE', #4470 ) ;
#1704 = EDGE_LOOP ( 'NONE', ( #1688, #1687, #1709, #1634 ) ) ;
#1705 = VERTEX_POINT ( 'NONE', #4469 ) ;
#1706 = ADVANCED_FACE ( 'NONE', ( #4460 ), #4411, .F. ) ;
#1707 = EDGE_LOOP ( 'NONE', ( #1691, #1696, #1699, #1694 ) ) ;
#1708 = EDGE_CURVE ( 'NONE', #1701, #1702, #4450, .T. ) ;
#1709 = ORIENTED_EDGE ( 'NONE', *, *, #1690, .F. ) ;
#1710 = ORIENTED_EDGE ( 'NONE', *, *, #1708, .F. ) ;
#1711 = EDGE_CURVE ( 'NONE', #1653, #1701, #4453, .T. ) ;
#1712 = EDGE_CURVE ( 'NONE', #1702, #1705, #4443, .T. ) ;
#1713 = ORIENTED_EDGE ( 'NONE', *, *, #1611, .F. ) ;
#1714 = ORIENTED_EDGE ( 'NONE', *, *, #1745, .F. ) ;
#1715 = ORIENTED_EDGE ( 'NONE', *, *, #1644, .F. ) ;
#1716 = EDGE_LOOP ( 'NONE', ( #1732, #1722, #1720, #1730, #1771, #1721, #1773, #1723 ) ) ;
#1717 = ORIENTED_EDGE ( 'NONE', *, *, #1733, .F. ) ;
#1718 = ORIENTED_EDGE ( 'NONE', *, *, #1681, .T. ) ;
#1719 = ADVANCED_FACE ( 'NONE', ( #4452 ), #4462, .F. ) ;
#1720 = ORIENTED_EDGE ( 'NONE', *, *, #1711, .T. ) ;
#1721 = ORIENTED_EDGE ( 'NONE', *, *, #1677, .T. ) ;
#1722 = ORIENTED_EDGE ( 'NONE', *, *, #1700, .T. ) ;
#1723 = ORIENTED_EDGE ( 'NONE', *, *, #1733, .T. ) ;
#1724 = EDGE_LOOP ( 'NONE', ( #1680, #1715, #1717, #1718 ) ) ;
#1725 = ADVANCED_FACE ( 'NONE', ( #4439 ), #4502, .F. ) ;
#1726 = EDGE_CURVE ( 'NONE', #1676, #1663, #4497, .T. ) ;
#1727 = ORIENTED_EDGE ( 'NONE', *, *, #1681, .F. ) ;
#1728 = EDGE_CURVE ( 'NONE', #1742, #1741, #4498, .T. ) ;
#1729 = ORIENTED_EDGE ( 'NONE', *, *, #1728, .F. ) ;
#1730 = ORIENTED_EDGE ( 'NONE', *, *, #1697, .T. ) ;
#1731 = EDGE_LOOP ( 'NONE', ( #1713, #1775, #1714, #1678, #1774, #1769, #1772, #1770 ) ) ;
#1732 = ORIENTED_EDGE ( 'NONE', *, *, #1640, .T. ) ;
#1733 = EDGE_CURVE ( 'NONE', #1741, #1666, #4490, .T. ) ;
#1734 = ADVANCED_FACE ( 'NONE', ( #4440 ), #4495, .F. ) ;
#1735 = EDGE_CURVE ( 'NONE', #944, #991, #4481, .T. ) ;
#1736 = ADVANCED_FACE ( 'NONE', ( #4482 ), #4493, .F. ) ;
#1737 = VERTEX_POINT ( 'NONE', #4531 ) ;
#1738 = EDGE_LOOP ( 'NONE', ( #1682, #1727, #1729, #1747 ) ) ;
#1739 = EDGE_LOOP ( 'NONE', ( #1743, #1740, #1679, #1683 ) ) ;
#1740 = ORIENTED_EDGE ( 'NONE', *, *, #1744, .F. ) ;
#1741 = VERTEX_POINT ( 'NONE', #4479 ) ;
#1742 = VERTEX_POINT ( 'NONE', #4484 ) ;
#1743 = ORIENTED_EDGE ( 'NONE', *, *, #1746, .T. ) ;
#1744 = EDGE_CURVE ( 'NONE', #1742, #1737, #4530, .T. ) ;
#1745 = EDGE_CURVE ( 'NONE', #1737, #1676, #4523, .T. ) ;
#1746 = EDGE_CURVE ( 'NONE', #1685, #1737, #4515, .T. ) ;
#1747 = ORIENTED_EDGE ( 'NONE', *, *, #1744, .T. ) ;
#1748 = CARTESIAN_POINT ( 'NONE',  ( -0.8000000000000113700, -0.2999999999999971600, 0.5300000000000001400 ) ) ;
#1749 = CARTESIAN_POINT ( 'NONE',  ( -0.7541960108450300700, -0.2999999999999967700, 0.0000000000000000000 ) ) ;
#1750 = DIRECTION ( 'NONE',  ( -1.000000000000000000, 0.0000000000000000000, 0.0000000000000000000 ) ) ;
#1751 = DIRECTION ( 'NONE',  ( 0.0000000000000000000, 0.0000000000000000000, -1.000000000000000000 ) ) ;
#1752 = CARTESIAN_POINT ( 'NONE',  ( -1.049999999999840800, -0.3499999999999948200, -0.02000000000000000000 ) ) ;
#1753 = CARTESIAN_POINT ( 'NONE',  ( -0.8666969722016049100, -0.2999999999999927700, 0.5300000000000000300 ) ) ;
#1754 = DIRECTION ( 'NONE',  ( -0.0000000000000000000, 1.000000000000000000, -0.0000000000000000000 ) ) ;
#1755 = VECTOR ( 'NONE', #1754, 1000.000000000000000 ) ;
#1756 = AXIS2_PLACEMENT_3D ( 'NONE', #1793, #1785, #1784 ) ;
#1757 = CARTESIAN_POINT ( 'NONE',  ( -0.7541960108450300700, -0.2999999999999967700, -0.02000000000000000000 ) ) ;
#1758 = CARTESIAN_POINT ( 'NONE',  ( 0.7901923788646851900, -0.1999999999999813600, -0.02000000000000000000 ) ) ;
#1759 = LINE ( 'NONE', #285, #2338 ) ;
#1760 = CARTESIAN_POINT ( 'NONE',  ( 0.3501042119171416400, 0.2999999999999971600, -0.02000000000000000000 ) ) ;
#1761 = DIRECTION ( 'NONE',  ( 0.0000000000000000000, -1.000000000000000000, 0.0000000000000000000 ) ) ;
#1762 = VECTOR ( 'NONE', #1819, 1000.000000000000000 ) ;
#1763 = LINE ( 'NONE', #1811, #1762 ) ;
#1764 = AXIS2_PLACEMENT_3D ( 'NONE', #1752, #1751, #1750 ) ;
#1765 = CARTESIAN_POINT ( 'NONE',  ( -0.8000000000000113700, -0.2999999999999971600, 0.5100000000000000100 ) ) ;
#1766 = PLANE ( 'NONE',  #1794 ) ;
#1767 = ADVANCED_FACE ( 'NONE', ( #4516 ), #4510, .F. ) ;
#1768 = EDGE_LOOP ( 'NONE', ( #1817, #573, #849, #276 ) ) ;
#1769 = ORIENTED_EDGE ( 'NONE', *, *, #1712, .F. ) ;
#1770 = ORIENTED_EDGE ( 'NONE', *, *, #1658, .F. ) ;
#1771 = ORIENTED_EDGE ( 'NONE', *, *, #1690, .T. ) ;
#1772 = ORIENTED_EDGE ( 'NONE', *, *, #1646, .F. ) ;
#1773 = ORIENTED_EDGE ( 'NONE', *, *, #1728, .T. ) ;
#1774 = ORIENTED_EDGE ( 'NONE', *, *, #1698, .F. ) ;
#1775 = ORIENTED_EDGE ( 'NONE', *, *, #1726, .F. ) ;
#1776 = ADVANCED_FACE ( 'NONE', ( #4524 ), #4507, .T. ) ;
#1777 = CLOSED_SHELL ( 'NONE', ( #1665, #1648, #1706, #1695, #1684, #1736, #1725, #1734, #1719, #1776 ) ) ;
#1778 = CARTESIAN_POINT ( 'NONE',  ( -0.4501042119171950700, -0.1999999999999921600, -0.02000000000000000000 ) ) ;
#1779 = LINE ( 'NONE', #1778, #1755 ) ;
#1780 = VECTOR ( 'NONE', #1823, 1000.000000000000000 ) ;
#1781 = VECTOR ( 'NONE', #1835, 1000.000000000000000 ) ;
#1782 = CARTESIAN_POINT ( 'NONE',  ( 0.6999999999999886300, 0.1000000000000369500, 0.5100000000000000100 ) ) ;
#1783 = CARTESIAN_POINT ( 'NONE',  ( -0.8666969722016049100, -0.2999999999999927700, -0.02000000000000000000 ) ) ;
#1784 = DIRECTION ( 'NONE',  ( -1.000000000000000000, 0.0000000000000000000, 0.0000000000000000000 ) ) ;
#1785 = DIRECTION ( 'NONE',  ( 0.0000000000000000000, 0.0000000000000000000, -1.000000000000000000 ) ) ;
#1786 = LINE ( 'NONE', #1782, #1781 ) ;
#1787 = CIRCLE ( 'NONE', #1756, 0.2999999999998318500 ) ;
#1788 = FACE_OUTER_BOUND ( 'NONE', #1, .T. ) ;
#1789 = DIRECTION ( 'NONE',  ( -1.000000000000000000, -0.0000000000000000000, -0.0000000000000000000 ) ) ;
#1790 = VECTOR ( 'NONE', #1789, 1000.000000000000000 ) ;
#1791 = CARTESIAN_POINT ( 'NONE',  ( -0.7901923788647049500, -0.1999999999999921600, -0.02000000000000000000 ) ) ;
#1792 = LINE ( 'NONE', #1791, #1790 ) ;
#1793 = CARTESIAN_POINT ( 'NONE',  ( -1.049999999999840800, -0.3499999999999948200, 0.0000000000000000000 ) ) ;
#1794 = AXIS2_PLACEMENT_3D ( 'NONE', #1845, #1843, #1842 ) ;
#1795 = DIRECTION ( 'NONE',  ( -0.0000000000000000000, -0.0000000000000000000, -1.000000000000000000 ) ) ;
#1796 = VECTOR ( 'NONE', #1795, 1000.000000000000000 ) ;
#1797 = DIRECTION ( 'NONE',  ( 1.000000000000000000, 0.0000000000000000000, 0.0000000000000000000 ) ) ;
#1798 = DIRECTION ( 'NONE',  ( -0.0000000000000000000, -0.0000000000000000000, 1.000000000000000000 ) ) ;
#1799 = CARTESIAN_POINT ( 'NONE',  ( -1.049999999999840800, -0.3499999999999948200, -0.02000000000000000000 ) ) ;
#1800 = CARTESIAN_POINT ( 'NONE',  ( 0.5999999999999658900, 0.1000000000000369500, 0.5250000000000000200 ) ) ;
#1801 = LINE ( 'NONE', #1803, #1796 ) ;
#1802 = AXIS2_PLACEMENT_3D ( 'NONE', #1799, #1798, #1797 ) ;
#1803 = CARTESIAN_POINT ( 'NONE',  ( -0.8000000000000113700, -0.2999999999999971600, 0.5300000000000001400 ) ) ;
#1804 = CYLINDRICAL_SURFACE ( 'NONE', #1802, 0.2999999999998318500 ) ;
#1805 = FACE_OUTER_BOUND ( 'NONE', #4658, .T. ) ;
#1806 = DIRECTION ( 'NONE',  ( -0.0000000000000000000, -0.0000000000000000000, 1.000000000000000000 ) ) ;
#1807 = VECTOR ( 'NONE', #1806, 1000.000000000000000 ) ;
#1808 = CARTESIAN_POINT ( 'NONE',  ( -0.7541960108450300700, -0.2999999999999967700, -0.02000000000000000000 ) ) ;
#1809 = LINE ( 'NONE', #1808, #1807 ) ;
#1810 = LINE ( 'NONE', #1816, #1815 ) ;
#1811 = CARTESIAN_POINT ( 'NONE',  ( 0.3501042119171416400, -0.09638834288371356300, -0.02000000000000000000 ) ) ;
#1812 = DIRECTION ( 'NONE',  ( -1.000000000000000000, 0.0000000000000000000, 0.0000000000000000000 ) ) ;
#1813 = VECTOR ( 'NONE', #1812, 1000.000000000000000 ) ;
#1814 = CARTESIAN_POINT ( 'NONE',  ( -0.3501042119171723400, -0.3000000000000148700, -0.02000000000000000000 ) ) ;
#1815 = VECTOR ( 'NONE', #1761, 1000.000000000000000 ) ;
#1816 = CARTESIAN_POINT ( 'NONE',  ( 0.2501042119171188500, -0.09638834288371356300, -0.02000000000000000000 ) ) ;
#1817 = ORIENTED_EDGE ( 'NONE', *, *, #934, .T. ) ;
#1818 = LINE ( 'NONE', #1814, #1813 ) ;
#1819 = DIRECTION ( 'NONE',  ( -1.000000000000000000, 0.0000000000000000000, 0.0000000000000000000 ) ) ;
#1820 = DIRECTION ( 'NONE',  ( -0.0000000000000000000, -0.0000000000000000000, 1.000000000000000000 ) ) ;
#1821 = VECTOR ( 'NONE', #1820, 1000.000000000000000 ) ;
#1822 = CARTESIAN_POINT ( 'NONE',  ( -0.7901923788647049500, -0.1999999999999921600, -0.02000000000000000000 ) ) ;
#1823 = DIRECTION ( 'NONE',  ( -1.000000000000000000, -2.405537601046612600E-015, -0.0000000000000000000 ) ) ;
#1824 = CARTESIAN_POINT ( 'NONE',  ( -0.1501042119171837300, -0.2999999999999865000, -0.02000000000000000000 ) ) ;
#1825 = LINE ( 'NONE', #1824, #2071 ) ;
#1826 = LINE ( 'NONE', #1822, #1821 ) ;
#1827 = DIRECTION ( 'NONE',  ( -1.000000000000000000, 3.396263523651220000E-014, 0.0000000000000000000 ) ) ;
#1828 = VECTOR ( 'NONE', #1827, 1000.000000000000000 ) ;
#1829 = CARTESIAN_POINT ( 'NONE',  ( -0.7541960108450300700, -0.2999999999999967100, -0.02000000000000000000 ) ) ;
#1830 = LINE ( 'NONE', #1829, #1828 ) ;
#1831 = DIRECTION ( 'NONE',  ( -1.000000000000000000, 3.396263523651220000E-014, 0.0000000000000000000 ) ) ;
#1832 = VECTOR ( 'NONE', #1831, 1000.000000000000000 ) ;
#1833 = LINE ( 'NONE', #1837, #1832 ) ;
#1834 = FACE_OUTER_BOUND ( 'NONE', #4173, .T. ) ;
#1835 = DIRECTION ( 'NONE',  ( -1.000000000000000000, 0.0000000000000000000, 0.0000000000000000000 ) ) ;
#1836 = LINE ( 'NONE', #149, #1439 ) ;
#1837 = CARTESIAN_POINT ( 'NONE',  ( -0.7541960108450300700, -0.2999999999999967100, 0.0000000000000000000 ) ) ;
#1838 = DIRECTION ( 'NONE',  ( 1.000000000000000000, -7.118879787085444500E-014, -0.0000000000000000000 ) ) ;
#1839 = VECTOR ( 'NONE', #1838, 1000.000000000000000 ) ;
#1840 = CARTESIAN_POINT ( 'NONE',  ( -0.8000000000000113700, -0.2999999999999971600, 0.5100000000000000100 ) ) ;
#1841 = LINE ( 'NONE', #1840, #1839 ) ;
#1842 = DIRECTION ( 'NONE',  ( -1.000000000000000000, 3.396263523651220600E-014, 0.0000000000000000000 ) ) ;
#1844 = EDGE_CURVE ( 'NONE', #274, #2227, #4563, .T. ) ;
#1843 = DIRECTION ( 'NONE',  ( 3.396263523651220600E-014, 1.000000000000000000, 0.0000000000000000000 ) ) ;
#1845 = CARTESIAN_POINT ( 'NONE',  ( -0.7541960108450300700, -0.2999999999999967100, -0.02000000000000000000 ) ) ;
#1846 = DIRECTION ( 'NONE',  ( 0.0000000000000000000, 0.0000000000000000000, -1.000000000000000000 ) ) ;
#1847 = CARTESIAN_POINT ( 'NONE',  ( -1.049999999999840800, -0.3499999999999943200, 0.5300000000000000300 ) ) ;
#1848 = CARTESIAN_POINT ( 'NONE',  ( -1.000000000000000000, -0.09999999999999431600, 0.5300000000000001400 ) ) ;
#1849 = EDGE_CURVE ( 'NONE', #283, #274, #4556, .T. ) ;
#1850 = LINE ( 'NONE', #1906, #1892 ) ;
#1851 = DIRECTION ( 'NONE',  ( -1.000000000000000000, 0.0000000000000000000, 0.0000000000000000000 ) ) ;
#1852 = DIRECTION ( 'NONE',  ( -0.0000000000000000000, -0.0000000000000000000, 1.000000000000000000 ) ) ;
#1853 = AXIS2_PLACEMENT_3D ( 'NONE', #1847, #1846, #1907 ) ;
#1854 = DIRECTION ( 'NONE',  ( -1.000000000000000000, -0.0000000000000000000, -0.0000000000000000000 ) ) ;
#1855 = FACE_OUTER_BOUND ( 'NONE', #47, .T. ) ;
#1856 = DIRECTION ( 'NONE',  ( -1.000000000000000000, 0.0000000000000000000, -0.0000000000000000000 ) ) ;
#1857 = DIRECTION ( 'NONE',  ( 0.0000000000000000000, 0.0000000000000000000, -1.000000000000000000 ) ) ;
#1858 = CARTESIAN_POINT ( 'NONE',  ( -1.049999999999840800, -0.3499999999999948200, 0.0000000000000000000 ) ) ;
#1859 = AXIS2_PLACEMENT_3D ( 'NONE', #1888, #1887, #1886 ) ;
#1860 = PLANE ( 'NONE',  #1901 ) ;
#1861 = AXIS2_PLACEMENT_3D ( 'NONE', #1872, #1852, #1851 ) ;
#1862 = DIRECTION ( 'NONE',  ( 0.0000000000000000000, 0.0000000000000000000, 1.000000000000000000 ) ) ;
#1863 = DIRECTION ( 'NONE',  ( -1.000000000000000000, 0.0000000000000000000, 0.0000000000000000000 ) ) ;
#1864 = CARTESIAN_POINT ( 'NONE',  ( -0.8000000000000113700, 0.2999999999999971600, 0.5300000000000001400 ) ) ;
#1865 = AXIS2_PLACEMENT_3D ( 'NONE', #1864, #1863, #1862 ) ;
#1866 = PLANE ( 'NONE',  #1865 ) ;
#1867 = CYLINDRICAL_SURFACE ( 'NONE', #1853, 0.1900000000000024400 ) ;
#1868 = CARTESIAN_POINT ( 'NONE',  ( -0.7901923788647049500, -0.1999999999999921600, 0.0000000000000000000 ) ) ;
#1869 = FACE_OUTER_BOUND ( 'NONE', #202, .T. ) ;
#1870 = AXIS2_PLACEMENT_3D ( 'NONE', #1858, #1857, #1856 ) ;
#1871 = PLANE ( 'NONE',  #1870 ) ;
#1872 = CARTESIAN_POINT ( 'NONE',  ( -1.049999999999840800, -0.3499999999999943200, 0.5300000000000000300 ) ) ;
#1873 = CIRCLE ( 'NONE', #1861, 0.1900000000000024400 ) ;
#1874 = FACE_OUTER_BOUND ( 'NONE', #55, .T. ) ;
#1875 = CIRCLE ( 'NONE', #1940, 0.2000000000000000900 ) ;
#1876 = CARTESIAN_POINT ( 'NONE',  ( 0.8563508326896408500, 0.2999999999999930500, 0.5100000000000000100 ) ) ;
#1877 = DIRECTION ( 'NONE',  ( 0.0000000000000000000, 0.0000000000000000000, 1.000000000000000000 ) ) ;
#1878 = FACE_OUTER_BOUND ( 'NONE', #98, .T. ) ;
#1879 = CARTESIAN_POINT ( 'NONE',  ( 1.000000000000000200, 0.1563508326896263500, 0.0000000000000000000 ) ) ;
#1880 = DIRECTION ( 'NONE',  ( -0.0000000000000000000, 1.000000000000000000, -0.0000000000000000000 ) ) ;
#1881 = VECTOR ( 'NONE', #1880, 1000.000000000000000 ) ;
#1882 = CARTESIAN_POINT ( 'NONE',  ( -0.8000000000000113700, -0.09999999999999431600, 0.5300000000000001400 ) ) ;
#1883 = LINE ( 'NONE', #1882, #1881 ) ;
#1884 = CARTESIAN_POINT ( 'NONE',  ( -0.8000000000000113700, -0.09999999999999431600, 0.5300000000000001400 ) ) ;
#1885 = FACE_OUTER_BOUND ( 'NONE', #91, .T. ) ;
#1886 = DIRECTION ( 'NONE',  ( -1.000000000000000000, 0.0000000000000000000, -0.0000000000000000000 ) ) ;
#1887 = DIRECTION ( 'NONE',  ( 0.0000000000000000000, 0.0000000000000000000, -1.000000000000000000 ) ) ;
#1888 = CARTESIAN_POINT ( 'NONE',  ( -1.049999999999840800, -0.3499999999999943200, 0.5300000000000000300 ) ) ;
#1889 = CARTESIAN_POINT ( 'NONE',  ( -0.8000000000000113700, -0.09999999999999431600, 0.5100000000000000100 ) ) ;
#1890 = CARTESIAN_POINT ( 'NONE',  ( -0.8000000000000113700, -0.09999999999999431600, 0.5300000000000001400 ) ) ;
#1891 = DIRECTION ( 'NONE',  ( -1.000000000000000000, -0.0000000000000000000, -0.0000000000000000000 ) ) ;
#1892 = VECTOR ( 'NONE', #1891, 1000.000000000000000 ) ;
#1893 = PLANE ( 'NONE',  #1859 ) ;
#1894 = DIRECTION ( 'NONE',  ( -1.000000000000000000, 0.0000000000000000000, 0.0000000000000000000 ) ) ;
#1895 = FACE_OUTER_BOUND ( 'NONE', #57, .T. ) ;
#1896 = CARTESIAN_POINT ( 'NONE',  ( -0.8000000000000113700, -0.09999999999999431600, 0.5300000000000001400 ) ) ;
#1897 = DIRECTION ( 'NONE',  ( -0.0000000000000000000, 1.000000000000000000, -0.0000000000000000000 ) ) ;
#1898 = VECTOR ( 'NONE', #1897, 1000.000000000000000 ) ;
#1899 = CARTESIAN_POINT ( 'NONE',  ( -0.8000000000000113700, -0.09999999999999431600, 0.5100000000000000100 ) ) ;
#1900 = LINE ( 'NONE', #1899, #1898 ) ;
#1901 = AXIS2_PLACEMENT_3D ( 'NONE', #1884, #1894, #1877 ) ;
#1902 = FACE_OUTER_BOUND ( 'NONE', #112, .T. ) ;
#1903 = VECTOR ( 'NONE', #1854, 1000.000000000000000 ) ;
#1904 = LINE ( 'NONE', #1848, #1903 ) ;
#1905 = CARTESIAN_POINT ( 'NONE',  ( 1.000000000000000200, 0.1563508326896263500, 0.5100000000000000100 ) ) ;
#1906 = CARTESIAN_POINT ( 'NONE',  ( -1.000000000000000000, -0.09999999999999431600, 0.5100000000000000100 ) ) ;
#1907 = DIRECTION ( 'NONE',  ( -1.000000000000000000, 0.0000000000000000000, 0.0000000000000000000 ) ) ;
#1908 = LINE ( 'NONE', #1966, #1957 ) ;
#1909 = CARTESIAN_POINT ( 'NONE',  ( -0.8563508326894703200, -0.2999999999999931600, 0.5300000000000000300 ) ) ;
#1910 = DIRECTION ( 'NONE',  ( 0.0000000000000000000, 0.0000000000000000000, -1.000000000000000000 ) ) ;
#1911 = VECTOR ( 'NONE', #1910, 1000.000000000000000 ) ;
#1912 = LINE ( 'NONE', #1939, #1911 ) ;
#1913 = AXIS2_PLACEMENT_3D ( 'NONE', #1921, #1920, #1968 ) ;
#1914 = CARTESIAN_POINT ( 'NONE',  ( 0.8563508326896400700, 0.2999999999999957100, 0.0000000000000000000 ) ) ;
#1915 = VECTOR ( 'NONE', #256, 1000.000000000000000 ) ;
#1916 = CARTESIAN_POINT ( 'NONE',  ( 0.7901923788646868500, -0.1999999999999822800, -0.02000000000000000000 ) ) ;
#1917 = DIRECTION ( 'NONE',  ( 1.000000000000000000, 0.0000000000000000000, 0.0000000000000000000 ) ) ;
#1918 = DIRECTION ( 'NONE',  ( -0.0000000000000000000, -0.0000000000000000000, -1.000000000000000000 ) ) ;
#1919 = LINE ( 'NONE', #1923, #1970 ) ;
#1920 = DIRECTION ( 'NONE',  ( 0.0000000000000000000, 0.0000000000000000000, -1.000000000000000000 ) ) ;
#1921 = CARTESIAN_POINT ( 'NONE',  ( 1.050000000000011400, 0.3499999999999943200, 0.5300000000000000300 ) ) ;
#1922 = DIRECTION ( 'NONE',  ( 0.0000000000000000000, 1.000000000000000000, 0.0000000000000000000 ) ) ;
#1923 = CARTESIAN_POINT ( 'NONE',  ( 1.000000000000056800, -0.09999999999999431600, 0.5100000000000000100 ) ) ;
#1924 = FACE_OUTER_BOUND ( 'NONE', #125, .T. ) ;
#1925 = DIRECTION ( 'NONE',  ( 1.000000000000000000, 0.0000000000000000000, -0.0000000000000000000 ) ) ;
#1926 = DIRECTION ( 'NONE',  ( 0.0000000000000000000, 0.0000000000000000000, 1.000000000000000000 ) ) ;
#1927 = AXIS2_PLACEMENT_3D ( 'NONE', #1934, #1926, #1925 ) ;
#1928 = CARTESIAN_POINT ( 'NONE',  ( 1.049999999999954500, 0.3500000000000085300, 0.5100000000000000100 ) ) ;
#1929 = DIRECTION ( 'NONE',  ( 0.0000000000000000000, -0.0000000000000000000, -1.000000000000000000 ) ) ;
#1930 = DIRECTION ( 'NONE',  ( 0.0000000000000000000, -1.000000000000000000, 0.0000000000000000000 ) ) ;
#1931 = CARTESIAN_POINT ( 'NONE',  ( -1.000000000000000000, -0.09999999999999431600, 0.5300000000000001400 ) ) ;
#1932 = AXIS2_PLACEMENT_3D ( 'NONE', #1931, #1930, #1929 ) ;
#1933 = PLANE ( 'NONE',  #1932 ) ;
#1934 = CARTESIAN_POINT ( 'NONE',  ( -1.050000000000011400, -0.3499999999999943200, 0.5100000000000000100 ) ) ;
#1935 = PLANE ( 'NONE',  #1927 ) ;
#1936 = DIRECTION ( 'NONE',  ( -0.0000000000000000000, -0.0000000000000000000, -1.000000000000000000 ) ) ;
#1937 = VECTOR ( 'NONE', #1936, 1000.000000000000000 ) ;
#1938 = LINE ( 'NONE', #1896, #1937 ) ;
#1939 = CARTESIAN_POINT ( 'NONE',  ( 0.8563508326896408500, 0.2999999999999930500, 0.5300000000000000300 ) ) ;
#1940 = AXIS2_PLACEMENT_3D ( 'NONE', #1928, #1918, #1917 ) ;
#1941 = CARTESIAN_POINT ( 'NONE',  ( -0.8563508326894703200, -0.2999999999999931600, 0.5300000000000000300 ) ) ;
#1942 = CARTESIAN_POINT ( 'NONE',  ( -1.000000000000056800, -0.1666969722017057600, -0.02000000000000000000 ) ) ;
#1943 = VECTOR ( 'NONE', #1959, 1000.000000000000000 ) ;
#1944 = AXIS2_PLACEMENT_3D ( 'NONE', #1982, #1981, #1980 ) ;
#1945 = CARTESIAN_POINT ( 'NONE',  ( -0.3501042119172292400, 0.2538729572027129700, -0.02000000000000000000 ) ) ;
#1946 = LINE ( 'NONE', #2000, #1999 ) ;
#1947 = DIRECTION ( 'NONE',  ( 0.0000000000000000000, 0.0000000000000000000, -1.000000000000000000 ) ) ;
#1948 = VECTOR ( 'NONE', #1947, 1000.000000000000000 ) ;
#1949 = CARTESIAN_POINT ( 'NONE',  ( -0.8666969722016049100, -0.2999999999999927700, 0.5300000000000000300 ) ) ;
#1950 = LINE ( 'NONE', #1949, #1948 ) ;
#1951 = CARTESIAN_POINT ( 'NONE',  ( -0.8563508326894704300, -0.2999999999999932700, 0.0000000000000000000 ) ) ;
#1952 = DIRECTION ( 'NONE',  ( -1.000000000000000000, 1.991065484191085300E-013, 0.0000000000000000000 ) ) ;
#1953 = VECTOR ( 'NONE', #1952, 1000.000000000000000 ) ;
#1954 = LINE ( 'NONE', #1909, #1953 ) ;
#1955 = CARTESIAN_POINT ( 'NONE',  ( -0.2501042119172064400, 0.2538729572027129700, -0.02000000000000000000 ) ) ;
#1956 = DIRECTION ( 'NONE',  ( 8.066125868658120900E-014, -1.000000000000000000, -0.0000000000000000000 ) ) ;
#1957 = VECTOR ( 'NONE', #1956, 1000.000000000000000 ) ;
#1958 = CARTESIAN_POINT ( 'NONE',  ( 0.9999999999999974500, 0.1666969722017490900, -0.02000000000000000000 ) ) ;
#1959 = DIRECTION ( 'NONE',  ( 0.0000000000000000000, 0.0000000000000000000, -1.000000000000000000 ) ) ;
#1960 = CARTESIAN_POINT ( 'NONE',  ( -0.9999999999999997800, -0.1563508326895823900, 0.5300000000000000300 ) ) ;
#1961 = CARTESIAN_POINT ( 'NONE',  ( -0.9301042119174584000, -0.07499999999995385400, 0.0000000000000000000 ) ) ;
#1962 = DIRECTION ( 'NONE',  ( 0.0000000000000000000, 0.0000000000000000000, -1.000000000000000000 ) ) ;
#1963 = VECTOR ( 'NONE', #1962, 1000.000000000000000 ) ;
#1964 = CARTESIAN_POINT ( 'NONE',  ( 1.000000000000000200, 0.1563508326896263500, 0.5300000000000000300 ) ) ;
#1965 = LINE ( 'NONE', #1960, #1943 ) ;
#1966 = CARTESIAN_POINT ( 'NONE',  ( 1.000000000000005600, 0.05419601084501452600, -0.02000000000000000000 ) ) ;
#1967 = LINE ( 'NONE', #1964, #1963 ) ;
#1968 = DIRECTION ( 'NONE',  ( -1.000000000000000000, 0.0000000000000000000, 0.0000000000000000000 ) ) ;
#1969 = CYLINDRICAL_SURFACE ( 'NONE', #1913, 0.2000000000000000900 ) ;
#1970 = VECTOR ( 'NONE', #1922, 1000.000000000000000 ) ;
#1971 = DIRECTION ( 'NONE',  ( -0.0000000000000000000, -1.000000000000000000, -0.0000000000000000000 ) ) ;
#1972 = VECTOR ( 'NONE', #1971, 1000.000000000000000 ) ;
#1973 = CARTESIAN_POINT ( 'NONE',  ( -0.3501042119172292400, 0.2538729572027129700, -0.02000000000000000000 ) ) ;
#1974 = LINE ( 'NONE', #1973, #1972 ) ;
#1975 = CARTESIAN_POINT ( 'NONE',  ( -0.2501042119172064400, 0.2538729572027129700, -0.02000000000000000000 ) ) ;
#1976 = DIRECTION ( 'NONE',  ( -0.0000000000000000000, -0.0000000000000000000, 1.000000000000000000 ) ) ;
#1977 = VECTOR ( 'NONE', #1976, 1000.000000000000000 ) ;
#1978 = DIRECTION ( 'NONE',  ( -1.000000000000000000, 0.0000000000000000000, 0.0000000000000000000 ) ) ;
#1979 = LINE ( 'NONE', #298, #2213 ) ;
#1980 = DIRECTION ( 'NONE',  ( 0.0000000000000000000, 0.0000000000000000000, 1.000000000000000000 ) ) ;
#1981 = DIRECTION ( 'NONE',  ( -1.000000000000000000, 0.0000000000000000000, 0.0000000000000000000 ) ) ;
#1982 = CARTESIAN_POINT ( 'NONE',  ( -0.3501042119172292400, 0.2538729572027129700, -0.02000000000000000000 ) ) ;
#1983 = LINE ( 'NONE', #1988, #1977 ) ;
#1984 = CARTESIAN_POINT ( 'NONE',  ( -1.000000000000000200, -0.05419601084512543100, 0.0000000000000000000 ) ) ;
#1985 = DIRECTION ( 'NONE',  ( 0.0000000000000000000, 0.0000000000000000000, -1.000000000000000000 ) ) ;
#1986 = VECTOR ( 'NONE', #1985, 1000.000000000000000 ) ;
#1987 = VERTEX_POINT ( 'NONE', #4560 ) ;
#1988 = CARTESIAN_POINT ( 'NONE',  ( -0.3501042119172292400, 0.2538729572027129700, -0.02000000000000000000 ) ) ;
#1989 = FACE_OUTER_BOUND ( 'NONE', #171, .T. ) ;
#1990 = CARTESIAN_POINT ( 'NONE',  ( -1.000000000000000200, -0.05419601084512543100, -0.02000000000000000000 ) ) ;
#1991 = DIRECTION ( 'NONE',  ( 1.000000000000000000, 0.0000000000000000000, 0.0000000000000000000 ) ) ;
#1992 = VECTOR ( 'NONE', #1991, 1000.000000000000000 ) ;
#1993 = CARTESIAN_POINT ( 'NONE',  ( -0.3501042119172292400, 0.2538729572027129700, -0.02000000000000000000 ) ) ;
#1994 = LINE ( 'NONE', #1993, #1992 ) ;
#1995 = LINE ( 'NONE', #1941, #1986 ) ;
#1996 = PLANE ( 'NONE',  #1944 ) ;
#1997 = CARTESIAN_POINT ( 'NONE',  ( -0.2501042119172064400, 0.2538729572027129700, 0.0000000000000000000 ) ) ;
#1998 = DIRECTION ( 'NONE',  ( -2.122664702281656300E-015, 1.000000000000000000, -0.0000000000000000000 ) ) ;
#1999 = VECTOR ( 'NONE', #1998, 1000.000000000000000 ) ;
#2000 = CARTESIAN_POINT ( 'NONE',  ( -1.000000000000000200, -0.05419601084512543100, 0.0000000000000000000 ) ) ;
#2001 = FACE_OUTER_BOUND ( 'NONE', #251, .T. ) ;
#2002 = DIRECTION ( 'NONE',  ( 0.0000000000000000000, -0.0000000000000000000, -1.000000000000000000 ) ) ;
#2003 = DIRECTION ( 'NONE',  ( 0.0000000000000000000, -1.000000000000000000, 0.0000000000000000000 ) ) ;
#2004 = AXIS2_PLACEMENT_3D ( 'NONE', #2042, #2041, #2040 ) ;
#2005 = CARTESIAN_POINT ( 'NONE',  ( -0.2501042119172064400, 0.3000000000000220300, 0.0000000000000000000 ) ) ;
#2006 = CARTESIAN_POINT ( 'NONE',  ( -0.3501042119172292400, 0.2538729572027129700, -0.02000000000000000000 ) ) ;
#2007 = CARTESIAN_POINT ( 'NONE',  ( -0.2501042119172064400, 0.2538729572027129700, -0.02000000000000000000 ) ) ;
#2008 = CARTESIAN_POINT ( 'NONE',  ( -0.2501042119172064400, 0.3000000000000220300, -0.02000000000000000000 ) ) ;
#2009 = DIRECTION ( 'NONE',  ( -0.0000000000000000000, -0.0000000000000000000, 1.000000000000000000 ) ) ;
#2010 = VECTOR ( 'NONE', #2009, 1000.000000000000000 ) ;
#2011 = CARTESIAN_POINT ( 'NONE',  ( 0.4501042119171643200, -0.1999999999999886300, -0.02000000000000000000 ) ) ;
#2012 = LINE ( 'NONE', #2011, #2010 ) ;
#2013 = AXIS2_PLACEMENT_3D ( 'NONE', #2006, #2003, #2002 ) ;
#2014 = DIRECTION ( 'NONE',  ( 0.0000000000000000000, 1.000000000000000000, 0.0000000000000000000 ) ) ;
#2015 = VECTOR ( 'NONE', #2014, 1000.000000000000000 ) ;
#2016 = CARTESIAN_POINT ( 'NONE',  ( -0.4501042119171554400, -0.07499999999995392300, -0.02000000000000000000 ) ) ;
#2017 = DIRECTION ( 'NONE',  ( 0.0000000000000000000, 1.000000000000000000, 0.0000000000000000000 ) ) ;
#2018 = VECTOR ( 'NONE', #2017, 1000.000000000000000 ) ;
#2019 = LINE ( 'NONE', #1975, #2018 ) ;
#2020 = CARTESIAN_POINT ( 'NONE',  ( -0.1501042119171837300, 0.3000000000000220300, 0.0000000000000000000 ) ) ;
#2021 = PLANE ( 'NONE',  #2013 ) ;
#2022 = DIRECTION ( 'NONE',  ( -0.0000000000000000000, -1.000000000000000000, -0.0000000000000000000 ) ) ;
#2023 = VECTOR ( 'NONE', #2022, 1000.000000000000000 ) ;
#2024 = CARTESIAN_POINT ( 'NONE',  ( -0.1501042119171837300, -0.2999999999999865000, 0.0000000000000000000 ) ) ;
#2025 = LINE ( 'NONE', #2024, #2023 ) ;
#2026 = LINE ( 'NONE', #2016, #2015 ) ;
#2027 = DIRECTION ( 'NONE',  ( 1.000000000000000000, 0.0000000000000000000, 0.0000000000000000000 ) ) ;
#2028 = VECTOR ( 'NONE', #2027, 1000.000000000000000 ) ;
#2029 = CARTESIAN_POINT ( 'NONE',  ( -0.3501042119172292400, 0.2538729572027129700, 0.0000000000000000000 ) ) ;
#2030 = LINE ( 'NONE', #2029, #2028 ) ;
#2031 = FACE_OUTER_BOUND ( 'NONE', #168, .T. ) ;
#2032 = CARTESIAN_POINT ( 'NONE',  ( -1.049999999999840800, -0.3499999999999948200, 0.0000000000000000000 ) ) ;
#2033 = FACE_OUTER_BOUND ( 'NONE', #425, .T. ) ;
#2034 = DIRECTION ( 'NONE',  ( 1.000000000000000000, 0.0000000000000000000, -0.0000000000000000000 ) ) ;
#2035 = DIRECTION ( 'NONE',  ( 0.0000000000000000000, 0.0000000000000000000, 1.000000000000000000 ) ) ;
#2036 = CARTESIAN_POINT ( 'NONE',  ( -1.050000000000011600, 0.3499999999999933200, 0.0000000000000000000 ) ) ;
#2037 = AXIS2_PLACEMENT_3D ( 'NONE', #2085, #2084, #2083 ) ;
#2038 = CYLINDRICAL_SURFACE ( 'NONE', #2049, 0.2999999999998634300 ) ;
#2039 = CARTESIAN_POINT ( 'NONE',  ( -1.049999999999840800, -0.3499999999999948200, -0.02000000000000000000 ) ) ;
#2040 = DIRECTION ( 'NONE',  ( 0.0000000000000000000, 0.0000000000000000000, -1.000000000000000000 ) ) ;
#2041 = DIRECTION ( 'NONE',  ( 0.0000000000000000000, -1.000000000000000000, -0.0000000000000000000 ) ) ;
#2042 = CARTESIAN_POINT ( 'NONE',  ( -0.1501042119171837300, 0.3000000000000220300, -0.02000000000000000000 ) ) ;
#2043 = CARTESIAN_POINT ( 'NONE',  ( -0.1501042119171837300, -0.2999999999999865000, 0.0000000000000000000 ) ) ;
#2044 = AXIS2_PLACEMENT_3D ( 'NONE', #2036, #2035, #2034 ) ;
#2045 = PLANE ( 'NONE',  #2044 ) ;
#2046 = DIRECTION ( 'NONE',  ( 1.000000000000000000, -0.0000000000000000000, -0.0000000000000000000 ) ) ;
#2047 = VECTOR ( 'NONE', #2046, 1000.000000000000000 ) ;
#2048 = CARTESIAN_POINT ( 'NONE',  ( -0.1501042119171837300, 0.3000000000000220300, 0.0000000000000000000 ) ) ;
#2049 = AXIS2_PLACEMENT_3D ( 'NONE', #2039, #2097, #2096 ) ;
#2050 = ORIENTED_EDGE ( 'NONE', *, *, #1735, .T. ) ;
#2051 = PLANE ( 'NONE',  #2004 ) ;
#2052 = DIRECTION ( 'NONE',  ( -0.0000000000000000000, -0.0000000000000000000, 1.000000000000000000 ) ) ;
#2053 = VECTOR ( 'NONE', #2052, 1000.000000000000000 ) ;
#2054 = LINE ( 'NONE', #2007, #2053 ) ;
#2055 = CARTESIAN_POINT ( 'NONE',  ( -0.4501042119171554400, 0.3000000000000220300, 0.0000000000000000000 ) ) ;
#2056 = LINE ( 'NONE', #2048, #2047 ) ;
#2057 = CARTESIAN_POINT ( 'NONE',  ( -0.9301042119174584000, -0.07499999999995385400, -0.02000000000000000000 ) ) ;
#2058 = FACE_OUTER_BOUND ( 'NONE', #212, .T. ) ;
#2059 = DIRECTION ( 'NONE',  ( 0.0000000000000000000, 1.000000000000000000, 0.0000000000000000000 ) ) ;
#2060 = VECTOR ( 'NONE', #2059, 1000.000000000000000 ) ;
#2061 = CARTESIAN_POINT ( 'NONE',  ( -0.2501042119172064400, 0.2538729572027129700, 0.0000000000000000000 ) ) ;
#2062 = LINE ( 'NONE', #2061, #2060 ) ;
#2063 = DIRECTION ( 'NONE',  ( -0.0000000000000000000, -0.0000000000000000000, 1.000000000000000000 ) ) ;
#2064 = VECTOR ( 'NONE', #2063, 1000.000000000000000 ) ;
#2065 = CARTESIAN_POINT ( 'NONE',  ( -0.2501042119172064400, 0.3000000000000220300, -0.02000000000000000000 ) ) ;
#2066 = LINE ( 'NONE', #2065, #2064 ) ;
#2067 = CIRCLE ( 'NONE', #2075, 0.1999999999999918500 ) ;
#2068 = AXIS2_PLACEMENT_3D ( 'NONE', #2032, #153, #218 ) ;
#2069 = DIRECTION ( 'NONE',  ( -1.000000000000000000, 0.0000000000000000000, 0.0000000000000000000 ) ) ;
#2070 = DIRECTION ( 'NONE',  ( 0.0000000000000000000, 0.0000000000000000000, -1.000000000000000000 ) ) ;
#2071 = VECTOR ( 'NONE', #1978, 1000.000000000000000 ) ;
#2072 = CARTESIAN_POINT ( 'NONE',  ( 1.049999999999840800, -0.3499999999999948200, 0.0000000000000000000 ) ) ;
#2073 = LINE ( 'NONE', #1916, #1915 ) ;
#2074 = CARTESIAN_POINT ( 'NONE',  ( 1.000000000000000000, -0.1563508326895828600, 0.5100000000000000100 ) ) ;
#2075 = AXIS2_PLACEMENT_3D ( 'NONE', #2072, #2078, #2077 ) ;
#2076 = CARTESIAN_POINT ( 'NONE',  ( -1.049999999999840800, -0.3499999999999948200, 0.0000000000000000000 ) ) ;
#2077 = DIRECTION ( 'NONE',  ( 1.000000000000000000, 0.0000000000000000000, 0.0000000000000000000 ) ) ;
#2078 = DIRECTION ( 'NONE',  ( -0.0000000000000000000, -0.0000000000000000000, -1.000000000000000000 ) ) ;
#2079 = DIRECTION ( 'NONE',  ( -0.0000000000000000000, -1.000000000000000000, -0.0000000000000000000 ) ) ;
#2080 = VECTOR ( 'NONE', #2079, 1000.000000000000000 ) ;
#2081 = CARTESIAN_POINT ( 'NONE',  ( -0.1501042119171837300, -0.2999999999999865000, -0.02000000000000000000 ) ) ;
#2082 = AXIS2_PLACEMENT_3D ( 'NONE', #2076, #2070, #2069 ) ;
#2083 = DIRECTION ( 'NONE',  ( 0.0000000000000000000, 0.0000000000000000000, 1.000000000000000000 ) ) ;
#2084 = DIRECTION ( 'NONE',  ( -1.000000000000000000, 0.0000000000000000000, 0.0000000000000000000 ) ) ;
#2085 = CARTESIAN_POINT ( 'NONE',  ( -0.1501042119171837300, -0.2999999999999865000, -0.02000000000000000000 ) ) ;
#2086 = CARTESIAN_POINT ( 'NONE',  ( 1.000000000000000000, -0.1563508326895828600, 0.0000000000000000000 ) ) ;
#2087 = CARTESIAN_POINT ( 'NONE',  ( -1.000000000000056800, -0.1666969722017057600, 0.5300000000000000300 ) ) ;
#2088 = CIRCLE ( 'NONE', #2082, 0.2999999999998635400 ) ;
#2089 = LINE ( 'NONE', #2081, #2080 ) ;
#2090 = CIRCLE ( 'NONE', #2068, 0.1999999999999998700 ) ;
#2091 = DIRECTION ( 'NONE',  ( -0.0000000000000000000, -0.0000000000000000000, 1.000000000000000000 ) ) ;
#2092 = VECTOR ( 'NONE', #2091, 1000.000000000000000 ) ;
#2093 = PLANE ( 'NONE',  #2037 ) ;
#2094 = CARTESIAN_POINT ( 'NONE',  ( -0.9301042119174584000, -0.07499999999995385400, -0.02000000000000000000 ) ) ;
#2095 = CARTESIAN_POINT ( 'NONE',  ( -0.1501042119171837300, -0.2999999999999865000, -0.02000000000000000000 ) ) ;
#2096 = DIRECTION ( 'NONE',  ( 1.000000000000000000, 0.0000000000000000000, 0.0000000000000000000 ) ) ;
#2097 = DIRECTION ( 'NONE',  ( -0.0000000000000000000, -0.0000000000000000000, 1.000000000000000000 ) ) ;
#2098 = CARTESIAN_POINT ( 'NONE',  ( -0.4501042119171554400, -0.07499999999995392300, -0.02000000000000000000 ) ) ;
#2099 = LINE ( 'NONE', #2057, #2092 ) ;
#2100 = FACE_OUTER_BOUND ( 'NONE', #242, .T. ) ;
#2101 = PLANE ( 'NONE',  #2106 ) ;
#2102 = DIRECTION ( 'NONE',  ( -0.0000000000000000000, -0.0000000000000000000, 1.000000000000000000 ) ) ;
#2103 = VECTOR ( 'NONE', #2102, 1000.000000000000000 ) ;
#2104 = CARTESIAN_POINT ( 'NONE',  ( -0.1501042119171837300, 0.3000000000000220300, -0.02000000000000000000 ) ) ;
#2105 = LINE ( 'NONE', #2104, #2103 ) ;
#2106 = AXIS2_PLACEMENT_3D ( 'NONE', #2160, #2159, #2158 ) ;
#2107 = DIRECTION ( 'NONE',  ( -0.0000000000000000000, -0.0000000000000000000, 1.000000000000000000 ) ) ;
#2108 = VECTOR ( 'NONE', #2107, 1000.000000000000000 ) ;
#2109 = CARTESIAN_POINT ( 'NONE',  ( -0.1501042119171837300, 0.3000000000000220300, -0.02000000000000000000 ) ) ;
#2110 = AXIS2_PLACEMENT_3D ( 'NONE', #2150, #2149, #2148 ) ;
#2111 = LINE ( 'NONE', #2122, #2108 ) ;
#2112 = DIRECTION ( 'NONE',  ( 1.000000000000000000, -0.0000000000000000000, -0.0000000000000000000 ) ) ;
#2113 = VECTOR ( 'NONE', #2112, 1000.000000000000000 ) ;
#2114 = FACE_OUTER_BOUND ( 'NONE', #247, .T. ) ;
#2115 = DIRECTION ( 'NONE',  ( -2.122664702281656300E-015, 1.000000000000000000, 0.0000000000000000000 ) ) ;
#2116 = DIRECTION ( 'NONE',  ( 1.000000000000000000, 2.122664702281656300E-015, 0.0000000000000000000 ) ) ;
#2117 = CIRCLE ( 'NONE', #2110, 0.2999999999998635400 ) ;
#2118 = CARTESIAN_POINT ( 'NONE',  ( -0.1501042119171837300, 0.3000000000000220300, -0.02000000000000000000 ) ) ;
#2119 = LINE ( 'NONE', #2118, #2113 ) ;
#2120 = CARTESIAN_POINT ( 'NONE',  ( -1.000000000000000000, -0.09999999999999431600, 0.5300000000000001400 ) ) ;
#2121 = CARTESIAN_POINT ( 'NONE',  ( -0.9999999999999997800, -0.1563508326895823900, 0.5100000000000000100 ) ) ;
#2122 = CARTESIAN_POINT ( 'NONE',  ( -0.1501042119171837300, -0.2999999999999865000, -0.02000000000000000000 ) ) ;
#2123 = CARTESIAN_POINT ( 'NONE',  ( -1.000000000000000200, -0.05419601084512543100, -0.02000000000000000000 ) ) ;
#2124 = PLANE ( 'NONE',  #2125 ) ;
#2125 = AXIS2_PLACEMENT_3D ( 'NONE', #2123, #2116, #2115 ) ;
#2126 = FACE_OUTER_BOUND ( 'NONE', #408, .T. ) ;
#2127 = PLANE ( 'NONE',  #2129 ) ;
#2128 = CARTESIAN_POINT ( 'NONE',  ( -0.3501042119171723400, -0.3000000000000148700, -0.02000000000000000000 ) ) ;
#2129 = AXIS2_PLACEMENT_3D ( 'NONE', #2145, #2195, #2194 ) ;
#2130 = DIRECTION ( 'NONE',  ( 1.000000000000000000, 0.0000000000000000000, 0.0000000000000000000 ) ) ;
#2131 = CARTESIAN_POINT ( 'NONE',  ( -0.4501042119171554400, 0.3000000000000220300, -0.02000000000000000000 ) ) ;
#2132 = CARTESIAN_POINT ( 'NONE',  ( -1.000000000000000000, -0.09999999999999431600, 0.5100000000000000100 ) ) ;
#2133 = VERTEX_POINT ( 'NONE', #4526 ) ;
#2134 = CIRCLE ( 'NONE', #2139, 0.2000000000000000900 ) ;
#2135 = CARTESIAN_POINT ( 'NONE',  ( -0.2501042119171496000, -0.09638834288371708700, -0.02000000000000000000 ) ) ;
#2136 = DIRECTION ( 'NONE',  ( 1.000000000000000000, 0.0000000000000000000, 0.0000000000000000000 ) ) ;
#2137 = VECTOR ( 'NONE', #2136, 1000.000000000000000 ) ;
#2138 = LINE ( 'NONE', #2155, #2137 ) ;
#2139 = AXIS2_PLACEMENT_3D ( 'NONE', #2162, #2147, #2130 ) ;
#2140 = CARTESIAN_POINT ( 'NONE',  ( -0.4501042119171554400, -0.07499999999995392300, 0.0000000000000000000 ) ) ;
#2141 = FACE_OUTER_BOUND ( 'NONE', #284, .T. ) ;
#2142 = DIRECTION ( 'NONE',  ( -0.0000000000000000000, -0.0000000000000000000, 1.000000000000000000 ) ) ;
#2143 = VECTOR ( 'NONE', #2142, 1000.000000000000000 ) ;
#2144 = CARTESIAN_POINT ( 'NONE',  ( -0.4501042119171554400, -0.07499999999995392300, -0.02000000000000000000 ) ) ;
#2145 = CARTESIAN_POINT ( 'NONE',  ( -0.9301042119174585100, -0.07499999999995392300, -0.02000000000000000000 ) ) ;
#2146 = CARTESIAN_POINT ( 'NONE',  ( 0.2501042119171188500, -0.3000000000000113700, -0.02000000000000000000 ) ) ;
#2147 = DIRECTION ( 'NONE',  ( -0.0000000000000000000, -0.0000000000000000000, -1.000000000000000000 ) ) ;
#2148 = DIRECTION ( 'NONE',  ( -1.000000000000000000, 0.0000000000000000000, 0.0000000000000000000 ) ) ;
#2149 = DIRECTION ( 'NONE',  ( 0.0000000000000000000, 0.0000000000000000000, -1.000000000000000000 ) ) ;
#2150 = CARTESIAN_POINT ( 'NONE',  ( -1.049999999999840800, -0.3499999999999948200, -0.02000000000000000000 ) ) ;
#2151 = CARTESIAN_POINT ( 'NONE',  ( -1.000000000000000200, -0.05419601084512543100, -0.02000000000000000000 ) ) ;
#2152 = DIRECTION ( 'NONE',  ( 1.000000000000000000, 0.0000000000000000000, 0.0000000000000000000 ) ) ;
#2153 = VECTOR ( 'NONE', #2152, 1000.000000000000000 ) ;
#2154 = CARTESIAN_POINT ( 'NONE',  ( -0.9301042119174585100, -0.07499999999995392300, -0.02000000000000000000 ) ) ;
#2155 = CARTESIAN_POINT ( 'NONE',  ( -0.9301042119174585100, -0.07499999999995392300, 0.0000000000000000000 ) ) ;
#2156 = CARTESIAN_POINT ( 'NONE',  ( -0.3501042119171723400, -0.3000000000000148700, 0.0000000000000000000 ) ) ;
#2157 = LINE ( 'NONE', #2144, #2143 ) ;
#2158 = DIRECTION ( 'NONE',  ( 0.0000000000000000000, -0.0000000000000000000, 1.000000000000000000 ) ) ;
#2159 = DIRECTION ( 'NONE',  ( -0.0000000000000000000, 1.000000000000000000, 0.0000000000000000000 ) ) ;
#2160 = CARTESIAN_POINT ( 'NONE',  ( -0.3501042119171723400, -0.09638834288371708700, -0.02000000000000000000 ) ) ;
#2161 = LINE ( 'NONE', #2154, #2153 ) ;
#2162 = CARTESIAN_POINT ( 'NONE',  ( -1.050000000000011400, -0.3499999999999943200, 0.5100000000000000100 ) ) ;
#2163 = CARTESIAN_POINT ( 'NONE',  ( -0.3501042119172292400, 0.2538729572027129700, 0.0000000000000000000 ) ) ;
#2164 = CARTESIAN_POINT ( 'NONE',  ( -0.3501042119172292400, 0.3000000000000220300, 0.0000000000000000000 ) ) ;
#2165 = DIRECTION ( 'NONE',  ( -0.0000000000000000000, -0.0000000000000000000, 1.000000000000000000 ) ) ;
#2166 = VECTOR ( 'NONE', #2165, 1000.000000000000000 ) ;
#2167 = CARTESIAN_POINT ( 'NONE',  ( -1.000000000000000200, -0.05419601084512543100, -0.02000000000000000000 ) ) ;
#2168 = LINE ( 'NONE', #2167, #2166 ) ;
#2169 = PLANE ( 'NONE',  #2183 ) ;
#2170 = DIRECTION ( 'NONE',  ( 1.000000000000000000, -0.0000000000000000000, -0.0000000000000000000 ) ) ;
#2171 = VECTOR ( 'NONE', #2170, 1000.000000000000000 ) ;
#2172 = CARTESIAN_POINT ( 'NONE',  ( -0.3501042119172292400, 0.3000000000000220300, 0.0000000000000000000 ) ) ;
#2173 = LINE ( 'NONE', #2172, #2171 ) ;
#2174 = DIRECTION ( 'NONE',  ( -0.0000000000000000000, -0.0000000000000000000, 1.000000000000000000 ) ) ;
#2175 = VECTOR ( 'NONE', #2174, 1000.000000000000000 ) ;
#2176 = CARTESIAN_POINT ( 'NONE',  ( -0.3501042119172292400, 0.3000000000000220300, -0.02000000000000000000 ) ) ;
#2177 = FACE_OUTER_BOUND ( 'NONE', #299, .T. ) ;
#2178 = CARTESIAN_POINT ( 'NONE',  ( -0.3501042119172292400, 0.2538729572027129700, 0.0000000000000000000 ) ) ;
#2179 = LINE ( 'NONE', #2176, #2175 ) ;
#2180 = DIRECTION ( 'NONE',  ( 1.000000000000000000, -0.0000000000000000000, -0.0000000000000000000 ) ) ;
#2181 = VECTOR ( 'NONE', #2180, 1000.000000000000000 ) ;
#2182 = LINE ( 'NONE', #2187, #2181 ) ;
#2183 = AXIS2_PLACEMENT_3D ( 'NONE', #2193, #2223, #2222 ) ;
#2184 = DIRECTION ( 'NONE',  ( -0.0000000000000000000, 1.000000000000000000, -0.0000000000000000000 ) ) ;
#2185 = VECTOR ( 'NONE', #2184, 1000.000000000000000 ) ;
#2186 = LINE ( 'NONE', #2135, #2185 ) ;
#2187 = CARTESIAN_POINT ( 'NONE',  ( -0.3501042119172292400, 0.3000000000000220300, -0.02000000000000000000 ) ) ;
#2188 = CARTESIAN_POINT ( 'NONE',  ( -0.3501042119171723400, -0.09638834288371708700, -0.02000000000000000000 ) ) ;
#2189 = CARTESIAN_POINT ( 'NONE',  ( -0.3501042119171723400, -0.09638834288371708700, 0.0000000000000000000 ) ) ;
#2190 = DIRECTION ( 'NONE',  ( -2.122664702281656300E-015, 1.000000000000000000, -0.0000000000000000000 ) ) ;
#2191 = VECTOR ( 'NONE', #2190, 1000.000000000000000 ) ;
#2192 = LINE ( 'NONE', #2151, #2191 ) ;
#2193 = CARTESIAN_POINT ( 'NONE',  ( -0.3501042119172292400, 0.3000000000000220300, -0.02000000000000000000 ) ) ;
#2194 = DIRECTION ( 'NONE',  ( 0.0000000000000000000, -0.0000000000000000000, -1.000000000000000000 ) ) ;
#2195 = DIRECTION ( 'NONE',  ( 0.0000000000000000000, -1.000000000000000000, 0.0000000000000000000 ) ) ;
#2196 = CARTESIAN_POINT ( 'NONE',  ( -1.050000000000029600, -0.3499999999999896500, 0.5100000000000000100 ) ) ;
#2197 = DIRECTION ( 'NONE',  ( -0.0000000000000000000, -0.0000000000000000000, -1.000000000000000000 ) ) ;
#2198 = VECTOR ( 'NONE', #2197, 1000.000000000000000 ) ;
#2199 = CARTESIAN_POINT ( 'NONE',  ( -0.8563508326896567300, -0.2999999999999971600, 0.5100000000000000100 ) ) ;
#2200 = LINE ( 'NONE', #2199, #2198 ) ;
#2201 = CARTESIAN_POINT ( 'NONE',  ( -1.050000000000029600, -0.3499999999999896500, 0.0000000000000000000 ) ) ;
#2202 = DIRECTION ( 'NONE',  ( -0.0000000000000000000, -0.0000000000000000000, -1.000000000000000000 ) ) ;
#2203 = DIRECTION ( 'NONE',  ( 1.000000000000000000, 0.0000000000000000000, 0.0000000000000000000 ) ) ;
#2204 = DIRECTION ( 'NONE',  ( -0.0000000000000000000, -0.0000000000000000000, -1.000000000000000000 ) ) ;
#2205 = CARTESIAN_POINT ( 'NONE',  ( -0.8563508326896567300, -0.2999999999999971600, 0.0000000000000000000 ) ) ;
#2206 = DIRECTION ( 'NONE',  ( -0.0000000000000000000, -0.0000000000000000000, -1.000000000000000000 ) ) ;
#2207 = CARTESIAN_POINT ( 'NONE',  ( 0.8563508326894783100, -0.2999999999999950500, 0.5100000000000000100 ) ) ;
#2208 = CARTESIAN_POINT ( 'NONE',  ( -0.8563508326896567300, -0.2999999999999971600, 0.5100000000000000100 ) ) ;
#2209 = DIRECTION ( 'NONE',  ( -0.0000000000000000000, -0.0000000000000000000, -1.000000000000000000 ) ) ;
#2210 = VECTOR ( 'NONE', #2209, 1000.000000000000000 ) ;
#2211 = CARTESIAN_POINT ( 'NONE',  ( -0.8563508326896408500, 0.2999999999999930500, 0.5100000000000000100 ) ) ;
#2212 = AXIS2_PLACEMENT_3D ( 'NONE', #2214, #2204, #2203 ) ;
#2213 = VECTOR ( 'NONE', #2295, 1000.000000000000000 ) ;
#2214 = CARTESIAN_POINT ( 'NONE',  ( -1.050000000000011600, 0.3499999999999933200, 0.0000000000000000000 ) ) ;
#2215 = CARTESIAN_POINT ( 'NONE',  ( -1.000000000000000000, 0.1563508326896254600, 0.5100000000000000100 ) ) ;
#2216 = DIRECTION ( 'NONE',  ( -0.0000000000000000000, -1.000000000000000000, -0.0000000000000000000 ) ) ;
#2217 = VECTOR ( 'NONE', #2216, 1000.000000000000000 ) ;
#2218 = LINE ( 'NONE', #2163, #2217 ) ;
#2219 = FACE_OUTER_BOUND ( 'NONE', #338, .T. ) ;
#2220 = CARTESIAN_POINT ( 'NONE',  ( -1.000000000000000000, -0.1563508326896258800, 0.0000000000000000000 ) ) ;
#2221 = CIRCLE ( 'NONE', #2212, 0.2000000000000000900 ) ;
#2222 = DIRECTION ( 'NONE',  ( 0.0000000000000000000, 0.0000000000000000000, -1.000000000000000000 ) ) ;
#2223 = DIRECTION ( 'NONE',  ( 0.0000000000000000000, -1.000000000000000000, -0.0000000000000000000 ) ) ;
#2224 = LINE ( 'NONE', #2211, #2210 ) ;
#2225 = CARTESIAN_POINT ( 'NONE',  ( -0.3501042119172292400, 0.3000000000000220300, -0.02000000000000000000 ) ) ;
#2226 = CIRCLE ( 'NONE', #2237, 0.2000000000000005100 ) ;
#2227 = VERTEX_POINT ( 'NONE', #4552 ) ;
#2228 = DIRECTION ( 'NONE',  ( 1.000000000000000000, 0.0000000000000000000, 0.0000000000000000000 ) ) ;
#2229 = DIRECTION ( 'NONE',  ( -0.0000000000000000000, -0.0000000000000000000, -1.000000000000000000 ) ) ;
#2230 = LINE ( 'NONE', #2207, #2289 ) ;
#2231 = FACE_OUTER_BOUND ( 'NONE', #473, .T. ) ;
#2232 = DIRECTION ( 'NONE',  ( -0.0000000000000000000, -0.0000000000000000000, -1.000000000000000000 ) ) ;
#2233 = VECTOR ( 'NONE', #2232, 1000.000000000000000 ) ;
#2234 = CARTESIAN_POINT ( 'NONE',  ( 1.000000000000000000, -0.1563508326895828600, 0.5100000000000000100 ) ) ;
#2235 = PLANE ( 'NONE',  #2274 ) ;
#2236 = LINE ( 'NONE', #2234, #2233 ) ;
#2237 = AXIS2_PLACEMENT_3D ( 'NONE', #2239, #2229, #2228 ) ;
#2238 = AXIS2_PLACEMENT_3D ( 'NONE', #2242, #2243, #2241 ) ;
#2240 = ORIENTED_EDGE ( 'NONE', *, *, #3882, .F. ) ;
#2239 = CARTESIAN_POINT ( 'NONE',  ( -1.050000000000029600, -0.3499999999999896500, 0.5100000000000000100 ) ) ;
#2241 = DIRECTION ( 'NONE',  ( -1.000000000000000000, 0.0000000000000000000, 0.0000000000000000000 ) ) ;
#2242 = CARTESIAN_POINT ( 'NONE',  ( 1.049999999999840800, -0.3499999999999948200, 0.5100000000000000100 ) ) ;
#2243 = DIRECTION ( 'NONE',  ( -0.0000000000000000000, -0.0000000000000000000, -1.000000000000000000 ) ) ;
#2244 = CARTESIAN_POINT ( 'NONE',  ( 0.8563508326894783100, -0.2999999999999950500, 0.0000000000000000000 ) ) ;
#2245 = CARTESIAN_POINT ( 'NONE',  ( -1.000000000000000000, -0.1563508326896258800, 0.5100000000000000100 ) ) ;
#2246 = DIRECTION ( 'NONE',  ( 0.0000000000000000000, -1.000000000000000000, 0.0000000000000000000 ) ) ;
#2247 = VECTOR ( 'NONE', #2246, 1000.000000000000000 ) ;
#2248 = LINE ( 'NONE', #2215, #2247 ) ;
#2249 = AXIS2_PLACEMENT_3D ( 'NONE', #2196, #2202, #2251 ) ;
#2250 = FACE_OUTER_BOUND ( 'NONE', #331, .T. ) ;
#2251 = DIRECTION ( 'NONE',  ( -1.000000000000000000, 0.0000000000000000000, 0.0000000000000000000 ) ) ;
#2252 = CYLINDRICAL_SURFACE ( 'NONE', #2238, 0.1999999999999918500 ) ;
#2253 = DIRECTION ( 'NONE',  ( 1.000000000000000000, 0.0000000000000000000, 0.0000000000000000000 ) ) ;
#2254 = DIRECTION ( 'NONE',  ( -0.0000000000000000000, -0.0000000000000000000, -1.000000000000000000 ) ) ;
#2255 = AXIS2_PLACEMENT_3D ( 'NONE', #2201, #2254, #2253 ) ;
#2256 = CIRCLE ( 'NONE', #2255, 0.2000000000000005100 ) ;
#2257 = CYLINDRICAL_SURFACE ( 'NONE', #2249, 0.2000000000000005100 ) ;
#2258 = CYLINDRICAL_SURFACE ( 'NONE', #2259, 0.2000000000000000900 ) ;
#2259 = AXIS2_PLACEMENT_3D ( 'NONE', #2268, #2313, #2272 ) ;
#2260 = DIRECTION ( 'NONE',  ( 0.0000000000000000000, -1.000000000000000000, 0.0000000000000000000 ) ) ;
#2261 = VECTOR ( 'NONE', #2260, 1000.000000000000000 ) ;
#2262 = LINE ( 'NONE', #2277, #2261 ) ;
#2263 = CARTESIAN_POINT ( 'NONE',  ( -1.049999999999840800, -0.3499999999999948200, -0.02000000000000000000 ) ) ;
#2264 = AXIS2_PLACEMENT_3D ( 'NONE', #2266, #2321, #2320 ) ;
#2265 = FACE_OUTER_BOUND ( 'NONE', #317, .T. ) ;
#2266 = CARTESIAN_POINT ( 'NONE',  ( -1.000000000000000000, 0.1563508326896254600, 0.5100000000000000100 ) ) ;
#2267 = CARTESIAN_POINT ( 'NONE',  ( -1.000000000000000000, 0.1563508326896254600, 0.0000000000000000000 ) ) ;
#2268 = CARTESIAN_POINT ( 'NONE',  ( -1.050000000000011600, 0.3499999999999933200, 0.5100000000000000100 ) ) ;
#2269 = DIRECTION ( 'NONE',  ( 8.066125868658120900E-014, -1.000000000000000000, 0.0000000000000000000 ) ) ;
#2270 = DIRECTION ( 'NONE',  ( -1.000000000000000000, -8.066125868658120900E-014, 0.0000000000000000000 ) ) ;
#2271 = PLANE ( 'NONE',  #2264 ) ;
#2272 = DIRECTION ( 'NONE',  ( -1.000000000000000000, 0.0000000000000000000, 0.0000000000000000000 ) ) ;
#2273 = DIRECTION ( 'NONE',  ( -0.0000000000000000000, -0.0000000000000000000, -1.000000000000000000 ) ) ;
#2274 = AXIS2_PLACEMENT_3D ( 'NONE', #2290, #2270, #2269 ) ;
#2275 = PLANE ( 'NONE',  #2302 ) ;
#2276 = CARTESIAN_POINT ( 'NONE',  ( -0.8563508326896408500, 0.2999999999999930500, 0.0000000000000000000 ) ) ;
#2277 = CARTESIAN_POINT ( 'NONE',  ( -1.000000000000000000, 0.1563508326896254600, 0.0000000000000000000 ) ) ;
#2278 = VECTOR ( 'NONE', #2273, 1000.000000000000000 ) ;
#2279 = CARTESIAN_POINT ( 'NONE',  ( -1.000000000000000000, 0.1563508326896254600, 0.5100000000000000100 ) ) ;
#2280 = LINE ( 'NONE', #2279, #2278 ) ;
#2281 = CARTESIAN_POINT ( 'NONE',  ( -0.8563508326896408500, 0.2999999999999930500, 0.5100000000000000100 ) ) ;
#2282 = DIRECTION ( 'NONE',  ( 1.000000000000000000, 0.0000000000000000000, 0.0000000000000000000 ) ) ;
#2283 = VECTOR ( 'NONE', #2282, 1000.000000000000000 ) ;
#2284 = CARTESIAN_POINT ( 'NONE',  ( -0.8563508326896567300, -0.2999999999999971600, 0.0000000000000000000 ) ) ;
#2285 = LINE ( 'NONE', #2284, #2283 ) ;
#2286 = CARTESIAN_POINT ( 'NONE',  ( -1.000000000000000000, 0.1563508326896254600, 0.5100000000000000100 ) ) ;
#2287 = DIRECTION ( 'NONE',  ( -1.000000000000000000, 0.0000000000000000000, -0.0000000000000000000 ) ) ;
#2288 = DIRECTION ( 'NONE',  ( 0.0000000000000000000, 0.0000000000000000000, -1.000000000000000000 ) ) ;
#2289 = VECTOR ( 'NONE', #2206, 1000.000000000000000 ) ;
#2290 = CARTESIAN_POINT ( 'NONE',  ( 1.000000000000005600, 0.05419601084501452600, -0.02000000000000000000 ) ) ;
#2291 = CARTESIAN_POINT ( 'NONE',  ( 0.8563508326894783100, -0.2999999999999950500, 0.5100000000000000100 ) ) ;
#2292 = DIRECTION ( 'NONE',  ( 1.000000000000000000, 2.405537601046613000E-015, 0.0000000000000000000 ) ) ;
#2293 = DIRECTION ( 'NONE',  ( -0.0000000000000000000, 1.000000000000000000, -0.0000000000000000000 ) ) ;
#2294 = CARTESIAN_POINT ( 'NONE',  ( 1.000000000000000000, 0.1563508326896259100, 0.5100000000000000100 ) ) ;
#2295 = DIRECTION ( 'NONE',  ( 1.000000000000000000, 1.224646799147318900E-016, -0.0000000000000000000 ) ) ;
#2296 = DIRECTION ( 'NONE',  ( -0.0000000000000000000, -1.000000000000000000, -0.0000000000000000000 ) ) ;
#2297 = LINE ( 'NONE', #2294, #2339 ) ;
#2298 = FACE_OUTER_BOUND ( 'NONE', #374, .T. ) ;
#2299 = DIRECTION ( 'NONE',  ( 1.000000000000000000, 0.0000000000000000000, 0.0000000000000000000 ) ) ;
#2300 = DIRECTION ( 'NONE',  ( -0.0000000000000000000, -0.0000000000000000000, -1.000000000000000000 ) ) ;
#2301 = AXIS2_PLACEMENT_3D ( 'NONE', #2310, #2300, #2299 ) ;
#2302 = AXIS2_PLACEMENT_3D ( 'NONE', #2311, #2308, #2292 ) ;
#2303 = CARTESIAN_POINT ( 'NONE',  ( 1.000000000000000000, 0.1563508326896259100, 0.0000000000000000000 ) ) ;
#2304 = CARTESIAN_POINT ( 'NONE',  ( 0.8563508326895998800, 0.2999999999999971600, 0.5100000000000000100 ) ) ;
#2305 = CIRCLE ( 'NONE', #2351, 0.1999999999999998700 ) ;
#2306 = CARTESIAN_POINT ( 'NONE',  ( 1.000000000000000000, 0.1563508326896259600, 0.5100000000000000100 ) ) ;
#2307 = CIRCLE ( 'NONE', #2301, 0.2000000000000000900 ) ;
#2308 = DIRECTION ( 'NONE',  ( 2.405537601046613000E-015, -1.000000000000000000, 0.0000000000000000000 ) ) ;
#2309 = CARTESIAN_POINT ( 'NONE',  ( 1.000000000000000000, 0.1563508326896259600, 0.5100000000000000100 ) ) ;
#2310 = CARTESIAN_POINT ( 'NONE',  ( -1.050000000000011600, 0.3499999999999933200, 0.5100000000000000100 ) ) ;
#2311 = CARTESIAN_POINT ( 'NONE',  ( -0.8563508326896408500, 0.2999999999999930500, 0.5100000000000000100 ) ) ;
#2312 = FACE_OUTER_BOUND ( 'NONE', #357, .T. ) ;
#2313 = DIRECTION ( 'NONE',  ( -0.0000000000000000000, -0.0000000000000000000, -1.000000000000000000 ) ) ;
#2314 = DIRECTION ( 'NONE',  ( -0.0000000000000000000, -0.0000000000000000000, -1.000000000000000000 ) ) ;
#2315 = VECTOR ( 'NONE', #2314, 1000.000000000000000 ) ;
#2316 = CARTESIAN_POINT ( 'NONE',  ( -1.000000000000000000, -0.1563508326896258800, 0.5100000000000000100 ) ) ;
#2317 = LINE ( 'NONE', #2316, #2315 ) ;
#2318 = FACE_OUTER_BOUND ( 'NONE', #358, .T. ) ;
#2319 = PLANE ( 'NONE',  #2322 ) ;
#2320 = DIRECTION ( 'NONE',  ( -0.0000000000000000000, 0.0000000000000000000, -1.000000000000000000 ) ) ;
#2321 = DIRECTION ( 'NONE',  ( 1.000000000000000000, 0.0000000000000000000, -0.0000000000000000000 ) ) ;
#2322 = AXIS2_PLACEMENT_3D ( 'NONE', #2263, #2288, #2287 ) ;
#2323 = CARTESIAN_POINT ( 'NONE',  ( 1.049999999999968700, 0.3500000000000048600, 0.5100000000000000100 ) ) ;
#2324 = CARTESIAN_POINT ( 'NONE',  ( -0.8563508326896567300, -0.2999999999999971600, 0.5100000000000000100 ) ) ;
#2325 = LINE ( 'NONE', #2324, #1394 ) ;
#2326 = DIRECTION ( 'NONE',  ( -0.0000000000000000000, -0.0000000000000000000, -1.000000000000000000 ) ) ;
#2327 = CARTESIAN_POINT ( 'NONE',  ( 0.4501042119171643200, -0.3000000000000113700, -0.02000000000000000000 ) ) ;
#2328 = VECTOR ( 'NONE', #2326, 1000.000000000000000 ) ;
#2329 = DIRECTION ( 'NONE',  ( -0.0000000000000000000, -0.0000000000000000000, -1.000000000000000000 ) ) ;
#2330 = DIRECTION ( 'NONE',  ( -0.0000000000000000000, -0.0000000000000000000, -1.000000000000000000 ) ) ;
#2331 = VECTOR ( 'NONE', #2330, 1000.000000000000000 ) ;
#2332 = CARTESIAN_POINT ( 'NONE',  ( 0.8563508326895998800, 0.2999999999999971600, 0.5100000000000000100 ) ) ;
#2333 = LINE ( 'NONE', #2332, #2331 ) ;
#2334 = CYLINDRICAL_SURFACE ( 'NONE', #2347, 0.1999999999999999800 ) ;
#2335 = ORIENTED_EDGE ( 'NONE', *, *, #2836, .F. ) ;
#2336 = FACE_OUTER_BOUND ( 'NONE', #378, .T. ) ;
#2337 = DIRECTION ( 'NONE',  ( -1.000000000000000000, 0.0000000000000000000, 0.0000000000000000000 ) ) ;
#2338 = VECTOR ( 'NONE', #2296, 1000.000000000000000 ) ;
#2339 = VECTOR ( 'NONE', #2293, 1000.000000000000000 ) ;
#2340 = CARTESIAN_POINT ( 'NONE',  ( 0.8563508326895998800, 0.2999999999999971600, 0.0000000000000000000 ) ) ;
#2341 = DIRECTION ( 'NONE',  ( -0.0000000000000000000, -0.0000000000000000000, -1.000000000000000000 ) ) ;
#2342 = VECTOR ( 'NONE', #2341, 1000.000000000000000 ) ;
#2343 = LINE ( 'NONE', #2309, #2342 ) ;
#2344 = DIRECTION ( 'NONE',  ( -0.0000000000000000000, 1.000000000000000000, -0.0000000000000000000 ) ) ;
#2345 = VECTOR ( 'NONE', #2344, 1000.000000000000000 ) ;
#2346 = LINE ( 'NONE', #2303, #2345 ) ;
#2347 = AXIS2_PLACEMENT_3D ( 'NONE', #2323, #2329, #2337 ) ;
#2348 = DIRECTION ( 'NONE',  ( 1.000000000000000000, 0.0000000000000000000, 0.0000000000000000000 ) ) ;
#2349 = DIRECTION ( 'NONE',  ( -0.0000000000000000000, -0.0000000000000000000, -1.000000000000000000 ) ) ;
#2350 = CARTESIAN_POINT ( 'NONE',  ( 1.049999999999968700, 0.3500000000000048600, 0.0000000000000000000 ) ) ;
#2351 = AXIS2_PLACEMENT_3D ( 'NONE', #2350, #2349, #2348 ) ;
#2352 = CARTESIAN_POINT ( 'NONE',  ( 1.000000000000000000, 0.1563508326896259600, 0.0000000000000000000 ) ) ;
#2353 = CARTESIAN_POINT ( 'NONE',  ( -1.049999999999840800, -0.3499999999999943200, 0.5300000000000000300 ) ) ;
#2354 = CARTESIAN_POINT ( 'NONE',  ( -0.4501042119171554400, -0.07499999999995392300, 0.0000000000000000000 ) ) ;
#2355 = DIRECTION ( 'NONE',  ( -1.000000000000000000, -1.864981885717564100E-014, 0.0000000000000000000 ) ) ;
#2356 = CARTESIAN_POINT ( 'NONE',  ( -0.4501042119171554400, 0.3000000000000220300, -0.02000000000000000000 ) ) ;
#2357 = CARTESIAN_POINT ( 'NONE',  ( -0.2501042119172064400, 0.2538729572027129700, -0.02000000000000000000 ) ) ;
#2358 = AXIS2_PLACEMENT_3D ( 'NONE', #2353, #2387, #2363 ) ;
#2359 = AXIS2_PLACEMENT_3D ( 'NONE', #2392, #2443, #2442 ) ;
#2360 = DIRECTION ( 'NONE',  ( 0.0000000000000000000, -0.0000000000000000000, 1.000000000000000000 ) ) ;
#2361 = DIRECTION ( 'NONE',  ( 0.0000000000000000000, 1.000000000000000000, 0.0000000000000000000 ) ) ;
#2362 = CARTESIAN_POINT ( 'NONE',  ( -0.8563508326896567300, -0.2999999999999971600, 0.5100000000000000100 ) ) ;
#2363 = DIRECTION ( 'NONE',  ( -1.000000000000000000, 0.0000000000000000000, 0.0000000000000000000 ) ) ;
#2364 = AXIS2_PLACEMENT_3D ( 'NONE', #2373, #2372, #2355 ) ;
#2365 = FACE_OUTER_BOUND ( 'NONE', #760, .T. ) ;
#2366 = DIRECTION ( 'NONE',  ( 0.0000000000000000000, 0.0000000000000000000, 1.000000000000000000 ) ) ;
#2367 = DIRECTION ( 'NONE',  ( -1.000000000000000000, 0.0000000000000000000, 0.0000000000000000000 ) ) ;
#2368 = CARTESIAN_POINT ( 'NONE',  ( 1.000000000000000000, 0.1563508326896259100, 0.5100000000000000100 ) ) ;
#2369 = AXIS2_PLACEMENT_3D ( 'NONE', #2368, #2367, #2366 ) ;
#2370 = PLANE ( 'NONE',  #2369 ) ;
#2371 = AXIS2_PLACEMENT_3D ( 'NONE', #2362, #2361, #2360 ) ;
#2372 = DIRECTION ( 'NONE',  ( -1.864981885717564100E-014, 1.000000000000000000, 0.0000000000000000000 ) ) ;
#2373 = CARTESIAN_POINT ( 'NONE',  ( 0.7901923788646868500, -0.1999999999999822800, -0.02000000000000000000 ) ) ;
#2374 = DIRECTION ( 'NONE',  ( 1.000000000000000000, 0.0000000000000000000, 0.0000000000000000000 ) ) ;
#2375 = DIRECTION ( 'NONE',  ( -0.0000000000000000000, -0.0000000000000000000, -1.000000000000000000 ) ) ;
#2376 = CARTESIAN_POINT ( 'NONE',  ( 1.049999999999840800, -0.3499999999999948200, 0.5100000000000000100 ) ) ;
#2377 = AXIS2_PLACEMENT_3D ( 'NONE', #2376, #2375, #2374 ) ;
#2378 = CIRCLE ( 'NONE', #2377, 0.1999999999999918500 ) ;
#2379 = CYLINDRICAL_SURFACE ( 'NONE', #2358, 0.1999999999999998700 ) ;
#2380 = PLANE ( 'NONE',  #2364 ) ;
#2381 = PLANE ( 'NONE',  #2402 ) ;
#2382 = CARTESIAN_POINT ( 'NONE',  ( 0.4501042119171643200, -0.1999999999999886300, 0.0000000000000000000 ) ) ;
#2383 = FACE_OUTER_BOUND ( 'NONE', #311, .T. ) ;
#2384 = FACE_OUTER_BOUND ( 'NONE', #422, .T. ) ;
#2385 = PLANE ( 'NONE',  #2371 ) ;
#2386 = FACE_OUTER_BOUND ( 'NONE', #402, .T. ) ;
#2387 = DIRECTION ( 'NONE',  ( 0.0000000000000000000, 0.0000000000000000000, -1.000000000000000000 ) ) ;
#2388 = PLANE ( 'NONE',  #2359 ) ;
#2389 = CARTESIAN_POINT ( 'NONE',  ( -1.000000000000056800, -0.1666969722017057600, 0.5300000000000000300 ) ) ;
#2390 = LINE ( 'NONE', #2427, #2426 ) ;
#2391 = DIRECTION ( 'NONE',  ( 0.0000000000000000000, 0.0000000000000000000, -1.000000000000000000 ) ) ;
#2392 = CARTESIAN_POINT ( 'NONE',  ( -1.050000000000011600, 0.3499999999999933200, 0.5100000000000000100 ) ) ;
#2393 = CARTESIAN_POINT ( 'NONE',  ( -1.000000000000000000, -0.09999999999999431600, 0.5100000000000000100 ) ) ;
#2394 = FACE_OUTER_BOUND ( 'NONE', #163, .T. ) ;
#2395 = DIRECTION ( 'NONE',  ( 0.0000000000000000000, 0.0000000000000000000, -1.000000000000000000 ) ) ;
#2396 = DIRECTION ( 'NONE',  ( 1.000000000000000000, -0.0000000000000000000, 0.0000000000000000000 ) ) ;
#2397 = CARTESIAN_POINT ( 'NONE',  ( -0.4501042119171554400, -0.07499999999995392300, -0.02000000000000000000 ) ) ;
#2398 = DIRECTION ( 'NONE',  ( 0.0000000000000000000, 0.0000000000000000000, -1.000000000000000000 ) ) ;
#2399 = DIRECTION ( 'NONE',  ( 1.000000000000000000, -0.0000000000000000000, 0.0000000000000000000 ) ) ;
#2400 = FACE_OUTER_BOUND ( 'NONE', #273, .T. ) ;
#2401 = AXIS2_PLACEMENT_3D ( 'NONE', #2397, #2396, #2391 ) ;
#2402 = AXIS2_PLACEMENT_3D ( 'NONE', #2357, #2399, #2398 ) ;
#2403 = DIRECTION ( 'NONE',  ( -0.0000000000000000000, -0.0000000000000000000, 1.000000000000000000 ) ) ;
#2404 = VECTOR ( 'NONE', #2403, 1000.000000000000000 ) ;
#2405 = LINE ( 'NONE', #2356, #2404 ) ;
#2406 = CARTESIAN_POINT ( 'NONE',  ( -0.8563508326894703200, -0.2999999999999931600, 0.5100000000000000100 ) ) ;
#2407 = FACE_OUTER_BOUND ( 'NONE', #226, .T. ) ;
#2408 = DIRECTION ( 'NONE',  ( 0.0000000000000000000, 1.000000000000000000, 0.0000000000000000000 ) ) ;
#2409 = VECTOR ( 'NONE', #2408, 1000.000000000000000 ) ;
#2410 = LINE ( 'NONE', #2354, #2409 ) ;
#2411 = PLANE ( 'NONE',  #2401 ) ;
#2412 = CARTESIAN_POINT ( 'NONE',  ( -0.9999999999999997800, -0.1563508326895823900, 0.0000000000000000000 ) ) ;
#2413 = DIRECTION ( 'NONE',  ( -3.848043128154116300E-015, -1.000000000000000000, 0.0000000000000000000 ) ) ;
#2414 = DIRECTION ( 'NONE',  ( 0.0000000000000000000, 0.0000000000000000000, -1.000000000000000000 ) ) ;
#2415 = VECTOR ( 'NONE', #2414, 1000.000000000000000 ) ;
#2416 = CARTESIAN_POINT ( 'NONE',  ( 0.8666969722017658900, 0.2999999999999927700, 0.5300000000000000300 ) ) ;
#2417 = LINE ( 'NONE', #2416, #2415 ) ;
#2418 = CARTESIAN_POINT ( 'NONE',  ( 0.7541960108450307400, 0.2999999999999968800, 0.0000000000000000000 ) ) ;
#2419 = CARTESIAN_POINT ( 'NONE',  ( 0.2501042119171188500, -0.09638834288371356300, -0.02000000000000000000 ) ) ;
#2420 = AXIS2_PLACEMENT_3D ( 'NONE', #2578, #2574, #2573 ) ;
#2421 = DIRECTION ( 'NONE',  ( -1.000000000000000000, -2.405537601046612600E-015, -0.0000000000000000000 ) ) ;
#2422 = CARTESIAN_POINT ( 'NONE',  ( 0.7541960108450307400, 0.2999999999999968800, -0.02000000000000000000 ) ) ;
#2423 = DIRECTION ( 'NONE',  ( 1.000000000000000000, 0.0000000000000000000, 0.0000000000000000000 ) ) ;
#2424 = DIRECTION ( 'NONE',  ( -0.0000000000000000000, -0.0000000000000000000, -1.000000000000000000 ) ) ;
#2425 = DIRECTION ( 'NONE',  ( -0.0000000000000000000, -0.0000000000000000000, -1.000000000000000000 ) ) ;
#2426 = VECTOR ( 'NONE', #2425, 1000.000000000000000 ) ;
#2427 = CARTESIAN_POINT ( 'NONE',  ( -1.000000000000000000, -0.09999999999999431600, 0.5300000000000001400 ) ) ;
#2428 = VECTOR ( 'NONE', #2421, 1000.000000000000000 ) ;
#2429 = CARTESIAN_POINT ( 'NONE',  ( -0.8563508326896408500, 0.2999999999999930500, 0.5100000000000000100 ) ) ;
#2430 = AXIS2_PLACEMENT_3D ( 'NONE', #2439, #2424, #2423 ) ;
#2431 = DIRECTION ( 'NONE',  ( 5.512107603605404700E-012, 1.000000000000000000, -0.0000000000000000000 ) ) ;
#2432 = VECTOR ( 'NONE', #2431, 1000.000000000000000 ) ;
#2433 = CARTESIAN_POINT ( 'NONE',  ( -0.9999999999999997800, -0.1563508326895823900, 0.5300000000000000300 ) ) ;
#2434 = LINE ( 'NONE', #2433, #2432 ) ;
#2435 = CIRCLE ( 'NONE', #2430, 0.1999999999999998700 ) ;
#2436 = LINE ( 'NONE', #2429, #2428 ) ;
#2437 = VECTOR ( 'NONE', #2413, 1000.000000000000000 ) ;
#2438 = LINE ( 'NONE', #2393, #2437 ) ;
#2439 = CARTESIAN_POINT ( 'NONE',  ( 1.049999999999968700, 0.3500000000000048600, 0.5100000000000000100 ) ) ;
#2440 = VECTOR ( 'NONE', #2395, 1000.000000000000000 ) ;
#2441 = LINE ( 'NONE', #2389, #2440 ) ;
#2442 = DIRECTION ( 'NONE',  ( 1.000000000000000000, 0.0000000000000000000, -0.0000000000000000000 ) ) ;
#2443 = DIRECTION ( 'NONE',  ( 0.0000000000000000000, 0.0000000000000000000, 1.000000000000000000 ) ) ;
#2444 = LINE ( 'NONE', #2501, #2500 ) ;
#2445 = DIRECTION ( 'NONE',  ( -1.000000000000000000, 5.483461457625061100E-014, -0.0000000000000000000 ) ) ;
#2446 = VECTOR ( 'NONE', #2445, 1000.000000000000000 ) ;
#2447 = CARTESIAN_POINT ( 'NONE',  ( 0.8000000000000113700, 0.2999999999999971600, 0.5100000000000000100 ) ) ;
#2448 = LINE ( 'NONE', #2447, #2446 ) ;
#2449 = CARTESIAN_POINT ( 'NONE',  ( 1.000000000000000000, 0.1000000000000085300, 0.5300000000000001400 ) ) ;
#2450 = DIRECTION ( 'NONE',  ( 1.000000000000000000, -1.061332351139244500E-014, 0.0000000000000000000 ) ) ;
#2451 = VECTOR ( 'NONE', #2450, 1000.000000000000000 ) ;
#2452 = CARTESIAN_POINT ( 'NONE',  ( 0.7541960108450301800, 0.2999999999999967700, 0.0000000000000000000 ) ) ;
#2453 = DIRECTION ( 'NONE',  ( -1.000000000000000000, 0.0000000000000000000, 0.0000000000000000000 ) ) ;
#2454 = DIRECTION ( 'NONE',  ( 0.0000000000000000000, 0.0000000000000000000, -1.000000000000000000 ) ) ;
#2455 = AXIS2_PLACEMENT_3D ( 'NONE', #2467, #2454, #2453 ) ;
#2456 = CIRCLE ( 'NONE', #2455, 0.2999999999999994900 ) ;
#2457 = LINE ( 'NONE', #2452, #2451 ) ;
#2458 = CARTESIAN_POINT ( 'NONE',  ( 0.8000000000000113700, 0.2999999999999971600, 0.5300000000000001400 ) ) ;
#2459 = DIRECTION ( 'NONE',  ( -0.0000000000000000000, -0.0000000000000000000, 1.000000000000000000 ) ) ;
#2460 = VECTOR ( 'NONE', #2459, 1000.000000000000000 ) ;
#2461 = LINE ( 'NONE', #2469, #2460 ) ;
#2462 = DIRECTION ( 'NONE',  ( 1.000000000000000000, 0.0000000000000000000, 0.0000000000000000000 ) ) ;
#2463 = DIRECTION ( 'NONE',  ( -0.0000000000000000000, -0.0000000000000000000, 1.000000000000000000 ) ) ;
#2464 = CARTESIAN_POINT ( 'NONE',  ( 1.050000000000011600, 0.3499999999999933200, -0.02000000000000000000 ) ) ;
#2465 = AXIS2_PLACEMENT_3D ( 'NONE', #2464, #2463, #2462 ) ;
#2466 = CYLINDRICAL_SURFACE ( 'NONE', #2465, 0.2999999999999994900 ) ;
#2467 = CARTESIAN_POINT ( 'NONE',  ( 1.050000000000011600, 0.3499999999999933200, -0.02000000000000000000 ) ) ;
#2468 = FACE_OUTER_BOUND ( 'NONE', #138, .T. ) ;
#2469 = CARTESIAN_POINT ( 'NONE',  ( 0.7541960108450307400, 0.2999999999999968800, -0.02000000000000000000 ) ) ;
#2470 = DIRECTION ( 'NONE',  ( 1.000000000000000000, 5.239646011029556800E-014, 0.0000000000000000000 ) ) ;
#2471 = VECTOR ( 'NONE', #2470, 1000.000000000000000 ) ;
#2472 = CARTESIAN_POINT ( 'NONE',  ( 0.8563508326896408500, 0.2999999999999930500, 0.5300000000000000300 ) ) ;
#2473 = LINE ( 'NONE', #2472, #2471 ) ;
#2474 = AXIS2_PLACEMENT_3D ( 'NONE', #2535, #2525, #2524 ) ;
#2475 = DIRECTION ( 'NONE',  ( 8.066125868658120900E-014, -1.000000000000000000, -0.0000000000000000000 ) ) ;
#2476 = VECTOR ( 'NONE', #2475, 1000.000000000000000 ) ;
#2477 = LINE ( 'NONE', #2482, #2476 ) ;
#2478 = DIRECTION ( 'NONE',  ( -0.0000000000000000000, -0.0000000000000000000, 1.000000000000000000 ) ) ;
#2479 = PLANE ( 'NONE',  #2474 ) ;
#2480 = CARTESIAN_POINT ( 'NONE',  ( 1.050000000000011400, 0.3499999999999943200, 0.5300000000000000300 ) ) ;
#2481 = CIRCLE ( 'NONE', #2493, 0.2000000000000000900 ) ;
#2482 = CARTESIAN_POINT ( 'NONE',  ( 1.000000000000005600, 0.05419601084501452600, 0.0000000000000000000 ) ) ;
#2483 = DIRECTION ( 'NONE',  ( 0.0000000000000000000, 1.000000000000000000, 0.0000000000000000000 ) ) ;
#2484 = VECTOR ( 'NONE', #2483, 1000.000000000000000 ) ;
#2485 = CARTESIAN_POINT ( 'NONE',  ( 1.050000000000011600, 0.3499999999999933200, 0.0000000000000000000 ) ) ;
#2486 = CARTESIAN_POINT ( 'NONE',  ( 1.000000000000005600, 0.05419601084501452600, -0.02000000000000000000 ) ) ;
#2487 = LINE ( 'NONE', #2503, #2484 ) ;
#2488 = DIRECTION ( 'NONE',  ( -1.000000000000000000, 0.0000000000000000000, 0.0000000000000000000 ) ) ;
#2489 = DIRECTION ( 'NONE',  ( 0.0000000000000000000, 0.0000000000000000000, -1.000000000000000000 ) ) ;
#2490 = AXIS2_PLACEMENT_3D ( 'NONE', #2502, #2489, #2488 ) ;
#2491 = CIRCLE ( 'NONE', #2490, 0.2999999999999994900 ) ;
#2492 = DIRECTION ( 'NONE',  ( -1.000000000000000000, 0.0000000000000000000, 0.0000000000000000000 ) ) ;
#2493 = AXIS2_PLACEMENT_3D ( 'NONE', #2485, #2478, #2492 ) ;
#2494 = DIRECTION ( 'NONE',  ( -0.0000000000000000000, -0.0000000000000000000, -1.000000000000000000 ) ) ;
#2495 = VECTOR ( 'NONE', #2494, 1000.000000000000000 ) ;
#2496 = CARTESIAN_POINT ( 'NONE',  ( 1.000000000000000000, 0.1000000000000085300, 0.5300000000000001400 ) ) ;
#2497 = LINE ( 'NONE', #2496, #2495 ) ;
#2498 = AXIS2_PLACEMENT_3D ( 'NONE', #2554, #2553, #2552 ) ;
#2499 = DIRECTION ( 'NONE',  ( 2.724615925736675800E-013, -1.000000000000000000, -0.0000000000000000000 ) ) ;
#2500 = VECTOR ( 'NONE', #2499, 1000.000000000000000 ) ;
#2501 = CARTESIAN_POINT ( 'NONE',  ( 1.000000000000000200, 0.1563508326896263500, 0.5300000000000000300 ) ) ;
#2502 = CARTESIAN_POINT ( 'NONE',  ( 1.050000000000011600, 0.3499999999999933200, 0.0000000000000000000 ) ) ;
#2503 = CARTESIAN_POINT ( 'NONE',  ( 1.000000000000000000, 0.1000000000000085300, 0.5100000000000000100 ) ) ;
#2504 = CARTESIAN_POINT ( 'NONE',  ( 1.000000000000000000, 0.1000000000000085300, 0.5100000000000000100 ) ) ;
#2505 = DIRECTION ( 'NONE',  ( 0.0000000000000000000, 0.0000000000000000000, -1.000000000000000000 ) ) ;
#2506 = VECTOR ( 'NONE', #2505, 1000.000000000000000 ) ;
#2507 = CARTESIAN_POINT ( 'NONE',  ( 0.9999999999999974500, 0.1666969722017490900, 0.5300000000000000300 ) ) ;
#2508 = LINE ( 'NONE', #2507, #2506 ) ;
#2509 = VECTOR ( 'NONE', #2514, 1000.000000000000000 ) ;
#2510 = LINE ( 'NONE', #2532, #2509 ) ;
#2511 = CIRCLE ( 'NONE', #2572, 0.1900000000000119900 ) ;
#2512 = DIRECTION ( 'NONE',  ( -1.000000000000000000, 0.0000000000000000000, 0.0000000000000000000 ) ) ;
#2513 = DIRECTION ( 'NONE',  ( -0.0000000000000000000, -0.0000000000000000000, 1.000000000000000000 ) ) ;
#2514 = DIRECTION ( 'NONE',  ( 1.000000000000000000, -1.061332351139244500E-014, 0.0000000000000000000 ) ) ;
#2515 = PLANE ( 'NONE',  #2570 ) ;
#2516 = DIRECTION ( 'NONE',  ( 0.0000000000000000000, 0.0000000000000000000, -1.000000000000000000 ) ) ;
#2517 = CARTESIAN_POINT ( 'NONE',  ( 1.050000000000011600, 0.3499999999999933200, -0.02000000000000000000 ) ) ;
#2518 = VECTOR ( 'NONE', #2526, 1000.000000000000000 ) ;
#2519 = LINE ( 'NONE', #2527, #2518 ) ;
#2520 = DIRECTION ( 'NONE',  ( 0.0000000000000000000, 0.0000000000000000000, -1.000000000000000000 ) ) ;
#2521 = CARTESIAN_POINT ( 'NONE',  ( 1.050000000000011400, 0.3499999999999943200, 0.5300000000000000300 ) ) ;
#2522 = FACE_OUTER_BOUND ( 'NONE', #488, .T. ) ;
#2523 = CYLINDRICAL_SURFACE ( 'NONE', #2536, 0.1900000000000119900 ) ;
#2524 = DIRECTION ( 'NONE',  ( -1.000000000000000000, 0.0000000000000000000, -0.0000000000000000000 ) ) ;
#2525 = DIRECTION ( 'NONE',  ( 0.0000000000000000000, 0.0000000000000000000, -1.000000000000000000 ) ) ;
#2526 = DIRECTION ( 'NONE',  ( 0.0000000000000000000, -1.000000000000000000, 0.0000000000000000000 ) ) ;
#2527 = CARTESIAN_POINT ( 'NONE',  ( 0.8000000000000113700, 0.2999999999999971600, 0.5300000000000001400 ) ) ;
#2528 = DIRECTION ( 'NONE',  ( 1.000000000000000000, -0.0000000000000000000, -0.0000000000000000000 ) ) ;
#2529 = VECTOR ( 'NONE', #2528, 1000.000000000000000 ) ;
#2530 = CARTESIAN_POINT ( 'NONE',  ( 1.000000000000000000, 0.1000000000000085300, 0.5300000000000001400 ) ) ;
#2531 = LINE ( 'NONE', #2530, #2529 ) ;
#2532 = CARTESIAN_POINT ( 'NONE',  ( 0.7541960108450301800, 0.2999999999999967700, -0.02000000000000000000 ) ) ;
#2533 = DIRECTION ( 'NONE',  ( -0.0000000000000000000, -0.0000000000000000000, 1.000000000000000000 ) ) ;
#2534 = VECTOR ( 'NONE', #2533, 1000.000000000000000 ) ;
#2535 = CARTESIAN_POINT ( 'NONE',  ( 1.050000000000011600, 0.3499999999999933200, 0.0000000000000000000 ) ) ;
#2536 = AXIS2_PLACEMENT_3D ( 'NONE', #2521, #2520, #2512 ) ;
#2537 = CARTESIAN_POINT ( 'NONE',  ( 1.000000000000005600, 0.05419601084501452600, -0.02000000000000000000 ) ) ;
#2538 = LINE ( 'NONE', #2537, #2534 ) ;
#2539 = FACE_OUTER_BOUND ( 'NONE', #496, .T. ) ;
#2540 = CARTESIAN_POINT ( 'NONE',  ( 0.9999999999999974500, 0.1666969722017490900, 0.5300000000000000300 ) ) ;
#2541 = AXIS2_PLACEMENT_3D ( 'NONE', #2596, #2595, #2594 ) ;
#2542 = AXIS2_PLACEMENT_3D ( 'NONE', #2589, #2588, #2587 ) ;
#2543 = DIRECTION ( 'NONE',  ( 0.0000000000000000000, 0.0000000000000000000, -1.000000000000000000 ) ) ;
#2544 = VECTOR ( 'NONE', #2543, 1000.000000000000000 ) ;
#2545 = CARTESIAN_POINT ( 'NONE',  ( 1.000000000000000200, -0.1563508326896263500, 0.5300000000000000300 ) ) ;
#2546 = DIRECTION ( 'NONE',  ( -0.0000000000000000000, -0.0000000000000000000, -1.000000000000000000 ) ) ;
#2547 = VECTOR ( 'NONE', #2546, 1000.000000000000000 ) ;
#2548 = CARTESIAN_POINT ( 'NONE',  ( 0.8000000000000113700, 0.2999999999999971600, 0.5300000000000001400 ) ) ;
#2549 = LINE ( 'NONE', #2548, #2547 ) ;
#2550 = CARTESIAN_POINT ( 'NONE',  ( 0.8666969722017658900, 0.2999999999999927700, 0.5300000000000000300 ) ) ;
#2551 = LINE ( 'NONE', #2545, #2544 ) ;
#2552 = DIRECTION ( 'NONE',  ( 1.000000000000000000, -1.061332351139244500E-014, 0.0000000000000000000 ) ) ;
#2553 = DIRECTION ( 'NONE',  ( -1.061332351139244500E-014, -1.000000000000000000, 0.0000000000000000000 ) ) ;
#2554 = CARTESIAN_POINT ( 'NONE',  ( 0.7541960108450301800, 0.2999999999999967700, -0.02000000000000000000 ) ) ;
#2555 = CARTESIAN_POINT ( 'NONE',  ( 0.8000000000000113700, 0.2999999999999971600, 0.5100000000000000100 ) ) ;
#2556 = DIRECTION ( 'NONE',  ( -1.000000000000000000, 0.0000000000000000000, 0.0000000000000000000 ) ) ;
#2557 = DIRECTION ( 'NONE',  ( -0.0000000000000000000, -0.0000000000000000000, 1.000000000000000000 ) ) ;
#2558 = CARTESIAN_POINT ( 'NONE',  ( 1.050000000000011400, 0.3499999999999943200, -0.02000000000000000000 ) ) ;
#2559 = AXIS2_PLACEMENT_3D ( 'NONE', #2558, #2557, #2556 ) ;
#2560 = CARTESIAN_POINT ( 'NONE',  ( 1.000000000000000200, -0.1563508326896263000, 0.0000000000000000000 ) ) ;
#2561 = CARTESIAN_POINT ( 'NONE',  ( 1.000000000000000200, -0.1563508326896263500, 0.5100000000000000100 ) ) ;
#2562 = DIRECTION ( 'NONE',  ( -1.000000000000000000, 0.0000000000000000000, -0.0000000000000000000 ) ) ;
#2563 = CIRCLE ( 'NONE', #2559, 0.1900000000000119900 ) ;
#2564 = FACE_OUTER_BOUND ( 'NONE', #313, .T. ) ;
#2565 = PLANE ( 'NONE',  #2542 ) ;
#2566 = CARTESIAN_POINT ( 'NONE',  ( 0.8000000000000113700, 0.2999999999999971600, 0.5300000000000001400 ) ) ;
#2567 = DIRECTION ( 'NONE',  ( -1.000000000000000000, 0.0000000000000000000, 0.0000000000000000000 ) ) ;
#2568 = PLANE ( 'NONE',  #2498 ) ;
#2569 = FACE_OUTER_BOUND ( 'NONE', #440, .T. ) ;
#2570 = AXIS2_PLACEMENT_3D ( 'NONE', #2517, #2516, #2562 ) ;
#2571 = CARTESIAN_POINT ( 'NONE',  ( 0.8666969722017658900, 0.2999999999999927700, -0.02000000000000000000 ) ) ;
#2572 = AXIS2_PLACEMENT_3D ( 'NONE', #2480, #2513, #2567 ) ;
#2573 = DIRECTION ( 'NONE',  ( -1.000000000000000000, 0.0000000000000000000, -0.0000000000000000000 ) ) ;
#2574 = DIRECTION ( 'NONE',  ( 0.0000000000000000000, 0.0000000000000000000, -1.000000000000000000 ) ) ;
#2575 = CARTESIAN_POINT ( 'NONE',  ( -1.050000000000011400, 0.3499999999999943200, 0.5100000000000000100 ) ) ;
#2576 = DIRECTION ( 'NONE',  ( -0.0000000000000000000, 0.0000000000000000000, -1.000000000000000000 ) ) ;
#2577 = DIRECTION ( 'NONE',  ( 1.000000000000000000, 0.0000000000000000000, -0.0000000000000000000 ) ) ;
#2578 = CARTESIAN_POINT ( 'NONE',  ( 1.050000000000011400, -0.3499999999999943200, -0.02000000000000000000 ) ) ;
#2579 = AXIS2_PLACEMENT_3D ( 'NONE', #2566, #2577, #2576 ) ;
#2580 = DIRECTION ( 'NONE',  ( -1.000000000000000000, 0.0000000000000000000, 0.0000000000000000000 ) ) ;
#2581 = VECTOR ( 'NONE', #2580, 1000.000000000000000 ) ;
#2582 = CARTESIAN_POINT ( 'NONE',  ( 1.000000000000000000, -0.1000000000000085300, 0.5100000000000000100 ) ) ;
#2583 = FACE_OUTER_BOUND ( 'NONE', #670, .T. ) ;
#2584 = LINE ( 'NONE', #2582, #2581 ) ;
#2585 = PLANE ( 'NONE',  #2579 ) ;
#2586 = FACE_OUTER_BOUND ( 'NONE', #530, .T. ) ;
#2587 = DIRECTION ( 'NONE',  ( 1.000000000000000000, 0.0000000000000000000, -0.0000000000000000000 ) ) ;
#2588 = DIRECTION ( 'NONE',  ( 0.0000000000000000000, 0.0000000000000000000, 1.000000000000000000 ) ) ;
#2589 = CARTESIAN_POINT ( 'NONE',  ( 1.049999999999954500, 0.3500000000000085300, 0.5100000000000000100 ) ) ;
#2590 = PLANE ( 'NONE',  #2420 ) ;
#2591 = CARTESIAN_POINT ( 'NONE',  ( 0.4501042119171643200, -0.1999999999999886300, -0.02000000000000000000 ) ) ;
#2592 = DIRECTION ( 'NONE',  ( -0.0000000000000000000, -0.0000000000000000000, -1.000000000000000000 ) ) ;
#2593 = AXIS2_PLACEMENT_3D ( 'NONE', #2575, #2592, #281 ) ;
#2594 = DIRECTION ( 'NONE',  ( -1.000000000000000000, 0.0000000000000000000, 0.0000000000000000000 ) ) ;
#2595 = DIRECTION ( 'NONE',  ( -0.0000000000000000000, -0.0000000000000000000, 1.000000000000000000 ) ) ;
#2596 = CARTESIAN_POINT ( 'NONE',  ( 1.050000000000029600, -0.3499999999999896500, 0.0000000000000000000 ) ) ;
#2597 = FACE_OUTER_BOUND ( 'NONE', #577, .T. ) ;
#2598 = CIRCLE ( 'NONE', #2541, 0.2000000000000000900 ) ;
#2599 = CIRCLE ( 'NONE', #2593, 0.2000000000000000900 ) ;
#2600 = PLANE ( 'NONE',  #2610 ) ;
#2601 = FACE_OUTER_BOUND ( 'NONE', #116, .T. ) ;
#2602 = CARTESIAN_POINT ( 'NONE',  ( 1.000000000000000000, 0.1000000000000085300, 0.5300000000000001400 ) ) ;
#2603 = CARTESIAN_POINT ( 'NONE',  ( 1.000000000000000000, -0.1000000000000085300, 0.5300000000000001400 ) ) ;
#2604 = CARTESIAN_POINT ( 'NONE',  ( 0.8000000000000113700, 0.1000000000000085300, 0.5100000000000000100 ) ) ;
#2605 = DIRECTION ( 'NONE',  ( 0.0000000000000000000, -1.000000000000000000, 0.0000000000000000000 ) ) ;
#2606 = VECTOR ( 'NONE', #2605, 1000.000000000000000 ) ;
#2607 = PLANE ( 'NONE',  #2649 ) ;
#2608 = FACE_OUTER_BOUND ( 'NONE', #556, .T. ) ;
#2609 = FACE_OUTER_BOUND ( 'NONE', #487, .T. ) ;
#2610 = AXIS2_PLACEMENT_3D ( 'NONE', #2645, #2643, #2642 ) ;
#2611 = CARTESIAN_POINT ( 'NONE',  ( 0.8000000000000113700, 0.1000000000000085300, 0.5300000000000001400 ) ) ;
#2612 = CARTESIAN_POINT ( 'NONE',  ( 0.8000000000000113700, 0.2999999999999971600, 0.5100000000000000100 ) ) ;
#2613 = LINE ( 'NONE', #2612, #2606 ) ;
#2614 = DIRECTION ( 'NONE',  ( -0.0000000000000000000, -0.0000000000000000000, -1.000000000000000000 ) ) ;
#2615 = VECTOR ( 'NONE', #2614, 1000.000000000000000 ) ;
#2616 = CARTESIAN_POINT ( 'NONE',  ( 0.8000000000000113700, 0.1000000000000085300, 0.5300000000000001400 ) ) ;
#2617 = LINE ( 'NONE', #2616, #2615 ) ;
#2618 = PLANE ( 'NONE',  #2619 ) ;
#2619 = AXIS2_PLACEMENT_3D ( 'NONE', #2602, #2648, #2647 ) ;
#2620 = AXIS2_PLACEMENT_3D ( 'NONE', #2644, #2671, #2670 ) ;
#2621 = CARTESIAN_POINT ( 'NONE',  ( 0.8563508326894703200, -0.2999999999999931600, 0.5100000000000000100 ) ) ;
#2622 = DIRECTION ( 'NONE',  ( -1.000000000000000000, 0.0000000000000000000, 0.0000000000000000000 ) ) ;
#2623 = VECTOR ( 'NONE', #2622, 1000.000000000000000 ) ;
#2624 = CARTESIAN_POINT ( 'NONE',  ( 1.000000000000000000, -0.1000000000000085300, 0.5300000000000001400 ) ) ;
#2625 = LINE ( 'NONE', #2624, #2623 ) ;
#2626 = CARTESIAN_POINT ( 'NONE',  ( 0.8000000000000113700, -0.2999999999999971600, 0.5300000000000001400 ) ) ;
#2627 = FACE_OUTER_BOUND ( 'NONE', #1261, .T. ) ;
#2628 = DIRECTION ( 'NONE',  ( 0.0000000000000000000, 0.0000000000000000000, -1.000000000000000000 ) ) ;
#2629 = CARTESIAN_POINT ( 'NONE',  ( 1.000000000000000000, -0.1000000000000085300, 0.5100000000000000100 ) ) ;
#2630 = DIRECTION ( 'NONE',  ( -0.0000000000000000000, -0.0000000000000000000, -1.000000000000000000 ) ) ;
#2631 = VECTOR ( 'NONE', #2630, 1000.000000000000000 ) ;
#2632 = CARTESIAN_POINT ( 'NONE',  ( 0.8000000000000113700, -0.1000000000000085300, 0.5300000000000001400 ) ) ;
#2633 = LINE ( 'NONE', #2632, #2631 ) ;
#2634 = DIRECTION ( 'NONE',  ( 0.0000000000000000000, -0.0000000000000000000, -1.000000000000000000 ) ) ;
#2635 = PLANE ( 'NONE',  #2620 ) ;
#2636 = CARTESIAN_POINT ( 'NONE',  ( 0.8000000000000113700, -0.1000000000000085300, 0.5100000000000000100 ) ) ;
#2637 = DIRECTION ( 'NONE',  ( -0.0000000000000000000, -0.0000000000000000000, -1.000000000000000000 ) ) ;
#2638 = VECTOR ( 'NONE', #2637, 1000.000000000000000 ) ;
#2639 = CARTESIAN_POINT ( 'NONE',  ( 1.000000000000000000, -0.1000000000000085300, 0.5300000000000001400 ) ) ;
#2640 = LINE ( 'NONE', #2639, #2638 ) ;
#2641 = DIRECTION ( 'NONE',  ( 0.0000000000000000000, -1.000000000000000000, 0.0000000000000000000 ) ) ;
#2642 = DIRECTION ( 'NONE',  ( -1.000000000000000000, 0.0000000000000000000, -0.0000000000000000000 ) ) ;
#2643 = DIRECTION ( 'NONE',  ( 0.0000000000000000000, 0.0000000000000000000, -1.000000000000000000 ) ) ;
#2644 = CARTESIAN_POINT ( 'NONE',  ( 1.000000000000056800, -0.09999999999999431600, 0.5250000000000000200 ) ) ;
#2645 = CARTESIAN_POINT ( 'NONE',  ( 1.050000000000011400, 0.3499999999999943200, 0.5300000000000000300 ) ) ;
#2646 = CARTESIAN_POINT ( 'NONE',  ( 0.8000000000000113700, -0.2999999999999971600, 0.5300000000000001400 ) ) ;
#2647 = DIRECTION ( 'NONE',  ( 0.0000000000000000000, 0.0000000000000000000, 1.000000000000000000 ) ) ;
#2648 = DIRECTION ( 'NONE',  ( 0.0000000000000000000, 1.000000000000000000, -0.0000000000000000000 ) ) ;
#2649 = AXIS2_PLACEMENT_3D ( 'NONE', #2603, #2641, #2634 ) ;
#2650 = DIRECTION ( 'NONE',  ( 0.0000000000000000000, 1.000000000000000000, 0.0000000000000000000 ) ) ;
#2651 = CARTESIAN_POINT ( 'NONE',  ( -0.1501042119171837300, -0.2999999999999865000, -0.02000000000000000000 ) ) ;
#2652 = PLANE ( 'NONE',  #2699 ) ;
#2653 = VECTOR ( 'NONE', #2660, 1000.000000000000000 ) ;
#2654 = PLANE ( 'NONE',  #2675 ) ;
#2655 = DIRECTION ( 'NONE',  ( 3.848043128158089000E-015, 1.000000000000000000, -0.0000000000000000000 ) ) ;
#2656 = CARTESIAN_POINT ( 'NONE',  ( 1.000000000000000000, -0.1000000000000085300, 0.5300000000000001400 ) ) ;
#2657 = CARTESIAN_POINT ( 'NONE',  ( 0.8563508326896567300, -0.2999999999999971600, 0.0000000000000000000 ) ) ;
#2658 = EDGE_CURVE ( 'NONE', #291, #274, #4549, .T. ) ;
#2659 = CARTESIAN_POINT ( 'NONE',  ( 1.000000000000005300, -0.05419601084501228500, 0.0000000000000000000 ) ) ;
#2660 = DIRECTION ( 'NONE',  ( 1.000000000000000000, -0.0000000000000000000, -0.0000000000000000000 ) ) ;
#2661 = CARTESIAN_POINT ( 'NONE',  ( 1.000000000000000000, 0.1000000000000085300, 0.5100000000000000100 ) ) ;
#2662 = VECTOR ( 'NONE', #2628, 1000.000000000000000 ) ;
#2663 = LINE ( 'NONE', #2665, #2662 ) ;
#2664 = LINE ( 'NONE', #2661, #2653 ) ;
#2665 = CARTESIAN_POINT ( 'NONE',  ( 0.8563508326896408500, -0.2999999999999931600, 0.5300000000000000300 ) ) ;
#2666 = FACE_OUTER_BOUND ( 'NONE', #610, .T. ) ;
#2667 = CARTESIAN_POINT ( 'NONE',  ( 1.000000000000000000, -0.1000000000000085300, 0.5300000000000001400 ) ) ;
#2668 = CARTESIAN_POINT ( 'NONE',  ( 0.8000000000000113700, -0.1000000000000085300, 0.5300000000000001400 ) ) ;
#2669 = AXIS2_PLACEMENT_3D ( 'NONE', #2672, #2678, #2674 ) ;
#2670 = DIRECTION ( 'NONE',  ( 0.0000000000000000000, 0.0000000000000000000, 1.000000000000000000 ) ) ;
#2671 = DIRECTION ( 'NONE',  ( -1.000000000000000000, 0.0000000000000000000, 0.0000000000000000000 ) ) ;
#2672 = CARTESIAN_POINT ( 'NONE',  ( 1.050000000000011400, -0.3499999999999943200, 0.5300000000000000300 ) ) ;
#2673 = CARTESIAN_POINT ( 'NONE',  ( 0.8000000000000113700, -0.2999999999999971600, 0.5300000000000001400 ) ) ;
#2674 = DIRECTION ( 'NONE',  ( -1.000000000000000000, 0.0000000000000000000, 0.0000000000000000000 ) ) ;
#2675 = AXIS2_PLACEMENT_3D ( 'NONE', #2651, #2650, #2710 ) ;
#2676 = CYLINDRICAL_SURFACE ( 'NONE', #2669, 0.2000000000000000900 ) ;
#2677 = FACE_OUTER_BOUND ( 'NONE', #526, .T. ) ;
#2678 = DIRECTION ( 'NONE',  ( 0.0000000000000000000, 0.0000000000000000000, -1.000000000000000000 ) ) ;
#2679 = DIRECTION ( 'NONE',  ( -0.0000000000000000000, -0.0000000000000000000, -1.000000000000000000 ) ) ;
#2680 = VECTOR ( 'NONE', #2679, 1000.000000000000000 ) ;
#2681 = LINE ( 'NONE', #2626, #2680 ) ;
#2682 = DIRECTION ( 'NONE',  ( -7.118879787106991100E-014, 1.000000000000000000, 0.0000000000000000000 ) ) ;
#2683 = CARTESIAN_POINT ( 'NONE',  ( 0.8000000000000113700, -0.2999999999999971600, 0.5300000000000001400 ) ) ;
#2684 = AXIS2_PLACEMENT_3D ( 'NONE', #2683, #2682, #2747 ) ;
#2685 = CARTESIAN_POINT ( 'NONE',  ( 0.7541960108450301800, -0.2999999999999967700, -0.02000000000000000000 ) ) ;
#2686 = LINE ( 'NONE', #2737, #2736 ) ;
#2687 = PLANE ( 'NONE',  #2729 ) ;
#2688 = CARTESIAN_POINT ( 'NONE',  ( 0.8666969722017779900, -0.2999999999999785600, -0.02000000000000000000 ) ) ;
#2689 = DIRECTION ( 'NONE',  ( -1.000000000000000000, 3.714663228986748900E-015, -0.0000000000000000000 ) ) ;
#2690 = VECTOR ( 'NONE', #2689, 1000.000000000000000 ) ;
#2691 = LINE ( 'NONE', #2700, #2690 ) ;
#2692 = DIRECTION ( 'NONE',  ( -3.848043128158089800E-015, -1.000000000000000000, 0.0000000000000000000 ) ) ;
#2693 = DIRECTION ( 'NONE',  ( -1.000000000000000000, 3.848043128158089800E-015, 0.0000000000000000000 ) ) ;
#2694 = DIRECTION ( 'NONE',  ( -0.0000000000000000000, -0.0000000000000000000, 1.000000000000000000 ) ) ;
#2695 = FACE_OUTER_BOUND ( 'NONE', #566, .T. ) ;
#2696 = VECTOR ( 'NONE', #2655, 1000.000000000000000 ) ;
#2697 = CARTESIAN_POINT ( 'NONE',  ( 0.8666969722017779900, -0.2999999999999785600, 0.5300000000000000300 ) ) ;
#2698 = PLANE ( 'NONE',  #2684 ) ;
#2699 = AXIS2_PLACEMENT_3D ( 'NONE', #2706, #2693, #2692 ) ;
#2700 = CARTESIAN_POINT ( 'NONE',  ( 0.7541960108450301800, -0.2999999999999967700, 0.0000000000000000000 ) ) ;
#2701 = FACE_OUTER_BOUND ( 'NONE', #554, .T. ) ;
#2702 = DIRECTION ( 'NONE',  ( 3.848043128158089000E-015, 1.000000000000000000, -0.0000000000000000000 ) ) ;
#2703 = VECTOR ( 'NONE', #2702, 1000.000000000000000 ) ;
#2704 = CARTESIAN_POINT ( 'NONE',  ( 1.000000000000000000, -0.1000000000000085300, 0.5100000000000000100 ) ) ;
#2705 = LINE ( 'NONE', #2704, #2703 ) ;
#2706 = CARTESIAN_POINT ( 'NONE',  ( 1.000000000000000000, -0.1000000000000085300, 0.5300000000000001400 ) ) ;
#2707 = DIRECTION ( 'NONE',  ( 1.000000000000000000, 7.118879787106991100E-014, 0.0000000000000000000 ) ) ;
#2708 = VECTOR ( 'NONE', #2707, 1000.000000000000000 ) ;
#2709 = LINE ( 'NONE', #2673, #2708 ) ;
#2710 = DIRECTION ( 'NONE',  ( 0.0000000000000000000, -0.0000000000000000000, 1.000000000000000000 ) ) ;
#2711 = LINE ( 'NONE', #2656, #2696 ) ;
#2712 = CARTESIAN_POINT ( 'NONE',  ( 1.000000000000005300, -0.05419601084501228500, -0.02000000000000000000 ) ) ;
#2713 = CIRCLE ( 'NONE', #2717, 0.1999999999999998700 ) ;
#2714 = DIRECTION ( 'NONE',  ( 0.0000000000000000000, -1.000000000000000000, 0.0000000000000000000 ) ) ;
#2715 = VECTOR ( 'NONE', #2714, 1000.000000000000000 ) ;
#2716 = LINE ( 'NONE', #2732, #2715 ) ;
#2717 = AXIS2_PLACEMENT_3D ( 'NONE', #2726, #2733, #2770 ) ;
#2718 = AXIS2_PLACEMENT_3D ( 'NONE', #2767, #2766, #2765 ) ;
#2719 = PLANE ( 'NONE',  #2718 ) ;
#2720 = DIRECTION ( 'NONE',  ( 1.000000000000000000, 7.118879787106991100E-014, 0.0000000000000000000 ) ) ;
#2721 = VECTOR ( 'NONE', #2720, 1000.000000000000000 ) ;
#2722 = CARTESIAN_POINT ( 'NONE',  ( 1.050000000000029600, -0.3499999999999896500, -0.02000000000000000000 ) ) ;
#2723 = CARTESIAN_POINT ( 'NONE',  ( 0.8000000000000113700, -0.2999999999999971600, 0.5100000000000000100 ) ) ;
#2724 = CARTESIAN_POINT ( 'NONE',  ( 0.7541960108450301800, -0.2999999999999967700, 0.0000000000000000000 ) ) ;
#2725 = CARTESIAN_POINT ( 'NONE',  ( 0.3501042119171416400, -0.3000000000000113700, -0.02000000000000000000 ) ) ;
#2726 = CARTESIAN_POINT ( 'NONE',  ( 1.049999999999840800, -0.3499999999999943200, 0.5100000000000000100 ) ) ;
#2727 = FACE_OUTER_BOUND ( 'NONE', #615, .T. ) ;
#2728 = LINE ( 'NONE', #2745, #2721 ) ;
#2729 = AXIS2_PLACEMENT_3D ( 'NONE', #2734, #2742, #2744 ) ;
#2730 = DIRECTION ( 'NONE',  ( 0.0000000000000000000, -1.000000000000000000, 0.0000000000000000000 ) ) ;
#2731 = VECTOR ( 'NONE', #2730, 1000.000000000000000 ) ;
#2732 = CARTESIAN_POINT ( 'NONE',  ( 0.8000000000000113700, -0.1000000000000085300, 0.5300000000000001400 ) ) ;
#2733 = DIRECTION ( 'NONE',  ( -0.0000000000000000000, -0.0000000000000000000, -1.000000000000000000 ) ) ;
#2734 = CARTESIAN_POINT ( 'NONE',  ( 0.8000000000000113700, -0.1000000000000085300, 0.5300000000000001400 ) ) ;
#2735 = DIRECTION ( 'NONE',  ( -1.000000000000000000, -1.409464776965665700E-012, -0.0000000000000000000 ) ) ;
#2736 = VECTOR ( 'NONE', #2735, 1000.000000000000000 ) ;
#2737 = CARTESIAN_POINT ( 'NONE',  ( 0.8563508326896408500, -0.2999999999999931600, -0.02000000000000000000 ) ) ;
#2738 = CARTESIAN_POINT ( 'NONE',  ( 0.8000000000000113700, -0.1000000000000085300, 0.5100000000000000100 ) ) ;
#2739 = LINE ( 'NONE', #2738, #2731 ) ;
#2740 = VECTOR ( 'NONE', #2694, 1000.000000000000000 ) ;
#2741 = LINE ( 'NONE', #2685, #2740 ) ;
#2742 = DIRECTION ( 'NONE',  ( 1.000000000000000000, 0.0000000000000000000, -0.0000000000000000000 ) ) ;
#2743 = FACE_OUTER_BOUND ( 'NONE', #571, .T. ) ;
#2744 = DIRECTION ( 'NONE',  ( -0.0000000000000000000, 0.0000000000000000000, -1.000000000000000000 ) ) ;
#2745 = CARTESIAN_POINT ( 'NONE',  ( 0.8000000000000113700, -0.2999999999999971600, 0.5100000000000000100 ) ) ;
#2746 = CARTESIAN_POINT ( 'NONE',  ( 0.7541960108450301800, -0.2999999999999967700, -0.02000000000000000000 ) ) ;
#2747 = DIRECTION ( 'NONE',  ( -1.000000000000000000, -7.118879787106991100E-014, 0.0000000000000000000 ) ) ;
#2748 = CIRCLE ( 'NONE', #2805, 0.1900000000000065800 ) ;
#2749 = LINE ( 'NONE', #2792, #2791 ) ;
#2750 = DIRECTION ( 'NONE',  ( 1.000000000000000000, 0.0000000000000000000, -0.0000000000000000000 ) ) ;
#2751 = DIRECTION ( 'NONE',  ( 0.0000000000000000000, 0.0000000000000000000, 1.000000000000000000 ) ) ;
#2752 = CARTESIAN_POINT ( 'NONE',  ( 1.049999999999840800, -0.3499999999999943200, 0.5300000000000001400 ) ) ;
#2753 = DIRECTION ( 'NONE',  ( -1.000000000000000000, 0.0000000000000000000, 0.0000000000000000000 ) ) ;
#2754 = DIRECTION ( 'NONE',  ( 0.0000000000000000000, 0.0000000000000000000, -1.000000000000000000 ) ) ;
#2755 = CARTESIAN_POINT ( 'NONE',  ( 1.050000000000011400, -0.3499999999999943200, 0.5300000000000000300 ) ) ;
#2756 = LINE ( 'NONE', #2801, #2800 ) ;
#2757 = AXIS2_PLACEMENT_3D ( 'NONE', #2752, #2751, #2750 ) ;
#2758 = FACE_OUTER_BOUND ( 'NONE', #605, .T. ) ;
#2759 = CYLINDRICAL_SURFACE ( 'NONE', #2769, 0.1900000000000065800 ) ;
#2760 = DIRECTION ( 'NONE',  ( -1.000000000000000000, 0.0000000000000000000, 0.0000000000000000000 ) ) ;
#2761 = DIRECTION ( 'NONE',  ( 0.0000000000000000000, 0.0000000000000000000, -1.000000000000000000 ) ) ;
#2762 = AXIS2_PLACEMENT_3D ( 'NONE', #2722, #2761, #2760 ) ;
#2763 = PLANE ( 'NONE',  #2757 ) ;
#2764 = CIRCLE ( 'NONE', #2762, 0.3000000000000153100 ) ;
#2765 = DIRECTION ( 'NONE',  ( 1.000000000000000000, 0.0000000000000000000, -0.0000000000000000000 ) ) ;
#2766 = DIRECTION ( 'NONE',  ( 0.0000000000000000000, 0.0000000000000000000, 1.000000000000000000 ) ) ;
#2767 = CARTESIAN_POINT ( 'NONE',  ( 1.049999999999840800, -0.3499999999999943200, 0.5100000000000000100 ) ) ;
#2768 = FACE_OUTER_BOUND ( 'NONE', #616, .T. ) ;
#2769 = AXIS2_PLACEMENT_3D ( 'NONE', #2755, #2754, #2753 ) ;
#2770 = DIRECTION ( 'NONE',  ( 1.000000000000000000, 0.0000000000000000000, 0.0000000000000000000 ) ) ;
#2771 = CARTESIAN_POINT ( 'NONE',  ( 0.3501042119171416400, -0.09638834288371356300, -0.02000000000000000000 ) ) ;
#2772 = DIRECTION ( 'NONE',  ( -0.0000000000000000000, -0.0000000000000000000, 1.000000000000000000 ) ) ;
#2773 = VECTOR ( 'NONE', #2772, 1000.000000000000000 ) ;
#2774 = CARTESIAN_POINT ( 'NONE',  ( -0.2501042119171496000, -0.2999999999999865000, -0.02000000000000000000 ) ) ;
#2775 = LINE ( 'NONE', #2774, #2773 ) ;
#2776 = CARTESIAN_POINT ( 'NONE',  ( 0.3501042119171416400, 0.2538729572026881000, -0.02000000000000000000 ) ) ;
#2777 = LINE ( 'NONE', #2780, #2779 ) ;
#2778 = VECTOR ( 'NONE', #2820, 1000.000000000000000 ) ;
#2779 = VECTOR ( 'NONE', #2835, 1000.000000000000000 ) ;
#2780 = CARTESIAN_POINT ( 'NONE',  ( 0.2501042119171188500, 0.2999999999999971600, -0.02000000000000000000 ) ) ;
#2781 = DIRECTION ( 'NONE',  ( 0.0000000000000000000, 0.0000000000000000000, -1.000000000000000000 ) ) ;
#2782 = VECTOR ( 'NONE', #2781, 1000.000000000000000 ) ;
#2783 = CARTESIAN_POINT ( 'NONE',  ( 0.8666969722017779900, -0.2999999999999785600, 0.5300000000000000300 ) ) ;
#2784 = CARTESIAN_POINT ( 'NONE',  ( 1.000000000000002400, -0.1666969722017564200, 0.5300000000000000300 ) ) ;
#2785 = LINE ( 'NONE', #2783, #2782 ) ;
#2786 = DIRECTION ( 'NONE',  ( -5.306661755696124300E-014, -1.000000000000000000, 0.0000000000000000000 ) ) ;
#2787 = VECTOR ( 'NONE', #2786, 1000.000000000000000 ) ;
#2788 = CARTESIAN_POINT ( 'NONE',  ( 1.000000000000005600, -0.05419601084501452600, 0.0000000000000000000 ) ) ;
#2789 = LINE ( 'NONE', #2788, #2787 ) ;
#2790 = DIRECTION ( 'NONE',  ( -0.0000000000000000000, -0.0000000000000000000, 1.000000000000000000 ) ) ;
#2791 = VECTOR ( 'NONE', #2790, 1000.000000000000000 ) ;
#2792 = CARTESIAN_POINT ( 'NONE',  ( 1.000000000000005300, -0.05419601084501228500, -0.02000000000000000000 ) ) ;
#2793 = DIRECTION ( 'NONE',  ( 1.000000000000000000, -0.0000000000000000000, -0.0000000000000000000 ) ) ;
#2794 = DIRECTION ( 'NONE',  ( 1.467100883088287400E-013, -1.000000000000000000, 0.0000000000000000000 ) ) ;
#2795 = VECTOR ( 'NONE', #2794, 1000.000000000000000 ) ;
#2796 = CARTESIAN_POINT ( 'NONE',  ( 1.000000000000000200, -0.1563508326896263500, -0.02000000000000000000 ) ) ;
#2797 = LINE ( 'NONE', #2796, #2795 ) ;
#2798 = CARTESIAN_POINT ( 'NONE',  ( 1.000000000000002400, -0.1666969722017564200, -0.02000000000000000000 ) ) ;
#2799 = DIRECTION ( 'NONE',  ( 0.0000000000000000000, 0.0000000000000000000, -1.000000000000000000 ) ) ;
#2800 = VECTOR ( 'NONE', #2799, 1000.000000000000000 ) ;
#2801 = CARTESIAN_POINT ( 'NONE',  ( 1.000000000000002400, -0.1666969722017564200, 0.5300000000000000300 ) ) ;
#2802 = DIRECTION ( 'NONE',  ( -1.000000000000000000, 0.0000000000000000000, 0.0000000000000000000 ) ) ;
#2803 = DIRECTION ( 'NONE',  ( -0.0000000000000000000, -0.0000000000000000000, 1.000000000000000000 ) ) ;
#2804 = CARTESIAN_POINT ( 'NONE',  ( 1.050000000000011400, -0.3499999999999943200, 0.5300000000000000300 ) ) ;
#2805 = AXIS2_PLACEMENT_3D ( 'NONE', #2804, #2803, #2802 ) ;
#2806 = AXIS2_PLACEMENT_3D ( 'NONE', #2807, #252, #254 ) ;
#2807 = CARTESIAN_POINT ( 'NONE',  ( 1.050000000000011400, -0.3499999999999943200, -0.02000000000000000000 ) ) ;
#2808 = LINE ( 'NONE', #2821, #2778 ) ;
#2809 = DIRECTION ( 'NONE',  ( -0.0000000000000000000, 1.000000000000000000, -0.0000000000000000000 ) ) ;
#2810 = VECTOR ( 'NONE', #2809, 1000.000000000000000 ) ;
#2811 = CARTESIAN_POINT ( 'NONE',  ( 0.3501042119171416400, -0.09638834288371356300, -0.02000000000000000000 ) ) ;
#2812 = LINE ( 'NONE', #2811, #2810 ) ;
#2813 = CARTESIAN_POINT ( 'NONE',  ( 0.6499999999999772600, 0.3000000000000113700, -0.02000000000000000000 ) ) ;
#2814 = LINE ( 'NONE', #2813, #3055 ) ;
#2815 = CARTESIAN_POINT ( 'NONE',  ( 0.1501042119170961100, -0.3000000000000113700, -0.02000000000000000000 ) ) ;
#2816 = DIRECTION ( 'NONE',  ( -1.000000000000000000, 0.0000000000000000000, 0.0000000000000000000 ) ) ;
#2817 = VECTOR ( 'NONE', #2816, 1000.000000000000000 ) ;
#2818 = CARTESIAN_POINT ( 'NONE',  ( 0.4501042119171643200, -0.3000000000000113700, -0.02000000000000000000 ) ) ;
#2819 = LINE ( 'NONE', #2818, #2817 ) ;
#2820 = DIRECTION ( 'NONE',  ( -0.0000000000000000000, -0.0000000000000000000, -1.000000000000000000 ) ) ;
#2821 = CARTESIAN_POINT ( 'NONE',  ( -0.7999999999999545300, -0.09999999999998010500, 0.5250000000000000200 ) ) ;
#2822 = DIRECTION ( 'NONE',  ( 0.0000000000000000000, -1.000000000000000000, 0.0000000000000000000 ) ) ;
#2823 = VECTOR ( 'NONE', #2822, 1000.000000000000000 ) ;
#2824 = CARTESIAN_POINT ( 'NONE',  ( 0.4501042119171643200, -0.1999999999999886300, -0.02000000000000000000 ) ) ;
#2825 = LINE ( 'NONE', #2824, #2823 ) ;
#2826 = DIRECTION ( 'NONE',  ( -0.0000000000000000000, -1.000000000000000000, -0.0000000000000000000 ) ) ;
#2827 = VECTOR ( 'NONE', #2826, 1000.000000000000000 ) ;
#2828 = CARTESIAN_POINT ( 'NONE',  ( 0.2501042119171188500, 0.2538729572026881000, -0.02000000000000000000 ) ) ;
#2829 = CIRCLE ( 'NONE', #2806, 0.1900000000000065800 ) ;
#2830 = LINE ( 'NONE', #2828, #2827 ) ;
#2831 = VECTOR ( 'NONE', #2793, 1000.000000000000000 ) ;
#2832 = LINE ( 'NONE', #2776, #2831 ) ;
#2833 = CARTESIAN_POINT ( 'NONE',  ( 0.4501042119171643200, 0.2999999999999971600, -0.02000000000000000000 ) ) ;
#2834 = CARTESIAN_POINT ( 'NONE',  ( 0.4501042119171643200, -0.07499999999998863100, -0.02000000000000000000 ) ) ;
#2835 = DIRECTION ( 'NONE',  ( 1.000000000000000000, -0.0000000000000000000, -0.0000000000000000000 ) ) ;
#2836 = EDGE_CURVE ( 'NONE', #944, #290, #4544, .T. ) ;
#2837 = DIRECTION ( 'NONE',  ( -0.0000000000000000000, -0.0000000000000000000, 1.000000000000000000 ) ) ;
#2838 = DIRECTION ( 'NONE',  ( 1.000000000000000000, 0.0000000000000000000, 0.0000000000000000000 ) ) ;
#2839 = CARTESIAN_POINT ( 'NONE',  ( 0.7901923788646851900, -0.1999999999999813600, 0.0000000000000000000 ) ) ;
#2840 = LINE ( 'NONE', #2845, #2892 ) ;
#2841 = DIRECTION ( 'NONE',  ( -1.000000000000000000, 0.0000000000000000000, 0.0000000000000000000 ) ) ;
#2842 = DIRECTION ( 'NONE',  ( 0.0000000000000000000, 0.0000000000000000000, -1.000000000000000000 ) ) ;
#2843 = CARTESIAN_POINT ( 'NONE',  ( 1.050000000000029600, -0.3499999999999896500, 0.0000000000000000000 ) ) ;
#2844 = AXIS2_PLACEMENT_3D ( 'NONE', #2859, #2837, #2838 ) ;
#2845 = CARTESIAN_POINT ( 'NONE',  ( 0.3501042119171416400, 0.2538729572026881000, -0.02000000000000000000 ) ) ;
#2846 = CARTESIAN_POINT ( 'NONE',  ( 0.9301042119172435700, -0.07499999999997247800, -0.02000000000000000000 ) ) ;
#2847 = LINE ( 'NONE', #2865, #2888 ) ;
#2848 = DIRECTION ( 'NONE',  ( -1.000000000000000000, 0.0000000000000000000, 0.0000000000000000000 ) ) ;
#2849 = DIRECTION ( 'NONE',  ( 0.0000000000000000000, 0.0000000000000000000, -1.000000000000000000 ) ) ;
#2850 = CARTESIAN_POINT ( 'NONE',  ( 1.050000000000029600, -0.3499999999999896500, -0.02000000000000000000 ) ) ;
#2851 = AXIS2_PLACEMENT_3D ( 'NONE', #2850, #2849, #2848 ) ;
#2852 = AXIS2_PLACEMENT_3D ( 'NONE', #2843, #2842, #2841 ) ;
#2853 = CARTESIAN_POINT ( 'NONE',  ( 0.4501042119171643200, -0.07499999999998863100, -0.02000000000000000000 ) ) ;
#2854 = CIRCLE ( 'NONE', #2851, 0.3000000000000006600 ) ;
#2855 = DIRECTION ( 'NONE',  ( -1.000000000000000000, 0.0000000000000000000, 0.0000000000000000000 ) ) ;
#2856 = VECTOR ( 'NONE', #2855, 1000.000000000000000 ) ;
#2857 = CARTESIAN_POINT ( 'NONE',  ( -0.1501042119171837300, -0.2999999999999865000, 0.0000000000000000000 ) ) ;
#2858 = LINE ( 'NONE', #2857, #2856 ) ;
#2859 = CARTESIAN_POINT ( 'NONE',  ( 1.050000000000029600, -0.3499999999999896500, -0.02000000000000000000 ) ) ;
#2860 = FACE_OUTER_BOUND ( 'NONE', #702, .T. ) ;
#2861 = CIRCLE ( 'NONE', #2852, 0.3000000000000153100 ) ;
#2862 = CYLINDRICAL_SURFACE ( 'NONE', #2844, 0.3000000000000153100 ) ;
#2863 = CARTESIAN_POINT ( 'NONE',  ( -0.2501042119171496000, -0.2999999999999865000, 0.0000000000000000000 ) ) ;
#2864 = DIRECTION ( 'NONE',  ( 1.000000000000000000, -0.0000000000000000000, -0.0000000000000000000 ) ) ;
#2865 = CARTESIAN_POINT ( 'NONE',  ( 0.4501042119171643200, 0.2999999999999971600, -0.02000000000000000000 ) ) ;
#2866 = CARTESIAN_POINT ( 'NONE',  ( -0.2501042119171496000, -0.2999999999999865000, -0.02000000000000000000 ) ) ;
#2867 = CARTESIAN_POINT ( 'NONE',  ( 0.1501042119170961100, -0.3000000000000113700, 0.0000000000000000000 ) ) ;
#2868 = FACE_OUTER_BOUND ( 'NONE', #793, .T. ) ;
#2869 = DIRECTION ( 'NONE',  ( 0.0000000000000000000, 1.000000000000000000, 0.0000000000000000000 ) ) ;
#2870 = DIRECTION ( 'NONE',  ( -1.000000000000000000, 0.0000000000000000000, 0.0000000000000000000 ) ) ;
#2871 = VECTOR ( 'NONE', #2870, 1000.000000000000000 ) ;
#2872 = CARTESIAN_POINT ( 'NONE',  ( 0.2501042119171188500, -0.3000000000000113700, -0.02000000000000000000 ) ) ;
#2873 = LINE ( 'NONE', #2872, #2871 ) ;
#2874 = CIRCLE ( 'NONE', #2930, 0.1900000000000024400 ) ;
#2875 = ORIENTED_EDGE ( 'NONE', *, *, #3979, .F. ) ;
#2876 = DIRECTION ( 'NONE',  ( -0.0000000000000000000, -0.0000000000000000000, 1.000000000000000000 ) ) ;
#2877 = VECTOR ( 'NONE', #2876, 1000.000000000000000 ) ;
#2878 = CARTESIAN_POINT ( 'NONE',  ( 0.7901923788646851900, -0.1999999999999813600, -0.02000000000000000000 ) ) ;
#2879 = CARTESIAN_POINT ( 'NONE',  ( 0.2501042119171188500, 0.2999999999999971600, -0.02000000000000000000 ) ) ;
#2880 = LINE ( 'NONE', #2878, #2877 ) ;
#2881 = DIRECTION ( 'NONE',  ( 1.000000000000000000, 3.365544243756530900E-014, -0.0000000000000000000 ) ) ;
#2882 = VECTOR ( 'NONE', #2881, 1000.000000000000000 ) ;
#2883 = CARTESIAN_POINT ( 'NONE',  ( 0.9301042119172435700, -0.07499999999997247800, -0.02000000000000000000 ) ) ;
#2884 = LINE ( 'NONE', #2883, #2882 ) ;
#2885 = DIRECTION ( 'NONE',  ( -0.0000000000000000000, -1.000000000000000000, -0.0000000000000000000 ) ) ;
#2886 = VECTOR ( 'NONE', #2885, 1000.000000000000000 ) ;
#2887 = CARTESIAN_POINT ( 'NONE',  ( 0.2501042119171188500, 0.2538729572026881000, -0.02000000000000000000 ) ) ;
#2888 = VECTOR ( 'NONE', #2864, 1000.000000000000000 ) ;
#2889 = CARTESIAN_POINT ( 'NONE',  ( 0.1501042119170961100, 0.2999999999999971600, -0.02000000000000000000 ) ) ;
#2890 = LINE ( 'NONE', #2924, #2923 ) ;
#2891 = DIRECTION ( 'NONE',  ( 0.0000000000000000000, 1.000000000000000000, 0.0000000000000000000 ) ) ;
#2892 = VECTOR ( 'NONE', #2891, 1000.000000000000000 ) ;
#2893 = LINE ( 'NONE', #2853, #2886 ) ;
#2894 = AXIS2_PLACEMENT_3D ( 'NONE', #2925, #2869, #2918 ) ;
#2895 = CARTESIAN_POINT ( 'NONE',  ( 0.2501042119171188500, -0.09638834288371356300, 0.0000000000000000000 ) ) ;
#2896 = DIRECTION ( 'NONE',  ( 1.000000000000000000, 0.0000000000000000000, 0.0000000000000000000 ) ) ;
#2897 = CARTESIAN_POINT ( 'NONE',  ( 0.4501042119171643200, -0.3000000000000113700, 0.0000000000000000000 ) ) ;
#2898 = VECTOR ( 'NONE', #2902, 1000.000000000000000 ) ;
#2899 = CARTESIAN_POINT ( 'NONE',  ( 0.3501042119171416400, -0.09638834288371356300, -0.02000000000000000000 ) ) ;
#2900 = CARTESIAN_POINT ( 'NONE',  ( 0.3501042119171416400, 0.2538729572026881000, 0.0000000000000000000 ) ) ;
#2901 = LINE ( 'NONE', #2867, #2915 ) ;
#2902 = DIRECTION ( 'NONE',  ( -0.0000000000000000000, -0.0000000000000000000, 1.000000000000000000 ) ) ;
#2903 = AXIS2_PLACEMENT_3D ( 'NONE', #2899, #2896, #2959 ) ;
#2904 = FACE_OUTER_BOUND ( 'NONE', #737, .T. ) ;
#2905 = DIRECTION ( 'NONE',  ( -1.000000000000000000, 0.0000000000000000000, 0.0000000000000000000 ) ) ;
#2906 = VECTOR ( 'NONE', #2905, 1000.000000000000000 ) ;
#2907 = CARTESIAN_POINT ( 'NONE',  ( 0.4501042119171643200, -0.3000000000000113700, 0.0000000000000000000 ) ) ;
#2908 = LINE ( 'NONE', #2907, #2906 ) ;
#2909 = CARTESIAN_POINT ( 'NONE',  ( 0.2501042119171188500, -0.3000000000000113700, 0.0000000000000000000 ) ) ;
#2910 = CARTESIAN_POINT ( 'NONE',  ( 0.3501042119171416400, -0.3000000000000113700, 0.0000000000000000000 ) ) ;
#2911 = DIRECTION ( 'NONE',  ( -0.0000000000000000000, -0.0000000000000000000, 1.000000000000000000 ) ) ;
#2912 = VECTOR ( 'NONE', #2911, 1000.000000000000000 ) ;
#2913 = CARTESIAN_POINT ( 'NONE',  ( 0.2501042119171188500, -0.09638834288371356300, -0.02000000000000000000 ) ) ;
#2914 = DIRECTION ( 'NONE',  ( 0.0000000000000000000, 1.000000000000000000, 0.0000000000000000000 ) ) ;
#2915 = VECTOR ( 'NONE', #2914, 1000.000000000000000 ) ;
#2916 = CARTESIAN_POINT ( 'NONE',  ( 0.3501042119171416400, -0.3000000000000113700, -0.02000000000000000000 ) ) ;
#2917 = LINE ( 'NONE', #2916, #2898 ) ;
#2918 = DIRECTION ( 'NONE',  ( 0.0000000000000000000, -0.0000000000000000000, 1.000000000000000000 ) ) ;
#2919 = LINE ( 'NONE', #2913, #2912 ) ;
#2920 = CARTESIAN_POINT ( 'NONE',  ( 0.3501042119171416400, -0.09638834288371356300, 0.0000000000000000000 ) ) ;
#2921 = CARTESIAN_POINT ( 'NONE',  ( 0.1501042119170961100, -0.3000000000000113700, 0.0000000000000000000 ) ) ;
#2922 = DIRECTION ( 'NONE',  ( 0.0000000000000000000, 1.000000000000000000, 0.0000000000000000000 ) ) ;
#2923 = VECTOR ( 'NONE', #2922, 1000.000000000000000 ) ;
#2924 = CARTESIAN_POINT ( 'NONE',  ( 0.1501042119170961100, -0.3000000000000113700, -0.02000000000000000000 ) ) ;
#2925 = CARTESIAN_POINT ( 'NONE',  ( 0.3501042119171416400, -0.09638834288371356300, -0.02000000000000000000 ) ) ;
#2926 = PLANE ( 'NONE',  #2894 ) ;
#2927 = DIRECTION ( 'NONE',  ( -1.000000000000000000, 0.0000000000000000000, 0.0000000000000000000 ) ) ;
#2928 = DIRECTION ( 'NONE',  ( -0.0000000000000000000, -0.0000000000000000000, 1.000000000000000000 ) ) ;
#2929 = CARTESIAN_POINT ( 'NONE',  ( -1.049999999999840800, -0.3499999999999943200, -0.02000000000000000000 ) ) ;
#2930 = AXIS2_PLACEMENT_3D ( 'NONE', #2929, #2928, #2927 ) ;
#2931 = CARTESIAN_POINT ( 'NONE',  ( 0.4501042119171643200, -0.3000000000000113700, -0.02000000000000000000 ) ) ;
#2932 = AXIS2_PLACEMENT_3D ( 'NONE', #2985, #2971, #2970 ) ;
#2933 = DIRECTION ( 'NONE',  ( 0.0000000000000000000, -1.000000000000000000, 0.0000000000000000000 ) ) ;
#2934 = VECTOR ( 'NONE', #2933, 1000.000000000000000 ) ;
#2935 = CARTESIAN_POINT ( 'NONE',  ( 0.4501042119171643200, -0.1999999999999886300, 0.0000000000000000000 ) ) ;
#2936 = LINE ( 'NONE', #2935, #2934 ) ;
#2937 = CARTESIAN_POINT ( 'NONE',  ( 0.2501042119171188500, 0.2999999999999971600, 0.0000000000000000000 ) ) ;
#2938 = DIRECTION ( 'NONE',  ( -0.0000000000000000000, -0.0000000000000000000, 1.000000000000000000 ) ) ;
#2939 = VECTOR ( 'NONE', #2938, 1000.000000000000000 ) ;
#2940 = DIRECTION ( 'NONE',  ( -0.0000000000000000000, 0.0000000000000000000, 1.000000000000000000 ) ) ;
#2941 = DIRECTION ( 'NONE',  ( -1.000000000000000000, 0.0000000000000000000, -0.0000000000000000000 ) ) ;
#2942 = CARTESIAN_POINT ( 'NONE',  ( 0.4501042119171643200, -0.3000000000000113700, -0.02000000000000000000 ) ) ;
#2943 = LINE ( 'NONE', #2942, #2939 ) ;
#2944 = CARTESIAN_POINT ( 'NONE',  ( 0.2501042119171188500, 0.2999999999999971600, 0.0000000000000000000 ) ) ;
#2945 = FACE_OUTER_BOUND ( 'NONE', #780, .T. ) ;
#2946 = AXIS2_PLACEMENT_3D ( 'NONE', #2931, #2987, #2986 ) ;
#2947 = PLANE ( 'NONE',  #2952 ) ;
#2948 = DIRECTION ( 'NONE',  ( -0.0000000000000000000, 1.000000000000000000, -0.0000000000000000000 ) ) ;
#2949 = VECTOR ( 'NONE', #2948, 1000.000000000000000 ) ;
#2950 = CARTESIAN_POINT ( 'NONE',  ( 0.3501042119171416400, -0.09638834288371356300, 0.0000000000000000000 ) ) ;
#2951 = LINE ( 'NONE', #2950, #2949 ) ;
#2952 = AXIS2_PLACEMENT_3D ( 'NONE', #2960, #2941, #2940 ) ;
#2953 = FACE_OUTER_BOUND ( 'NONE', #693, .T. ) ;
#2954 = DIRECTION ( 'NONE',  ( -0.0000000000000000000, -0.0000000000000000000, 1.000000000000000000 ) ) ;
#2955 = VECTOR ( 'NONE', #2954, 1000.000000000000000 ) ;
#2956 = CARTESIAN_POINT ( 'NONE',  ( 0.3501042119171416400, -0.09638834288371356300, -0.02000000000000000000 ) ) ;
#2957 = LINE ( 'NONE', #2956, #2955 ) ;
#2958 = FACE_OUTER_BOUND ( 'NONE', #128, .T. ) ;
#2959 = DIRECTION ( 'NONE',  ( 0.0000000000000000000, 0.0000000000000000000, -1.000000000000000000 ) ) ;
#2960 = CARTESIAN_POINT ( 'NONE',  ( 0.4501042119171643200, -0.1999999999999886300, -0.02000000000000000000 ) ) ;
#2961 = PLANE ( 'NONE',  #2903 ) ;
#2962 = PLANE ( 'NONE',  #2946 ) ;
#2963 = FACE_OUTER_BOUND ( 'NONE', #791, .T. ) ;
#2964 = CARTESIAN_POINT ( 'NONE',  ( 0.1501042119170961100, 0.2999999999999971600, -0.02000000000000000000 ) ) ;
#2965 = CARTESIAN_POINT ( 'NONE',  ( 0.1501042119170961100, 0.2999999999999971600, 0.0000000000000000000 ) ) ;
#2966 = PLANE ( 'NONE',  #2975 ) ;
#2967 = DIRECTION ( 'NONE',  ( -0.0000000000000000000, -0.0000000000000000000, 1.000000000000000000 ) ) ;
#2968 = PLANE ( 'NONE',  #3011 ) ;
#2969 = LINE ( 'NONE', #2964, #3019 ) ;
#2970 = DIRECTION ( 'NONE',  ( 0.0000000000000000000, -0.0000000000000000000, 1.000000000000000000 ) ) ;
#2971 = DIRECTION ( 'NONE',  ( 0.0000000000000000000, 1.000000000000000000, 0.0000000000000000000 ) ) ;
#2972 = VECTOR ( 'NONE', #2967, 1000.000000000000000 ) ;
#2973 = CARTESIAN_POINT ( 'NONE',  ( 0.1501042119170961100, -0.3000000000000113700, -0.02000000000000000000 ) ) ;
#2974 = LINE ( 'NONE', #2973, #2972 ) ;
#2975 = AXIS2_PLACEMENT_3D ( 'NONE', #2976, #3023, #3022 ) ;
#2976 = CARTESIAN_POINT ( 'NONE',  ( 0.1501042119170961100, -0.3000000000000113700, -0.02000000000000000000 ) ) ;
#2977 = PLANE ( 'NONE',  #2932 ) ;
#2978 = DIRECTION ( 'NONE',  ( 1.000000000000000000, -0.0000000000000000000, -0.0000000000000000000 ) ) ;
#2979 = VECTOR ( 'NONE', #2978, 1000.000000000000000 ) ;
#2980 = LINE ( 'NONE', #2937, #2979 ) ;
#2981 = FACE_OUTER_BOUND ( 'NONE', #786, .T. ) ;
#2982 = DIRECTION ( 'NONE',  ( -1.000000000000000000, -1.864981885717563700E-014, 0.0000000000000000000 ) ) ;
#2983 = VECTOR ( 'NONE', #2982, 1000.000000000000000 ) ;
#2984 = CARTESIAN_POINT ( 'NONE',  ( 0.7901923788646868500, -0.1999999999999822800, 0.0000000000000000000 ) ) ;
#2985 = CARTESIAN_POINT ( 'NONE',  ( 0.2501042119171188500, -0.3000000000000113700, -0.02000000000000000000 ) ) ;
#2986 = DIRECTION ( 'NONE',  ( 0.0000000000000000000, -0.0000000000000000000, 1.000000000000000000 ) ) ;
#2987 = DIRECTION ( 'NONE',  ( 0.0000000000000000000, 1.000000000000000000, 0.0000000000000000000 ) ) ;
#2988 = LINE ( 'NONE', #2984, #2983 ) ;
#2989 = PLANE ( 'NONE',  #2991 ) ;
#2990 = LINE ( 'NONE', #3048, #3047 ) ;
#2991 = AXIS2_PLACEMENT_3D ( 'NONE', #3049, #2999, #3040 ) ;
#2992 = DIRECTION ( 'NONE',  ( -1.000000000000000000, 0.0000000000000000000, 0.0000000000000000000 ) ) ;
#2993 = VECTOR ( 'NONE', #2992, 1000.000000000000000 ) ;
#2994 = DIRECTION ( 'NONE',  ( -0.0000000000000000000, -0.0000000000000000000, 1.000000000000000000 ) ) ;
#2995 = VECTOR ( 'NONE', #2994, 1000.000000000000000 ) ;
#2996 = CARTESIAN_POINT ( 'NONE',  ( 0.3501042119171416400, 0.2538729572026881000, -0.02000000000000000000 ) ) ;
#2997 = LINE ( 'NONE', #3010, #2993 ) ;
#2998 = FACE_OUTER_BOUND ( 'NONE', #819, .T. ) ;
#2999 = DIRECTION ( 'NONE',  ( 1.000000000000000000, -0.0000000000000000000, 0.0000000000000000000 ) ) ;
#3000 = DIRECTION ( 'NONE',  ( 0.0000000000000000000, -1.000000000000000000, 0.0000000000000000000 ) ) ;
#3001 = VECTOR ( 'NONE', #3000, 1000.000000000000000 ) ;
#3002 = CARTESIAN_POINT ( 'NONE',  ( 0.2501042119171188500, -0.09638834288371356300, 0.0000000000000000000 ) ) ;
#3003 = LINE ( 'NONE', #3002, #3001 ) ;
#3004 = CARTESIAN_POINT ( 'NONE',  ( 0.2501042119171188500, 0.2538729572026881000, 0.0000000000000000000 ) ) ;
#3005 = DIRECTION ( 'NONE',  ( -0.0000000000000000000, -0.0000000000000000000, 1.000000000000000000 ) ) ;
#3006 = VECTOR ( 'NONE', #3005, 1000.000000000000000 ) ;
#3007 = DIRECTION ( 'NONE',  ( -0.0000000000000000000, 0.0000000000000000000, 1.000000000000000000 ) ) ;
#3008 = DIRECTION ( 'NONE',  ( -1.000000000000000000, 0.0000000000000000000, -0.0000000000000000000 ) ) ;
#3009 = CARTESIAN_POINT ( 'NONE',  ( 0.2501042119171188500, -0.09638834288371356300, -0.02000000000000000000 ) ) ;
#3010 = CARTESIAN_POINT ( 'NONE',  ( 0.3501042119171416400, -0.09638834288371356300, 0.0000000000000000000 ) ) ;
#3011 = AXIS2_PLACEMENT_3D ( 'NONE', #3009, #3008, #3007 ) ;
#3012 = DIRECTION ( 'NONE',  ( -1.000000000000000000, 0.0000000000000000000, 0.0000000000000000000 ) ) ;
#3013 = VECTOR ( 'NONE', #3012, 1000.000000000000000 ) ;
#3014 = CARTESIAN_POINT ( 'NONE',  ( 0.2501042119171188500, -0.3000000000000113700, 0.0000000000000000000 ) ) ;
#3015 = LINE ( 'NONE', #3014, #3013 ) ;
#3016 = LINE ( 'NONE', #2996, #2995 ) ;
#3017 = CARTESIAN_POINT ( 'NONE',  ( 0.2501042119171188500, 0.2538729572026881000, -0.02000000000000000000 ) ) ;
#3018 = DIRECTION ( 'NONE',  ( -0.0000000000000000000, -0.0000000000000000000, 1.000000000000000000 ) ) ;
#3019 = VECTOR ( 'NONE', #3018, 1000.000000000000000 ) ;
#3020 = CARTESIAN_POINT ( 'NONE',  ( 0.2501042119171188500, -0.3000000000000113700, -0.02000000000000000000 ) ) ;
#3021 = LINE ( 'NONE', #3020, #3006 ) ;
#3022 = DIRECTION ( 'NONE',  ( 0.0000000000000000000, 0.0000000000000000000, -1.000000000000000000 ) ) ;
#3023 = DIRECTION ( 'NONE',  ( 1.000000000000000000, -0.0000000000000000000, 0.0000000000000000000 ) ) ;
#3024 = CARTESIAN_POINT ( 'NONE',  ( 0.2501042119171188500, 0.2999999999999971600, -0.02000000000000000000 ) ) ;
#3025 = DIRECTION ( 'NONE',  ( -0.0000000000000000000, -0.0000000000000000000, 1.000000000000000000 ) ) ;
#3026 = CARTESIAN_POINT ( 'NONE',  ( 0.3501042119171416400, 0.2999999999999971600, 0.0000000000000000000 ) ) ;
#3027 = DIRECTION ( 'NONE',  ( 0.0000000000000000000, 0.0000000000000000000, 1.000000000000000000 ) ) ;
#3028 = AXIS2_PLACEMENT_3D ( 'NONE', #3024, #3069, #3068 ) ;
#3029 = LINE ( 'NONE', #3051, #3080 ) ;
#3030 = CARTESIAN_POINT ( 'NONE',  ( 0.3501042119171416400, 0.2538729572026881000, -0.02000000000000000000 ) ) ;
#3031 = FACE_OUTER_BOUND ( 'NONE', #827, .T. ) ;
#3032 = PLANE ( 'NONE',  #3077 ) ;
#3033 = PLANE ( 'NONE',  #3037 ) ;
#3034 = DIRECTION ( 'NONE',  ( 0.0000000000000000000, 1.000000000000000000, 0.0000000000000000000 ) ) ;
#3035 = VECTOR ( 'NONE', #3034, 1000.000000000000000 ) ;
#3036 = CARTESIAN_POINT ( 'NONE',  ( 0.3501042119171416400, 0.2538729572026881000, 0.0000000000000000000 ) ) ;
#3037 = AXIS2_PLACEMENT_3D ( 'NONE', #3017, #3044, #3027 ) ;
#3038 = DIRECTION ( 'NONE',  ( -0.0000000000000000000, -0.0000000000000000000, 1.000000000000000000 ) ) ;
#3039 = VECTOR ( 'NONE', #3038, 1000.000000000000000 ) ;
#3040 = DIRECTION ( 'NONE',  ( 0.0000000000000000000, 0.0000000000000000000, -1.000000000000000000 ) ) ;
#3041 = CARTESIAN_POINT ( 'NONE',  ( 0.3501042119171416400, 0.2999999999999971600, -0.02000000000000000000 ) ) ;
#3042 = ORIENTED_EDGE ( 'NONE', *, *, #3979, .T. ) ;
#3043 = FACE_OUTER_BOUND ( 'NONE', #764, .T. ) ;
#3044 = DIRECTION ( 'NONE',  ( -1.000000000000000000, 0.0000000000000000000, 0.0000000000000000000 ) ) ;
#3045 = LINE ( 'NONE', #3036, #3035 ) ;
#3046 = DIRECTION ( 'NONE',  ( 1.000000000000000000, -0.0000000000000000000, -0.0000000000000000000 ) ) ;
#3047 = VECTOR ( 'NONE', #3046, 1000.000000000000000 ) ;
#3048 = CARTESIAN_POINT ( 'NONE',  ( 0.3501042119171416400, 0.2538729572026881000, 0.0000000000000000000 ) ) ;
#3049 = CARTESIAN_POINT ( 'NONE',  ( 0.3501042119171416400, 0.2538729572026881000, -0.02000000000000000000 ) ) ;
#3050 = LINE ( 'NONE', #3041, #3039 ) ;
#3051 = CARTESIAN_POINT ( 'NONE',  ( 0.2501042119171188500, 0.2538729572026881000, 0.0000000000000000000 ) ) ;
#3052 = CARTESIAN_POINT ( 'NONE',  ( 0.4501042119171643200, 0.2999999999999971600, 0.0000000000000000000 ) ) ;
#3053 = DIRECTION ( 'NONE',  ( 0.0000000000000000000, -0.0000000000000000000, 1.000000000000000000 ) ) ;
#3054 = DIRECTION ( 'NONE',  ( 0.0000000000000000000, 1.000000000000000000, 0.0000000000000000000 ) ) ;
#3055 = VECTOR ( 'NONE', #3025, 1000.000000000000000 ) ;
#3056 = LINE ( 'NONE', #3312, #3323 ) ;
#3057 = CARTESIAN_POINT ( 'NONE',  ( 0.9301042119172435700, -0.07499999999997247800, 0.0000000000000000000 ) ) ;
#3058 = AXIS2_PLACEMENT_3D ( 'NONE', #3075, #3054, #3053 ) ;
#3059 = DIRECTION ( 'NONE',  ( -0.0000000000000000000, -0.0000000000000000000, 1.000000000000000000 ) ) ;
#3060 = VECTOR ( 'NONE', #3059, 1000.000000000000000 ) ;
#3061 = CARTESIAN_POINT ( 'NONE',  ( 0.9301042119172435700, -0.07499999999997247800, -0.02000000000000000000 ) ) ;
#3062 = AXIS2_PLACEMENT_3D ( 'NONE', #262, #269, #279 ) ;
#3063 = LINE ( 'NONE', #3061, #3060 ) ;
#3064 = CYLINDRICAL_SURFACE ( 'NONE', #3062, 0.3000000000000007700 ) ;
#3065 = DIRECTION ( 'NONE',  ( -0.0000000000000000000, -0.0000000000000000000, 1.000000000000000000 ) ) ;
#3066 = VECTOR ( 'NONE', #3065, 1000.000000000000000 ) ;
#3067 = LINE ( 'NONE', #3070, #3066 ) ;
#3068 = DIRECTION ( 'NONE',  ( 0.0000000000000000000, 0.0000000000000000000, -1.000000000000000000 ) ) ;
#3069 = DIRECTION ( 'NONE',  ( 0.0000000000000000000, -1.000000000000000000, -0.0000000000000000000 ) ) ;
#3070 = CARTESIAN_POINT ( 'NONE',  ( 0.2501042119171188500, 0.2999999999999971600, -0.02000000000000000000 ) ) ;
#3071 = DIRECTION ( 'NONE',  ( 0.0000000000000000000, 0.0000000000000000000, -1.000000000000000000 ) ) ;
#3072 = DIRECTION ( 'NONE',  ( 0.0000000000000000000, -1.000000000000000000, -0.0000000000000000000 ) ) ;
#3073 = FACE_OUTER_BOUND ( 'NONE', #855, .T. ) ;
#3074 = PLANE ( 'NONE',  #3028 ) ;
#3075 = CARTESIAN_POINT ( 'NONE',  ( 0.5499999999999545300, -0.2000000000000028400, -0.02000000000000000000 ) ) ;
#3076 = PLANE ( 'NONE',  #3058 ) ;
#3077 = AXIS2_PLACEMENT_3D ( 'NONE', #3030, #3072, #3071 ) ;
#3078 = FACE_OUTER_BOUND ( 'NONE', #763, .T. ) ;
#3079 = DIRECTION ( 'NONE',  ( -0.0000000000000000000, -1.000000000000000000, -0.0000000000000000000 ) ) ;
#3080 = VECTOR ( 'NONE', #3079, 1000.000000000000000 ) ;
#3081 = DIRECTION ( 'NONE',  ( -0.0000000000000000000, -0.0000000000000000000, 1.000000000000000000 ) ) ;
#3082 = VECTOR ( 'NONE', #3081, 1000.000000000000000 ) ;
#3083 = CARTESIAN_POINT ( 'NONE',  ( 0.2501042119171188500, 0.2538729572026881000, -0.02000000000000000000 ) ) ;
#3084 = LINE ( 'NONE', #3083, #3082 ) ;
#3085 = CARTESIAN_POINT ( 'NONE',  ( 0.4501042119171643200, 0.2999999999999971600, -0.02000000000000000000 ) ) ;
#3086 = LINE ( 'NONE', #3085, #3148 ) ;
#3087 = FACE_OUTER_BOUND ( 'NONE', #837, .T. ) ;
#3088 = DIRECTION ( 'NONE',  ( 0.0000000000000000000, 0.0000000000000000000, -1.000000000000000000 ) ) ;
#3089 = DIRECTION ( 'NONE',  ( 0.0000000000000000000, -1.000000000000000000, -0.0000000000000000000 ) ) ;
#3090 = CARTESIAN_POINT ( 'NONE',  ( 0.6499999999999772600, -0.3000000000000113700, -0.02000000000000000000 ) ) ;
#3091 = CARTESIAN_POINT ( 'NONE',  ( -1.049999999999954500, 0.3500000000000085300, 0.5300000000000000300 ) ) ;
#3092 = CARTESIAN_POINT ( 'NONE',  ( -0.7541960108450587200, 0.2999999999999935500, 0.0000000000000000000 ) ) ;
#3093 = CARTESIAN_POINT ( 'NONE',  ( 0.4501042119171643200, 0.2999999999999971600, 0.0000000000000000000 ) ) ;
#3094 = DIRECTION ( 'NONE',  ( 1.000000000000000000, 3.365544243756530900E-014, -0.0000000000000000000 ) ) ;
#3095 = VECTOR ( 'NONE', #3094, 1000.000000000000000 ) ;
#3096 = CARTESIAN_POINT ( 'NONE',  ( 0.9301042119172435700, -0.07499999999997247800, 0.0000000000000000000 ) ) ;
#3097 = DIRECTION ( 'NONE',  ( 0.0000000000000000000, 0.0000000000000000000, -1.000000000000000000 ) ) ;
#3098 = CARTESIAN_POINT ( 'NONE',  ( 0.4501042119171643200, 0.2999999999999971600, -0.02000000000000000000 ) ) ;
#3099 = DIRECTION ( 'NONE',  ( -0.0000000000000000000, -0.0000000000000000000, 1.000000000000000000 ) ) ;
#3100 = VECTOR ( 'NONE', #3099, 1000.000000000000000 ) ;
#3101 = CARTESIAN_POINT ( 'NONE',  ( 0.4501042119171643200, -0.07499999999998863100, -0.02000000000000000000 ) ) ;
#3102 = PLANE ( 'NONE',  #3110 ) ;
#3103 = LINE ( 'NONE', #3101, #3100 ) ;
#3104 = DIRECTION ( 'NONE',  ( 0.0000000000000000000, 0.0000000000000000000, 1.000000000000000000 ) ) ;
#3105 = DIRECTION ( 'NONE',  ( -1.000000000000000000, 0.0000000000000000000, 0.0000000000000000000 ) ) ;
#3106 = LINE ( 'NONE', #3096, #3095 ) ;
#3107 = CARTESIAN_POINT ( 'NONE',  ( 0.4501042119171643200, -0.07499999999998863100, 0.0000000000000000000 ) ) ;
#3108 = CARTESIAN_POINT ( 'NONE',  ( 0.4501042119171643200, -0.07499999999998863100, -0.02000000000000000000 ) ) ;
#3109 = FACE_OUTER_BOUND ( 'NONE', #803, .T. ) ;
#3110 = AXIS2_PLACEMENT_3D ( 'NONE', #3098, #3089, #3088 ) ;
#3111 = PLANE ( 'NONE',  #3113 ) ;
#3112 = DIRECTION ( 'NONE',  ( -0.0000000000000000000, -0.0000000000000000000, 1.000000000000000000 ) ) ;
#3113 = AXIS2_PLACEMENT_3D ( 'NONE', #3108, #3105, #3104 ) ;
#3114 = FACE_OUTER_BOUND ( 'NONE', #850, .T. ) ;
#3115 = CARTESIAN_POINT ( 'NONE',  ( -0.8000000000000113700, 0.2999999999999971600, 0.5100000000000000100 ) ) ;
#3116 = CARTESIAN_POINT ( 'NONE',  ( -1.000000000000033300, 0.05419601084508211100, 0.0000000000000000000 ) ) ;
#3117 = DIRECTION ( 'NONE',  ( -0.0000000000000000000, 1.000000000000000000, -0.0000000000000000000 ) ) ;
#3118 = CARTESIAN_POINT ( 'NONE',  ( 0.8000000000000113700, 0.3000000000000113700, 0.5250000000000000200 ) ) ;
#3119 = DIRECTION ( 'NONE',  ( -1.000000000000000000, 0.0000000000000000000, 0.0000000000000000000 ) ) ;
#3120 = DIRECTION ( 'NONE',  ( 0.0000000000000000000, 0.0000000000000000000, -1.000000000000000000 ) ) ;
#3121 = CARTESIAN_POINT ( 'NONE',  ( 1.050000000000029600, -0.3499999999999896500, 0.0000000000000000000 ) ) ;
#3122 = AXIS2_PLACEMENT_3D ( 'NONE', #3166, #3165, #3164 ) ;
#3123 = CYLINDRICAL_SURFACE ( 'NONE', #3163, 0.2999999999999320400 ) ;
#3124 = PLANE ( 'NONE',  #3122 ) ;
#3125 = CARTESIAN_POINT ( 'NONE',  ( -0.8563508326895874500, 0.2999999999999940500, 0.5100000000000000100 ) ) ;
#3126 = DIRECTION ( 'NONE',  ( 0.0000000000000000000, 0.0000000000000000000, -1.000000000000000000 ) ) ;
#3127 = VECTOR ( 'NONE', #3126, 1000.000000000000000 ) ;
#3128 = CARTESIAN_POINT ( 'NONE',  ( -0.8563508326895874500, 0.2999999999999940500, 0.5300000000000000300 ) ) ;
#3129 = LINE ( 'NONE', #3128, #3127 ) ;
#3130 = AXIS2_PLACEMENT_3D ( 'NONE', #3121, #3120, #3119 ) ;
#3131 = CARTESIAN_POINT ( 'NONE',  ( -1.000000000000002700, 0.1563508326896252400, 0.0000000000000000000 ) ) ;
#3132 = DIRECTION ( 'NONE',  ( -0.0000000000000000000, -0.0000000000000000000, 1.000000000000000000 ) ) ;
#3133 = CARTESIAN_POINT ( 'NONE',  ( -1.049999999999968700, 0.3500000000000048600, -0.02000000000000000000 ) ) ;
#3134 = LINE ( 'NONE', #3118, #3172 ) ;
#3135 = AXIS2_PLACEMENT_3D ( 'NONE', #3136, #3169, #3168 ) ;
#3136 = CARTESIAN_POINT ( 'NONE',  ( 1.050000000000029600, -0.3499999999999896500, 0.0000000000000000000 ) ) ;
#3137 = CIRCLE ( 'NONE', #3130, 0.3000000000000006600 ) ;
#3138 = DIRECTION ( 'NONE',  ( -1.000000000000000000, 0.0000000000000000000, 0.0000000000000000000 ) ) ;
#3139 = VECTOR ( 'NONE', #3138, 1000.000000000000000 ) ;
#3140 = CYLINDRICAL_SURFACE ( 'NONE', #3146, 0.2000000000000000900 ) ;
#3141 = CARTESIAN_POINT ( 'NONE',  ( -0.8563508326895874500, 0.2999999999999940500, 0.0000000000000000000 ) ) ;
#3142 = LINE ( 'NONE', #3090, #3139 ) ;
#3143 = DIRECTION ( 'NONE',  ( -1.000000000000000000, 0.0000000000000000000, 0.0000000000000000000 ) ) ;
#3144 = DIRECTION ( 'NONE',  ( 1.000000000000000000, -0.0000000000000000000, -0.0000000000000000000 ) ) ;
#3145 = VECTOR ( 'NONE', #3144, 1000.000000000000000 ) ;
#3146 = AXIS2_PLACEMENT_3D ( 'NONE', #3091, #3097, #3143 ) ;
#3147 = LINE ( 'NONE', #3093, #3145 ) ;
#3148 = VECTOR ( 'NONE', #3112, 1000.000000000000000 ) ;
#3149 = CIRCLE ( 'NONE', #3190, 0.1999999999999998700 ) ;
#3150 = LINE ( 'NONE', #3202, #3196 ) ;
#3151 = DIRECTION ( 'NONE',  ( 1.000000000000000000, -8.490658809119607600E-015, -0.0000000000000000000 ) ) ;
#3152 = VECTOR ( 'NONE', #3151, 1000.000000000000000 ) ;
#3153 = LINE ( 'NONE', #3160, #3152 ) ;
#3154 = CARTESIAN_POINT ( 'NONE',  ( -0.8000000000000113700, 0.2999999999999971600, 0.5300000000000001400 ) ) ;
#3155 = CARTESIAN_POINT ( 'NONE',  ( -0.8666969722017378000, 0.2999999999999946000, -0.02000000000000000000 ) ) ;
#3156 = DIRECTION ( 'NONE',  ( -0.0000000000000000000, -0.0000000000000000000, 1.000000000000000000 ) ) ;
#3157 = VECTOR ( 'NONE', #3156, 1000.000000000000000 ) ;
#3158 = CARTESIAN_POINT ( 'NONE',  ( -1.000000000000033300, 0.05419601084508211100, -0.02000000000000000000 ) ) ;
#3159 = LINE ( 'NONE', #3158, #3157 ) ;
#3160 = CARTESIAN_POINT ( 'NONE',  ( -0.7541960108450587200, 0.2999999999999935500, -0.02000000000000000000 ) ) ;
#3161 = CARTESIAN_POINT ( 'NONE',  ( -0.8000000000000113700, 0.2999999999999971600, 0.5100000000000000100 ) ) ;
#3162 = DIRECTION ( 'NONE',  ( 1.000000000000000000, 0.0000000000000000000, 0.0000000000000000000 ) ) ;
#3163 = AXIS2_PLACEMENT_3D ( 'NONE', #3133, #3132, #3162 ) ;
#3164 = DIRECTION ( 'NONE',  ( 1.000000000000000000, 3.365544243756531500E-014, 0.0000000000000000000 ) ) ;
#3165 = DIRECTION ( 'NONE',  ( 3.365544243756531500E-014, -1.000000000000000000, 0.0000000000000000000 ) ) ;
#3166 = CARTESIAN_POINT ( 'NONE',  ( 0.9301042119172435700, -0.07499999999997247800, -0.02000000000000000000 ) ) ;
#3167 = FACE_OUTER_BOUND ( 'NONE', #930, .T. ) ;
#3168 = DIRECTION ( 'NONE',  ( -1.000000000000000000, 0.0000000000000000000, -0.0000000000000000000 ) ) ;
#3169 = DIRECTION ( 'NONE',  ( 0.0000000000000000000, 0.0000000000000000000, -1.000000000000000000 ) ) ;
#3170 = FACE_OUTER_BOUND ( 'NONE', #846, .T. ) ;
#3171 = PLANE ( 'NONE',  #3135 ) ;
#3172 = VECTOR ( 'NONE', #3117, 1000.000000000000000 ) ;
#3173 = FACE_OUTER_BOUND ( 'NONE', #840, .T. ) ;
#3174 = CARTESIAN_POINT ( 'NONE',  ( -0.7541960108450587200, 0.2999999999999935500, -0.02000000000000000000 ) ) ;
#3175 = DIRECTION ( 'NONE',  ( -1.000000000000000000, 0.0000000000000000000, 0.0000000000000000000 ) ) ;
#3176 = DIRECTION ( 'NONE',  ( -0.0000000000000000000, -0.0000000000000000000, 1.000000000000000000 ) ) ;
#3177 = CARTESIAN_POINT ( 'NONE',  ( -0.8666969722017378000, 0.2999999999999946000, 0.5300000000000000300 ) ) ;
#3178 = PLANE ( 'NONE',  #3179 ) ;
#3179 = AXIS2_PLACEMENT_3D ( 'NONE', #3174, #3186, #3237 ) ;
#3180 = CARTESIAN_POINT ( 'NONE',  ( -0.7541960108450587200, 0.2999999999999935500, -0.02000000000000000000 ) ) ;
#3181 = DIRECTION ( 'NONE',  ( 0.0000000000000000000, 0.0000000000000000000, -1.000000000000000000 ) ) ;
#3182 = VECTOR ( 'NONE', #3181, 1000.000000000000000 ) ;
#3183 = CARTESIAN_POINT ( 'NONE',  ( -1.000000000000000000, 0.1563508326896259100, 0.5300000000000000300 ) ) ;
#3184 = LINE ( 'NONE', #3183, #3182 ) ;
#3185 = CARTESIAN_POINT ( 'NONE',  ( -0.7541960108450587200, 0.2999999999999935500, -0.02000000000000000000 ) ) ;
#3186 = DIRECTION ( 'NONE',  ( -8.490658809119607600E-015, -1.000000000000000000, 0.0000000000000000000 ) ) ;
#3187 = DIRECTION ( 'NONE',  ( -1.000000000000000000, -7.311281943493160100E-014, 0.0000000000000000000 ) ) ;
#3188 = VECTOR ( 'NONE', #3187, 1000.000000000000000 ) ;
#3189 = LINE ( 'NONE', #3115, #3188 ) ;
#3190 = AXIS2_PLACEMENT_3D ( 'NONE', #3197, #3176, #3175 ) ;
#3191 = DIRECTION ( 'NONE',  ( -0.0000000000000000000, -0.0000000000000000000, -1.000000000000000000 ) ) ;
#3192 = VECTOR ( 'NONE', #3191, 1000.000000000000000 ) ;
#3193 = CARTESIAN_POINT ( 'NONE',  ( -0.8000000000000113700, 0.2999999999999971600, 0.5300000000000001400 ) ) ;
#3194 = LINE ( 'NONE', #3193, #3192 ) ;
#3195 = DIRECTION ( 'NONE',  ( 1.000000000000000000, -5.239646011018136000E-014, -0.0000000000000000000 ) ) ;
#3196 = VECTOR ( 'NONE', #3195, 1000.000000000000000 ) ;
#3197 = CARTESIAN_POINT ( 'NONE',  ( -1.049999999999968700, 0.3500000000000048600, 0.0000000000000000000 ) ) ;
#3198 = DIRECTION ( 'NONE',  ( 0.0000000000000000000, 0.0000000000000000000, -1.000000000000000000 ) ) ;
#3199 = VECTOR ( 'NONE', #3198, 1000.000000000000000 ) ;
#3200 = CARTESIAN_POINT ( 'NONE',  ( -0.8666969722017378000, 0.2999999999999946000, 0.5300000000000000300 ) ) ;
#3201 = LINE ( 'NONE', #3200, #3199 ) ;
#3202 = CARTESIAN_POINT ( 'NONE',  ( -0.8563508326895874500, 0.2999999999999940500, 0.5300000000000000300 ) ) ;
#3203 = FACE_OUTER_BOUND ( 'NONE', #866, .T. ) ;
#3204 = CARTESIAN_POINT ( 'NONE',  ( -1.000000000000000000, 0.1563508326896259100, 0.5300000000000000300 ) ) ;
#3205 = LINE ( 'NONE', #3204, #3266 ) ;
#3206 = CARTESIAN_POINT ( 'NONE',  ( -1.000000000000033300, 0.05419601084508211100, -0.02000000000000000000 ) ) ;
#3207 = CIRCLE ( 'NONE', #3254, 0.2999999999999320400 ) ;
#3208 = LINE ( 'NONE', #3216, #3258 ) ;
#3209 = CARTESIAN_POINT ( 'NONE',  ( -1.000000000000006700, 0.1666969722017708200, 0.5300000000000000300 ) ) ;
#3210 = LINE ( 'NONE', #3209, #3263 ) ;
#3211 = DIRECTION ( 'NONE',  ( -1.000000000000000000, 0.0000000000000000000, 0.0000000000000000000 ) ) ;
#3212 = DIRECTION ( 'NONE',  ( -0.0000000000000000000, -0.0000000000000000000, 1.000000000000000000 ) ) ;
#3213 = CARTESIAN_POINT ( 'NONE',  ( -1.049999999999954500, 0.3500000000000085300, 0.5300000000000000300 ) ) ;
#3214 = AXIS2_PLACEMENT_3D ( 'NONE', #3213, #3212, #3211 ) ;
#3215 = DIRECTION ( 'NONE',  ( 2.992957230214628900E-013, 1.000000000000000000, 0.0000000000000000000 ) ) ;
#3216 = CARTESIAN_POINT ( 'NONE',  ( -1.000000000000033300, 0.05419601084508223600, -0.02000000000000000000 ) ) ;
#3217 = DIRECTION ( 'NONE',  ( -1.000000000000000000, 0.0000000000000000000, -0.0000000000000000000 ) ) ;
#3218 = DIRECTION ( 'NONE',  ( 0.0000000000000000000, 0.0000000000000000000, -1.000000000000000000 ) ) ;
#3219 = CARTESIAN_POINT ( 'NONE',  ( -1.049999999999968700, 0.3500000000000048600, 0.0000000000000000000 ) ) ;
#3220 = CARTESIAN_POINT ( 'NONE',  ( -0.2501042119171496000, -0.09638834288371708700, -0.02000000000000000000 ) ) ;
#3221 = DIRECTION ( 'NONE',  ( -0.0000000000000000000, 1.000000000000000000, -0.0000000000000000000 ) ) ;
#3222 = VECTOR ( 'NONE', #3221, 1000.000000000000000 ) ;
#3223 = CARTESIAN_POINT ( 'NONE',  ( -0.2501042119171496000, -0.09638834288371708700, 0.0000000000000000000 ) ) ;
#3224 = AXIS2_PLACEMENT_3D ( 'NONE', #3219, #3218, #3217 ) ;
#3225 = LINE ( 'NONE', #3223, #3222 ) ;
#3226 = CARTESIAN_POINT ( 'NONE',  ( -1.000000000000000000, 0.1563508326896259100, 0.5100000000000000100 ) ) ;
#3227 = PLANE ( 'NONE',  #3224 ) ;
#3228 = FACE_OUTER_BOUND ( 'NONE', #967, .T. ) ;
#3229 = DIRECTION ( 'NONE',  ( 1.000000000000000000, -8.490658809119607600E-015, -0.0000000000000000000 ) ) ;
#3230 = VECTOR ( 'NONE', #3229, 1000.000000000000000 ) ;
#3231 = LINE ( 'NONE', #3235, #3230 ) ;
#3232 = CIRCLE ( 'NONE', #3214, 0.1899999999999903200 ) ;
#3233 = DIRECTION ( 'NONE',  ( -0.0000000000000000000, -0.0000000000000000000, 1.000000000000000000 ) ) ;
#3234 = VECTOR ( 'NONE', #3233, 1000.000000000000000 ) ;
#3235 = CARTESIAN_POINT ( 'NONE',  ( -0.7541960108450587200, 0.2999999999999935500, 0.0000000000000000000 ) ) ;
#3236 = LINE ( 'NONE', #3185, #3234 ) ;
#3237 = DIRECTION ( 'NONE',  ( 1.000000000000000000, -8.490658809119607600E-015, 0.0000000000000000000 ) ) ;
#3238 = CARTESIAN_POINT ( 'NONE',  ( -1.000000000000033300, 0.05419601084508223600, -0.02000000000000000000 ) ) ;
#3239 = LINE ( 'NONE', #3298, #3297 ) ;
#3240 = CIRCLE ( 'NONE', #3256, 0.2999999999999320400 ) ;
#3241 = DIRECTION ( 'NONE',  ( 3.848043128154116300E-015, -1.000000000000000000, -0.0000000000000000000 ) ) ;
#3242 = VECTOR ( 'NONE', #3241, 1000.000000000000000 ) ;
#3243 = CARTESIAN_POINT ( 'NONE',  ( -1.000000000000000000, 0.09999999999999431600, 0.5100000000000000100 ) ) ;
#3244 = LINE ( 'NONE', #3243, #3242 ) ;
#3245 = PLANE ( 'NONE',  #3249 ) ;
#3246 = DIRECTION ( 'NONE',  ( 2.992957230214628900E-013, 1.000000000000000000, 0.0000000000000000000 ) ) ;
#3247 = VECTOR ( 'NONE', #3246, 1000.000000000000000 ) ;
#3248 = LINE ( 'NONE', #3257, #3247 ) ;
#3249 = AXIS2_PLACEMENT_3D ( 'NONE', #3238, #3302, #3301 ) ;
#3250 = DIRECTION ( 'NONE',  ( 0.0000000000000000000, 0.0000000000000000000, -1.000000000000000000 ) ) ;
#3251 = DIRECTION ( 'NONE',  ( -1.000000000000000000, 0.0000000000000000000, 0.0000000000000000000 ) ) ;
#3252 = DIRECTION ( 'NONE',  ( 0.0000000000000000000, 0.0000000000000000000, -1.000000000000000000 ) ) ;
#3253 = CARTESIAN_POINT ( 'NONE',  ( -1.049999999999968700, 0.3500000000000048600, -0.02000000000000000000 ) ) ;
#3254 = AXIS2_PLACEMENT_3D ( 'NONE', #3253, #3252, #3251 ) ;
#3255 = FACE_OUTER_BOUND ( 'NONE', #958, .T. ) ;
#3256 = AXIS2_PLACEMENT_3D ( 'NONE', #3300, #3250, #3292 ) ;
#3257 = CARTESIAN_POINT ( 'NONE',  ( -1.000000000000033300, 0.05419601084508223600, 0.0000000000000000000 ) ) ;
#3258 = VECTOR ( 'NONE', #3215, 1000.000000000000000 ) ;
#3259 = CARTESIAN_POINT ( 'NONE',  ( -1.049999999999954500, 0.3500000000000085300, 0.5300000000000000300 ) ) ;
#3260 = CARTESIAN_POINT ( 'NONE',  ( -1.000000000000006700, 0.1666969722017708200, -0.02000000000000000000 ) ) ;
#3261 = CARTESIAN_POINT ( 'NONE',  ( -1.000000000000000000, 0.09999999999999431600, 0.5100000000000000100 ) ) ;
#3262 = DIRECTION ( 'NONE',  ( 0.0000000000000000000, 0.0000000000000000000, -1.000000000000000000 ) ) ;
#3263 = VECTOR ( 'NONE', #3262, 1000.000000000000000 ) ;
#3264 = CARTESIAN_POINT ( 'NONE',  ( -1.000000000000000000, 0.09999999999999431600, 0.5300000000000001400 ) ) ;
#3265 = DIRECTION ( 'NONE',  ( -5.868403532344847600E-013, 1.000000000000000000, 0.0000000000000000000 ) ) ;
#3266 = VECTOR ( 'NONE', #3265, 1000.000000000000000 ) ;
#3267 = AXIS2_PLACEMENT_3D ( 'NONE', #3306, #3305, #3304 ) ;
#3268 = AXIS2_PLACEMENT_3D ( 'NONE', #3259, #3289, #3288 ) ;
#3269 = CYLINDRICAL_SURFACE ( 'NONE', #3268, 0.1899999999999903200 ) ;
#3270 = DIRECTION ( 'NONE',  ( 0.0000000000000000000, -0.0000000000000000000, 1.000000000000000000 ) ) ;
#3271 = DIRECTION ( 'NONE',  ( 0.0000000000000000000, 1.000000000000000000, 0.0000000000000000000 ) ) ;
#3272 = CARTESIAN_POINT ( 'NONE',  ( -1.000000000000000000, 0.09999999999999431600, 0.5300000000000001400 ) ) ;
#3273 = CARTESIAN_POINT ( 'NONE',  ( -1.000000000000000000, 0.09999999999999431600, 0.5100000000000000100 ) ) ;
#3274 = FACE_OUTER_BOUND ( 'NONE', #953, .T. ) ;
#3275 = DIRECTION ( 'NONE',  ( -0.0000000000000000000, 1.000000000000000000, -0.0000000000000000000 ) ) ;
#3276 = VECTOR ( 'NONE', #3275, 1000.000000000000000 ) ;
#3277 = LINE ( 'NONE', #3293, #3276 ) ;
#3278 = AXIS2_PLACEMENT_3D ( 'NONE', #3272, #3271, #3270 ) ;
#3279 = FACE_OUTER_BOUND ( 'NONE', #1001, .T. ) ;
#3280 = LINE ( 'NONE', #3273, #3325 ) ;
#3281 = PLANE ( 'NONE',  #3278 ) ;
#3282 = PLANE ( 'NONE',  #3316 ) ;
#3283 = FACE_OUTER_BOUND ( 'NONE', #999, .T. ) ;
#3284 = DIRECTION ( 'NONE',  ( -0.0000000000000000000, 1.000000000000000000, -0.0000000000000000000 ) ) ;
#3285 = VECTOR ( 'NONE', #3284, 1000.000000000000000 ) ;
#3286 = CARTESIAN_POINT ( 'NONE',  ( -0.8000000000000113700, 0.09999999999999431600, 0.5100000000000000100 ) ) ;
#3287 = PLANE ( 'NONE',  #3267 ) ;
#3288 = DIRECTION ( 'NONE',  ( -1.000000000000000000, 0.0000000000000000000, 0.0000000000000000000 ) ) ;
#3289 = DIRECTION ( 'NONE',  ( 0.0000000000000000000, 0.0000000000000000000, -1.000000000000000000 ) ) ;
#3290 = CARTESIAN_POINT ( 'NONE',  ( -0.8000000000000113700, 0.2999999999999971600, 0.5100000000000000100 ) ) ;
#3291 = LINE ( 'NONE', #3290, #3285 ) ;
#3292 = DIRECTION ( 'NONE',  ( -1.000000000000000000, 0.0000000000000000000, 0.0000000000000000000 ) ) ;
#3293 = CARTESIAN_POINT ( 'NONE',  ( -0.8000000000000113700, 0.2999999999999971600, 0.5300000000000001400 ) ) ;
#3294 = CARTESIAN_POINT ( 'NONE',  ( -0.2501042119171496000, -0.09638834288371708700, 0.0000000000000000000 ) ) ;
#3295 = CARTESIAN_POINT ( 'NONE',  ( -0.8000000000000113700, 0.09999999999999431600, 0.5300000000000001400 ) ) ;
#3296 = DIRECTION ( 'NONE',  ( -0.0000000000000000000, -0.0000000000000000000, -1.000000000000000000 ) ) ;
#3297 = VECTOR ( 'NONE', #3296, 1000.000000000000000 ) ;
#3298 = CARTESIAN_POINT ( 'NONE',  ( -1.000000000000000000, 0.09999999999999431600, 0.5300000000000001400 ) ) ;
#3299 = CARTESIAN_POINT ( 'NONE',  ( -1.000000000000006700, 0.1666969722017708200, 0.5300000000000000300 ) ) ;
#3300 = CARTESIAN_POINT ( 'NONE',  ( -1.049999999999968700, 0.3500000000000048600, 0.0000000000000000000 ) ) ;
#3301 = DIRECTION ( 'NONE',  ( 2.992957230214629400E-013, 1.000000000000000000, 0.0000000000000000000 ) ) ;
#3302 = DIRECTION ( 'NONE',  ( 1.000000000000000000, -2.992957230214629400E-013, 0.0000000000000000000 ) ) ;
#3303 = DIRECTION ( 'NONE',  ( -0.0000000000000000000, -0.0000000000000000000, 1.000000000000000000 ) ) ;
#3304 = DIRECTION ( 'NONE',  ( -1.000000000000000000, 0.0000000000000000000, -0.0000000000000000000 ) ) ;
#3305 = DIRECTION ( 'NONE',  ( 0.0000000000000000000, 0.0000000000000000000, -1.000000000000000000 ) ) ;
#3306 = CARTESIAN_POINT ( 'NONE',  ( -1.049999999999968700, 0.3500000000000048600, -0.02000000000000000000 ) ) ;
#3307 = FACE_OUTER_BOUND ( 'NONE', #970, .T. ) ;
#3308 = DIRECTION ( 'NONE',  ( -1.000000000000000000, 0.0000000000000000000, 0.0000000000000000000 ) ) ;
#3309 = DIRECTION ( 'NONE',  ( -0.0000000000000000000, -0.0000000000000000000, 1.000000000000000000 ) ) ;
#3310 = CARTESIAN_POINT ( 'NONE',  ( -1.049999999999954500, 0.3500000000000085300, -0.02000000000000000000 ) ) ;
#3311 = AXIS2_PLACEMENT_3D ( 'NONE', #3310, #3309, #3308 ) ;
#3312 = CARTESIAN_POINT ( 'NONE',  ( -0.4501042119171950700, -0.1999999999999921600, -0.02000000000000000000 ) ) ;
#3313 = DIRECTION ( 'NONE',  ( -1.000000000000000000, 0.0000000000000000000, -0.0000000000000000000 ) ) ;
#3314 = DIRECTION ( 'NONE',  ( 0.0000000000000000000, 0.0000000000000000000, -1.000000000000000000 ) ) ;
#3315 = CARTESIAN_POINT ( 'NONE',  ( -1.049999999999954500, 0.3500000000000085300, 0.5300000000000000300 ) ) ;
#3316 = AXIS2_PLACEMENT_3D ( 'NONE', #3315, #3314, #3313 ) ;
#3317 = CARTESIAN_POINT ( 'NONE',  ( -1.000000000000000000, 0.1000000000000085300, 0.5250000000000000200 ) ) ;
#3318 = DIRECTION ( 'NONE',  ( 1.000000000000000000, 0.0000000000000000000, 0.0000000000000000000 ) ) ;
#3319 = VECTOR ( 'NONE', #3318, 1000.000000000000000 ) ;
#3320 = LINE ( 'NONE', #3322, #3319 ) ;
#3321 = CIRCLE ( 'NONE', #3311, 0.1899999999999903200 ) ;
#3322 = CARTESIAN_POINT ( 'NONE',  ( -1.000000000000000000, 0.09999999999999431600, 0.5300000000000001400 ) ) ;
#3323 = VECTOR ( 'NONE', #3303, 1000.000000000000000 ) ;
#3324 = DIRECTION ( 'NONE',  ( 1.000000000000000000, 0.0000000000000000000, 0.0000000000000000000 ) ) ;
#3325 = VECTOR ( 'NONE', #3324, 1000.000000000000000 ) ;
#3326 = DIRECTION ( 'NONE',  ( 0.0000000000000000000, -0.0000000000000000000, 1.000000000000000000 ) ) ;
#3327 = DIRECTION ( 'NONE',  ( 0.0000000000000000000, 1.000000000000000000, 0.0000000000000000000 ) ) ;
#3328 = DIRECTION ( 'NONE',  ( -0.0000000000000000000, 0.0000000000000000000, -1.000000000000000000 ) ) ;
#3329 = VECTOR ( 'NONE', #3382, 1000.000000000000000 ) ;
#3330 = LINE ( 'NONE', #3338, #3329 ) ;
#3331 = CARTESIAN_POINT ( 'NONE',  ( -0.04999999999995456000, -0.3000000000000113700, 0.0000000000000000000 ) ) ;
#3332 = DIRECTION ( 'NONE',  ( -1.000000000000000000, -0.0000000000000000000, -0.0000000000000000000 ) ) ;
#3333 = AXIS2_PLACEMENT_3D ( 'NONE', #3345, #3350, #3328 ) ;
#3334 = DIRECTION ( 'NONE',  ( -0.0000000000000000000, -0.0000000000000000000, -1.000000000000000000 ) ) ;
#3335 = VECTOR ( 'NONE', #3334, 1000.000000000000000 ) ;
#3336 = CARTESIAN_POINT ( 'NONE',  ( -0.6999999999999886300, 0.2999999999999971600, 0.5250000000000000200 ) ) ;
#3337 = LINE ( 'NONE', #3336, #3335 ) ;
#3338 = CARTESIAN_POINT ( 'NONE',  ( -0.8000000000000113700, 0.2999999999999971600, 0.5250000000000000200 ) ) ;
#3339 = PLANE ( 'NONE',  #3381 ) ;
#3340 = AXIS2_PLACEMENT_3D ( 'NONE', #3366, #3362, #3361 ) ;
#3341 = DIRECTION ( 'NONE',  ( -1.000000000000000000, -0.0000000000000000000, -0.0000000000000000000 ) ) ;
#3342 = VECTOR ( 'NONE', #3341, 1000.000000000000000 ) ;
#3343 = CARTESIAN_POINT ( 'NONE',  ( -0.8000000000000113700, 0.2999999999999971600, 0.5250000000000000200 ) ) ;
#3344 = LINE ( 'NONE', #3343, #3342 ) ;
#3345 = CARTESIAN_POINT ( 'NONE',  ( -0.8000000000000113700, 0.2999999999999971600, 0.5250000000000000200 ) ) ;
#3346 = DIRECTION ( 'NONE',  ( 0.0000000000000000000, -0.0000000000000000000, -1.000000000000000000 ) ) ;
#3347 = DIRECTION ( 'NONE',  ( 0.0000000000000000000, -1.000000000000000000, 0.0000000000000000000 ) ) ;
#3348 = FACE_OUTER_BOUND ( 'NONE', #1035, .T. ) ;
#3349 = FACE_OUTER_BOUND ( 'NONE', #977, .T. ) ;
#3350 = DIRECTION ( 'NONE',  ( 1.000000000000000000, 0.0000000000000000000, -0.0000000000000000000 ) ) ;
#3351 = CARTESIAN_POINT ( 'NONE',  ( -1.000000000000000000, 0.1000000000000085300, 0.5100000000000000100 ) ) ;
#3352 = CARTESIAN_POINT ( 'NONE',  ( -1.000000000000000000, 0.1000000000000085300, 0.5250000000000000200 ) ) ;
#3353 = PLANE ( 'NONE',  #3333 ) ;
#3354 = PLANE ( 'NONE',  #3355 ) ;
#3355 = AXIS2_PLACEMENT_3D ( 'NONE', #3352, #3347, #3346 ) ;
#3356 = FACE_OUTER_BOUND ( 'NONE', #1545, .T. ) ;
#3357 = FACE_OUTER_BOUND ( 'NONE', #1069, .T. ) ;
#3358 = CARTESIAN_POINT ( 'NONE',  ( -0.8000000000000113700, 0.09999999999999431600, 0.5300000000000001400 ) ) ;
#3359 = LINE ( 'NONE', #3358, #3417 ) ;
#3360 = CARTESIAN_POINT ( 'NONE',  ( -0.7999999999999545300, -0.09999999999998010500, 0.5250000000000000200 ) ) ;
#3361 = DIRECTION ( 'NONE',  ( 0.0000000000000000000, -0.0000000000000000000, -1.000000000000000000 ) ) ;
#3362 = DIRECTION ( 'NONE',  ( 0.0000000000000000000, -1.000000000000000000, 0.0000000000000000000 ) ) ;
#3363 = CARTESIAN_POINT ( 'NONE',  ( 0.05000000000006818400, -0.2000000000000028400, 0.0000000000000000000 ) ) ;
#3364 = VECTOR ( 'NONE', #3332, 1000.000000000000000 ) ;
#3365 = LINE ( 'NONE', #3370, #3364 ) ;
#3366 = CARTESIAN_POINT ( 'NONE',  ( -0.8000000000000113700, 0.2999999999999971600, 0.5250000000000000200 ) ) ;
#3367 = CARTESIAN_POINT ( 'NONE',  ( -0.8000000000000113700, 0.2999999999999971600, 0.5100000000000000100 ) ) ;
#3368 = CARTESIAN_POINT ( 'NONE',  ( -0.8000000000000113700, 0.2999999999999971600, 0.5250000000000000200 ) ) ;
#3369 = FACE_OUTER_BOUND ( 'NONE', #988, .T. ) ;
#3370 = CARTESIAN_POINT ( 'NONE',  ( -0.8000000000000113700, 0.2999999999999971600, 0.5100000000000000100 ) ) ;
#3371 = LINE ( 'NONE', #3414, #3413 ) ;
#3372 = PLANE ( 'NONE',  #3380 ) ;
#3373 = PLANE ( 'NONE',  #3340 ) ;
#3374 = DIRECTION ( 'NONE',  ( 1.000000000000000000, 0.0000000000000000000, -0.0000000000000000000 ) ) ;
#3375 = DIRECTION ( 'NONE',  ( 0.0000000000000000000, 0.0000000000000000000, 1.000000000000000000 ) ) ;
#3376 = CARTESIAN_POINT ( 'NONE',  ( -1.050000000000011400, 0.3499999999999943200, 0.5100000000000000100 ) ) ;
#3377 = CARTESIAN_POINT ( 'NONE',  ( 0.6499999999999772600, -0.3000000000000113700, -0.02000000000000000000 ) ) ;
#3378 = CARTESIAN_POINT ( 'NONE',  ( -0.6999999999999886300, 0.2999999999999971600, 0.5250000000000000200 ) ) ;
#3379 = CARTESIAN_POINT ( 'NONE',  ( -0.6999999999999886300, 0.2999999999999971600, 0.5100000000000000100 ) ) ;
#3380 = AXIS2_PLACEMENT_3D ( 'NONE', #3377, #3327, #3326 ) ;
#3381 = AXIS2_PLACEMENT_3D ( 'NONE', #3376, #3375, #3374 ) ;
#3382 = DIRECTION ( 'NONE',  ( -0.0000000000000000000, -0.0000000000000000000, -1.000000000000000000 ) ) ;
#3383 = CARTESIAN_POINT ( 'NONE',  ( -0.5999999999999089400, 4.263700435795559300E-014, 0.5250000000000000200 ) ) ;
#3384 = PLANE ( 'NONE',  #3444 ) ;
#3385 = FACE_OUTER_BOUND ( 'NONE', #1012, .T. ) ;
#3386 = CARTESIAN_POINT ( 'NONE',  ( -0.8000000000000113700, 0.1000000000000085300, 0.5100000000000000100 ) ) ;
#3387 = DIRECTION ( 'NONE',  ( -0.0000000000000000000, -0.0000000000000000000, -1.000000000000000000 ) ) ;
#3388 = VECTOR ( 'NONE', #3387, 1000.000000000000000 ) ;
#3389 = CARTESIAN_POINT ( 'NONE',  ( -0.8000000000000113700, 0.2999999999999971600, 0.5250000000000000200 ) ) ;
#3390 = CARTESIAN_POINT ( 'NONE',  ( -1.000000000000000000, -0.09999999999998010500, 0.5250000000000000200 ) ) ;
#3391 = CARTESIAN_POINT ( 'NONE',  ( -1.000000000000000000, -0.09999999999998010500, 0.5100000000000000100 ) ) ;
#3392 = LINE ( 'NONE', #3404, #3388 ) ;
#3393 = DIRECTION ( 'NONE',  ( -0.0000000000000000000, -1.000000000000000000, -0.0000000000000000000 ) ) ;
#3394 = VECTOR ( 'NONE', #3393, 1000.000000000000000 ) ;
#3395 = CARTESIAN_POINT ( 'NONE',  ( -1.000000000000000000, -0.09999999999998010500, 0.5100000000000000100 ) ) ;
#3396 = LINE ( 'NONE', #3395, #3394 ) ;
#3397 = DIRECTION ( 'NONE',  ( -1.000000000000000000, -0.0000000000000000000, -0.0000000000000000000 ) ) ;
#3398 = VECTOR ( 'NONE', #3397, 1000.000000000000000 ) ;
#3399 = CARTESIAN_POINT ( 'NONE',  ( -1.000000000000000000, 0.1000000000000085300, 0.5250000000000000200 ) ) ;
#3400 = CARTESIAN_POINT ( 'NONE',  ( -0.8000000000000113700, 0.2999999999999971600, 0.5100000000000000100 ) ) ;
#3401 = DIRECTION ( 'NONE',  ( -0.0000000000000000000, -0.0000000000000000000, -1.000000000000000000 ) ) ;
#3402 = VECTOR ( 'NONE', #3401, 1000.000000000000000 ) ;
#3403 = CARTESIAN_POINT ( 'NONE',  ( -1.000000000000000000, 0.1000000000000085300, 0.5250000000000000200 ) ) ;
#3404 = CARTESIAN_POINT ( 'NONE',  ( -1.000000000000000000, -0.09999999999998010500, 0.5250000000000000200 ) ) ;
#3405 = LINE ( 'NONE', #3436, #3434 ) ;
#3406 = LINE ( 'NONE', #3403, #3402 ) ;
#3407 = DIRECTION ( 'NONE',  ( 1.000000000000000000, 0.0000000000000000000, 0.0000000000000000000 ) ) ;
#3408 = VECTOR ( 'NONE', #3407, 1000.000000000000000 ) ;
#3409 = CARTESIAN_POINT ( 'NONE',  ( -1.000000000000000000, -0.09999999999998010500, 0.5250000000000000200 ) ) ;
#3410 = LINE ( 'NONE', #3409, #3408 ) ;
#3411 = CARTESIAN_POINT ( 'NONE',  ( -0.7999999999999545300, -0.09999999999998010500, 0.5100000000000000100 ) ) ;
#3412 = DIRECTION ( 'NONE',  ( 0.0000000000000000000, -1.000000000000000000, 0.0000000000000000000 ) ) ;
#3413 = VECTOR ( 'NONE', #3412, 1000.000000000000000 ) ;
#3414 = CARTESIAN_POINT ( 'NONE',  ( -0.7999999999999545300, -0.09999999999998010500, 0.5100000000000000100 ) ) ;
#3415 = LINE ( 'NONE', #3399, #3398 ) ;
#3416 = DIRECTION ( 'NONE',  ( -0.0000000000000000000, -0.0000000000000000000, -1.000000000000000000 ) ) ;
#3417 = VECTOR ( 'NONE', #3416, 1000.000000000000000 ) ;
#3418 = DIRECTION ( 'NONE',  ( -0.0000000000000000000, -0.0000000000000000000, -1.000000000000000000 ) ) ;
#3419 = VECTOR ( 'NONE', #3418, 1000.000000000000000 ) ;
#3420 = LINE ( 'NONE', #3427, #3419 ) ;
#3421 = CARTESIAN_POINT ( 'NONE',  ( -0.5999999999999089400, 4.263700435795559300E-014, 0.5100000000000000100 ) ) ;
#3422 = AXIS2_PLACEMENT_3D ( 'NONE', #3478, #3477, #3476 ) ;
#3423 = DIRECTION ( 'NONE',  ( -0.0000000000000000000, -0.0000000000000000000, -1.000000000000000000 ) ) ;
#3424 = VECTOR ( 'NONE', #3423, 1000.000000000000000 ) ;
#3425 = CARTESIAN_POINT ( 'NONE',  ( -0.8000000000000113700, 0.1000000000000085300, 0.5250000000000000200 ) ) ;
#3426 = LINE ( 'NONE', #3425, #3424 ) ;
#3427 = CARTESIAN_POINT ( 'NONE',  ( -0.5999999999999089400, 4.263700435795559300E-014, 0.5250000000000000200 ) ) ;
#3428 = PLANE ( 'NONE',  #3422 ) ;
#3429 = DIRECTION ( 'NONE',  ( 0.0000000000000000000, -1.000000000000000000, 0.0000000000000000000 ) ) ;
#3430 = VECTOR ( 'NONE', #3429, 1000.000000000000000 ) ;
#3431 = LINE ( 'NONE', #3389, #3430 ) ;
#3432 = CARTESIAN_POINT ( 'NONE',  ( -0.6999999999999316800, 4.262475788996411600E-014, 0.5250000000000000200 ) ) ;
#3433 = FACE_OUTER_BOUND ( 'NONE', #1046, .T. ) ;
#3434 = VECTOR ( 'NONE', #3435, 1000.000000000000000 ) ;
#3435 = DIRECTION ( 'NONE',  ( -1.000000000000000000, -0.0000000000000000000, -0.0000000000000000000 ) ) ;
#3436 = CARTESIAN_POINT ( 'NONE',  ( -1.000000000000000000, 0.1000000000000085300, 0.5100000000000000100 ) ) ;
#3437 = DIRECTION ( 'NONE',  ( 0.0000000000000000000, -1.000000000000000000, 0.0000000000000000000 ) ) ;
#3438 = VECTOR ( 'NONE', #3437, 1000.000000000000000 ) ;
#3439 = LINE ( 'NONE', #3400, #3438 ) ;
#3440 = CARTESIAN_POINT ( 'NONE',  ( -0.8000000000000113700, 0.1000000000000085300, 0.5250000000000000200 ) ) ;
#3441 = DIRECTION ( 'NONE',  ( 0.0000000000000000000, 0.0000000000000000000, -1.000000000000000000 ) ) ;
#3442 = DIRECTION ( 'NONE',  ( 1.000000000000000000, 0.0000000000000000000, 0.0000000000000000000 ) ) ;
#3443 = CARTESIAN_POINT ( 'NONE',  ( -1.000000000000000000, -0.09999999999998010500, 0.5250000000000000200 ) ) ;
#3444 = AXIS2_PLACEMENT_3D ( 'NONE', #3443, #3442, #3441 ) ;
#3445 = DIRECTION ( 'NONE',  ( -0.0000000000000000000, 0.0000000000000000000, -1.000000000000000000 ) ) ;
#3446 = DIRECTION ( 'NONE',  ( 1.000000000000000000, 0.0000000000000000000, -0.0000000000000000000 ) ) ;
#3447 = CARTESIAN_POINT ( 'NONE',  ( -0.6999999999999316800, -0.2999999999999687400, 0.5100000000000000100 ) ) ;
#3448 = AXIS2_PLACEMENT_3D ( 'NONE', #3521, #3514, #3513 ) ;
#3449 = CARTESIAN_POINT ( 'NONE',  ( -0.7999999999999545300, -0.2999999999999687400, 0.5250000000000000200 ) ) ;
#3450 = DIRECTION ( 'NONE',  ( -0.0000000000000000000, -0.0000000000000000000, -1.000000000000000000 ) ) ;
#3451 = VECTOR ( 'NONE', #3450, 1000.000000000000000 ) ;
#3452 = CARTESIAN_POINT ( 'NONE',  ( -0.6999999999999316800, 4.262475788996411600E-014, 0.5250000000000000200 ) ) ;
#3453 = LINE ( 'NONE', #3452, #3451 ) ;
#3454 = PLANE ( 'NONE',  #3465 ) ;
#3455 = DIRECTION ( 'NONE',  ( -0.0000000000000000000, -0.0000000000000000000, -1.000000000000000000 ) ) ;
#3456 = VECTOR ( 'NONE', #3455, 1000.000000000000000 ) ;
#3457 = CARTESIAN_POINT ( 'NONE',  ( -0.5999999999999089400, 0.1000000000000227400, 0.5250000000000000200 ) ) ;
#3458 = LINE ( 'NONE', #3457, #3456 ) ;
#3459 = CARTESIAN_POINT ( 'NONE',  ( -0.7999999999999545300, -0.2999999999999687400, 0.5250000000000000200 ) ) ;
#3460 = DIRECTION ( 'NONE',  ( -0.0000000000000000000, 1.000000000000000000, -0.0000000000000000000 ) ) ;
#3461 = VECTOR ( 'NONE', #3460, 1000.000000000000000 ) ;
#3462 = CARTESIAN_POINT ( 'NONE',  ( -0.6999999999999316800, 4.262475788996411600E-014, 0.5100000000000000100 ) ) ;
#3463 = CARTESIAN_POINT ( 'NONE',  ( -0.7999999999999545300, -0.2999999999999687400, 0.5100000000000000100 ) ) ;
#3464 = LINE ( 'NONE', #3462, #3461 ) ;
#3465 = AXIS2_PLACEMENT_3D ( 'NONE', #3470, #3446, #3445 ) ;
#3466 = DIRECTION ( 'NONE',  ( 1.000000000000000000, 0.0000000000000000000, 0.0000000000000000000 ) ) ;
#3467 = VECTOR ( 'NONE', #3466, 1000.000000000000000 ) ;
#3468 = CARTESIAN_POINT ( 'NONE',  ( -0.7999999999999545300, -0.2999999999999687400, 0.5250000000000000200 ) ) ;
#3469 = LINE ( 'NONE', #3468, #3467 ) ;
#3470 = CARTESIAN_POINT ( 'NONE',  ( -0.7999999999999545300, -0.09999999999998010500, 0.5250000000000000200 ) ) ;
#3471 = DIRECTION ( 'NONE',  ( -0.0000000000000000000, -0.0000000000000000000, -1.000000000000000000 ) ) ;
#3472 = VECTOR ( 'NONE', #3471, 1000.000000000000000 ) ;
#3473 = CARTESIAN_POINT ( 'NONE',  ( -0.6999999999999316800, -0.2999999999999687400, 0.5250000000000000200 ) ) ;
#3474 = LINE ( 'NONE', #3473, #3472 ) ;
#3475 = FACE_OUTER_BOUND ( 'NONE', #1065, .T. ) ;
#3476 = DIRECTION ( 'NONE',  ( 0.0000000000000000000, -0.0000000000000000000, 1.000000000000000000 ) ) ;
#3477 = DIRECTION ( 'NONE',  ( 0.0000000000000000000, 1.000000000000000000, 0.0000000000000000000 ) ) ;
#3478 = CARTESIAN_POINT ( 'NONE',  ( -0.7999999999999545300, -0.2999999999999687400, 0.5250000000000000200 ) ) ;
#3479 = DIRECTION ( 'NONE',  ( 0.0000000000000000000, -0.0000000000000000000, 1.000000000000000000 ) ) ;
#3480 = PLANE ( 'NONE',  #3557 ) ;
#3481 = CARTESIAN_POINT ( 'NONE',  ( -0.6999999999999886300, 0.1000000000000227400, 0.5250000000000000200 ) ) ;
#3482 = FACE_OUTER_BOUND ( 'NONE', #1181, .T. ) ;
#3483 = AXIS2_PLACEMENT_3D ( 'NONE', #3531, #3530, #3529 ) ;
#3484 = PLANE ( 'NONE',  #3495 ) ;
#3485 = DIRECTION ( 'NONE',  ( 1.000000000000000000, 0.0000000000000000000, 0.0000000000000000000 ) ) ;
#3486 = VECTOR ( 'NONE', #3485, 1000.000000000000000 ) ;
#3487 = CARTESIAN_POINT ( 'NONE',  ( -1.000000000000000000, -0.09999999999998010500, 0.5100000000000000100 ) ) ;
#3488 = CARTESIAN_POINT ( 'NONE',  ( -0.6999999999999316800, -0.2999999999999687400, 0.5250000000000000200 ) ) ;
#3489 = LINE ( 'NONE', #3487, #3486 ) ;
#3490 = DIRECTION ( 'NONE',  ( -0.0000000000000000000, -1.000000000000000000, -0.0000000000000000000 ) ) ;
#3491 = VECTOR ( 'NONE', #3490, 1000.000000000000000 ) ;
#3492 = LINE ( 'NONE', #3500, #3491 ) ;
#3493 = DIRECTION ( 'NONE',  ( 0.0000000000000000000, 1.000000000000000000, 0.0000000000000000000 ) ) ;
#3494 = CARTESIAN_POINT ( 'NONE',  ( -1.000000000000000000, -0.09999999999998010500, 0.5250000000000000200 ) ) ;
#3495 = AXIS2_PLACEMENT_3D ( 'NONE', #3494, #3493, #3479 ) ;
#3496 = FACE_OUTER_BOUND ( 'NONE', #1056, .T. ) ;
#3497 = DIRECTION ( 'NONE',  ( 1.000000000000000000, 0.0000000000000000000, 0.0000000000000000000 ) ) ;
#3498 = VECTOR ( 'NONE', #3497, 1000.000000000000000 ) ;
#3499 = LINE ( 'NONE', #3509, #3498 ) ;
#3500 = CARTESIAN_POINT ( 'NONE',  ( -1.000000000000000000, -0.09999999999998010500, 0.5250000000000000200 ) ) ;
#3501 = DIRECTION ( 'NONE',  ( 0.0000000000000000000, -1.000000000000000000, 0.0000000000000000000 ) ) ;
#3502 = VECTOR ( 'NONE', #3501, 1000.000000000000000 ) ;
#3503 = CARTESIAN_POINT ( 'NONE',  ( -0.7999999999999545300, -0.09999999999998010500, 0.5250000000000000200 ) ) ;
#3504 = LINE ( 'NONE', #3503, #3502 ) ;
#3505 = PLANE ( 'NONE',  #3483 ) ;
#3506 = DIRECTION ( 'NONE',  ( -0.0000000000000000000, -0.0000000000000000000, -1.000000000000000000 ) ) ;
#3507 = VECTOR ( 'NONE', #3506, 1000.000000000000000 ) ;
#3508 = LINE ( 'NONE', #3459, #3507 ) ;
#3509 = CARTESIAN_POINT ( 'NONE',  ( -0.7999999999999545300, -0.2999999999999687400, 0.5100000000000000100 ) ) ;
#3510 = CARTESIAN_POINT ( 'NONE',  ( -0.5999999999999089400, 0.1000000000000227400, 0.5100000000000000100 ) ) ;
#3511 = CARTESIAN_POINT ( 'NONE',  ( -0.5999999999999089400, 0.1000000000000227400, 0.5100000000000000100 ) ) ;
#3512 = FACE_OUTER_BOUND ( 'NONE', #1086, .T. ) ;
#3513 = DIRECTION ( 'NONE',  ( 0.0000000000000000000, -0.0000000000000000000, -1.000000000000000000 ) ) ;
#3514 = DIRECTION ( 'NONE',  ( 0.0000000000000000000, -1.000000000000000000, 0.0000000000000000000 ) ) ;
#3515 = CARTESIAN_POINT ( 'NONE',  ( -0.6999999999999316800, 4.262475788996411600E-014, 0.5100000000000000100 ) ) ;
#3516 = PLANE ( 'NONE',  #3448 ) ;
#3517 = PLANE ( 'NONE',  #3558 ) ;
#3518 = DIRECTION ( 'NONE',  ( -1.000000000000000000, -0.0000000000000000000, -0.0000000000000000000 ) ) ;
#3519 = VECTOR ( 'NONE', #3518, 1000.000000000000000 ) ;
#3520 = CARTESIAN_POINT ( 'NONE',  ( -0.6999999999999886300, 0.1000000000000227400, 0.5100000000000000100 ) ) ;
#3521 = CARTESIAN_POINT ( 'NONE',  ( -0.6999999999999886300, 0.1000000000000227400, 0.5250000000000000200 ) ) ;
#3522 = CARTESIAN_POINT ( 'NONE',  ( -0.6999999999999886300, 0.1000000000000227400, 0.5100000000000000100 ) ) ;
#3523 = LINE ( 'NONE', #3520, #3519 ) ;
#3524 = DIRECTION ( 'NONE',  ( -0.0000000000000000000, 1.000000000000000000, -0.0000000000000000000 ) ) ;
#3525 = VECTOR ( 'NONE', #3524, 1000.000000000000000 ) ;
#3526 = CARTESIAN_POINT ( 'NONE',  ( -0.5999999999999089400, 0.1000000000000227400, 0.5250000000000000200 ) ) ;
#3527 = PLANE ( 'NONE',  #3574 ) ;
#3528 = LINE ( 'NONE', #3526, #3525 ) ;
#3529 = DIRECTION ( 'NONE',  ( 0.0000000000000000000, 0.0000000000000000000, 1.000000000000000000 ) ) ;
#3530 = DIRECTION ( 'NONE',  ( -1.000000000000000000, 0.0000000000000000000, 0.0000000000000000000 ) ) ;
#3531 = CARTESIAN_POINT ( 'NONE',  ( -0.6999999999999886300, 0.2999999999999971600, 0.5250000000000000200 ) ) ;
#3532 = FACE_OUTER_BOUND ( 'NONE', #1144, .T. ) ;
#3533 = FACE_OUTER_BOUND ( 'NONE', #1080, .T. ) ;
#3534 = DIRECTION ( 'NONE',  ( -0.0000000000000000000, 1.000000000000000000, -0.0000000000000000000 ) ) ;
#3535 = VECTOR ( 'NONE', #3534, 1000.000000000000000 ) ;
#3536 = CARTESIAN_POINT ( 'NONE',  ( -0.6999999999999886300, 0.2999999999999971600, 0.5250000000000000200 ) ) ;
#3537 = LINE ( 'NONE', #3536, #3535 ) ;
#3538 = DIRECTION ( 'NONE',  ( -1.000000000000000000, -0.0000000000000000000, -0.0000000000000000000 ) ) ;
#3539 = VECTOR ( 'NONE', #3538, 1000.000000000000000 ) ;
#3540 = LINE ( 'NONE', #3481, #3539 ) ;
#3541 = DIRECTION ( 'NONE',  ( -0.0000000000000000000, 1.000000000000000000, -0.0000000000000000000 ) ) ;
#3542 = VECTOR ( 'NONE', #3541, 1000.000000000000000 ) ;
#3543 = CARTESIAN_POINT ( 'NONE',  ( -0.6999999999999316800, 4.262475788996411600E-014, 0.5250000000000000200 ) ) ;
#3544 = DIRECTION ( 'NONE',  ( 0.0000000000000000000, 1.000000000000000000, 0.0000000000000000000 ) ) ;
#3545 = DIRECTION ( 'NONE',  ( 0.0000000000000000000, -1.000000000000000000, 0.0000000000000000000 ) ) ;
#3546 = VECTOR ( 'NONE', #3545, 1000.000000000000000 ) ;
#3547 = DIRECTION ( 'NONE',  ( 0.0000000000000000000, 0.0000000000000000000, 1.000000000000000000 ) ) ;
#3548 = DIRECTION ( 'NONE',  ( -1.000000000000000000, 0.0000000000000000000, 0.0000000000000000000 ) ) ;
#3549 = LINE ( 'NONE', #3543, #3542 ) ;
#3550 = PLANE ( 'NONE',  #3555 ) ;
#3551 = CARTESIAN_POINT ( 'NONE',  ( -0.3501042119171723400, -0.09638834288371708700, -0.02000000000000000000 ) ) ;
#3552 = LINE ( 'NONE', #3551, #3546 ) ;
#3553 = DIRECTION ( 'NONE',  ( 0.0000000000000000000, 0.0000000000000000000, 1.000000000000000000 ) ) ;
#3554 = DIRECTION ( 'NONE',  ( -1.000000000000000000, 0.0000000000000000000, 0.0000000000000000000 ) ) ;
#3555 = AXIS2_PLACEMENT_3D ( 'NONE', #3563, #3544, #3559 ) ;
#3556 = CARTESIAN_POINT ( 'NONE',  ( -0.6999999999999316800, 4.262475788996411600E-014, 0.5250000000000000200 ) ) ;
#3557 = AXIS2_PLACEMENT_3D ( 'NONE', #3556, #3548, #3547 ) ;
#3558 = AXIS2_PLACEMENT_3D ( 'NONE', #3569, #3554, #3553 ) ;
#3559 = DIRECTION ( 'NONE',  ( 0.0000000000000000000, -0.0000000000000000000, 1.000000000000000000 ) ) ;
#3560 = DIRECTION ( 'NONE',  ( -0.0000000000000000000, 1.000000000000000000, -0.0000000000000000000 ) ) ;
#3561 = VECTOR ( 'NONE', #3560, 1000.000000000000000 ) ;
#3562 = LINE ( 'NONE', #3510, #3561 ) ;
#3563 = CARTESIAN_POINT ( 'NONE',  ( -0.3501042119171723400, -0.3000000000000148700, -0.02000000000000000000 ) ) ;
#3564 = CARTESIAN_POINT ( 'NONE',  ( -0.5999999999999089400, 0.1000000000000227400, 0.5250000000000000200 ) ) ;
#3565 = DIRECTION ( 'NONE',  ( 1.000000000000000000, 1.224646799147318900E-016, -0.0000000000000000000 ) ) ;
#3566 = VECTOR ( 'NONE', #3565, 1000.000000000000000 ) ;
#3567 = CARTESIAN_POINT ( 'NONE',  ( -0.5999999999999089400, 4.263700435795559300E-014, 0.5250000000000000200 ) ) ;
#3568 = LINE ( 'NONE', #3567, #3566 ) ;
#3569 = CARTESIAN_POINT ( 'NONE',  ( -0.5999999999999089400, 0.1000000000000227400, 0.5250000000000000200 ) ) ;
#3570 = FACE_OUTER_BOUND ( 'NONE', #1087, .T. ) ;
#3571 = DIRECTION ( 'NONE',  ( -1.000000000000000000, -1.224646799147318900E-016, 0.0000000000000000000 ) ) ;
#3572 = DIRECTION ( 'NONE',  ( -1.224646799147318900E-016, 1.000000000000000000, 0.0000000000000000000 ) ) ;
#3573 = CARTESIAN_POINT ( 'NONE',  ( -0.5999999999999089400, 4.263700435795559300E-014, 0.5250000000000000200 ) ) ;
#3574 = AXIS2_PLACEMENT_3D ( 'NONE', #3573, #3572, #3571 ) ;
#3575 = LINE ( 'NONE', #3634, #3633 ) ;
#3576 = CARTESIAN_POINT ( 'NONE',  ( 0.6999999999999886300, 2.842170943040400700E-014, 0.5100000000000000100 ) ) ;
#3577 = DIRECTION ( 'NONE',  ( -1.000000000000000000, 0.0000000000000000000, -0.0000000000000000000 ) ) ;
#3578 = AXIS2_PLACEMENT_3D ( 'NONE', #3619, #3618, #3617 ) ;
#3579 = PLANE ( 'NONE',  #3578 ) ;
#3580 = DIRECTION ( 'NONE',  ( -1.000000000000000000, 0.0000000000000000000, -0.0000000000000000000 ) ) ;
#3581 = DIRECTION ( 'NONE',  ( 0.0000000000000000000, 0.0000000000000000000, -1.000000000000000000 ) ) ;
#3582 = AXIS2_PLACEMENT_3D ( 'NONE', #3600, #3599, #3577 ) ;
#3583 = CARTESIAN_POINT ( 'NONE',  ( 0.6999999999999886300, -0.2999999999999829500, 0.5250000000000000200 ) ) ;
#3584 = PLANE ( 'NONE',  #3589 ) ;
#3585 = DIRECTION ( 'NONE',  ( -0.0000000000000000000, -0.0000000000000000000, -1.000000000000000000 ) ) ;
#3586 = VECTOR ( 'NONE', #3585, 1000.000000000000000 ) ;
#3587 = LINE ( 'NONE', #3597, #3586 ) ;
#3588 = FACE_OUTER_BOUND ( 'NONE', #1199, .T. ) ;
#3589 = AXIS2_PLACEMENT_3D ( 'NONE', #3601, #3581, #3580 ) ;
#3590 = DIRECTION ( 'NONE',  ( 0.0000000000000000000, -0.0000000000000000000, -1.000000000000000000 ) ) ;
#3591 = DIRECTION ( 'NONE',  ( 0.0000000000000000000, -1.000000000000000000, 0.0000000000000000000 ) ) ;
#3592 = CARTESIAN_POINT ( 'NONE',  ( 0.6999999999999886300, 0.3000000000000113700, 0.5250000000000000200 ) ) ;
#3593 = AXIS2_PLACEMENT_3D ( 'NONE', #3592, #3591, #3590 ) ;
#3594 = PLANE ( 'NONE',  #3593 ) ;
#3595 = CARTESIAN_POINT ( 'NONE',  ( 0.6999999999999886300, 0.3000000000000113700, 0.5100000000000000100 ) ) ;
#3596 = FACE_OUTER_BOUND ( 'NONE', #1179, .T. ) ;
#3597 = CARTESIAN_POINT ( 'NONE',  ( 0.6999999999999886300, 0.3000000000000113700, 0.5250000000000000200 ) ) ;
#3598 = FACE_OUTER_BOUND ( 'NONE', #1122, .T. ) ;
#3599 = DIRECTION ( 'NONE',  ( 0.0000000000000000000, 0.0000000000000000000, -1.000000000000000000 ) ) ;
#3600 = CARTESIAN_POINT ( 'NONE',  ( -0.6999999999999886300, 0.2999999999999971600, 0.5250000000000000200 ) ) ;
#3601 = CARTESIAN_POINT ( 'NONE',  ( -0.6999999999999886300, 0.2999999999999971600, 0.5100000000000000100 ) ) ;
#3602 = FACE_OUTER_BOUND ( 'NONE', #1183, .T. ) ;
#3603 = PLANE ( 'NONE',  #3582 ) ;
#3604 = PLANE ( 'NONE',  #3621 ) ;
#3605 = DIRECTION ( 'NONE',  ( 0.0000000000000000000, -1.000000000000000000, 0.0000000000000000000 ) ) ;
#3606 = VECTOR ( 'NONE', #3605, 1000.000000000000000 ) ;
#3607 = LINE ( 'NONE', #3609, #3606 ) ;
#3608 = CARTESIAN_POINT ( 'NONE',  ( 0.6999999999999886300, 0.3000000000000113700, 0.5250000000000000200 ) ) ;
#3609 = CARTESIAN_POINT ( 'NONE',  ( 0.6999999999999886300, 0.3000000000000113700, 0.5250000000000000200 ) ) ;
#3610 = FACE_OUTER_BOUND ( 'NONE', #1203, .T. ) ;
#3611 = DIRECTION ( 'NONE',  ( 0.0000000000000000000, -1.000000000000000000, 0.0000000000000000000 ) ) ;
#3612 = VECTOR ( 'NONE', #3611, 1000.000000000000000 ) ;
#3613 = LINE ( 'NONE', #3625, #3612 ) ;
#3614 = CARTESIAN_POINT ( 'NONE',  ( 0.6999999999999886300, 0.1000000000000369500, 0.5250000000000000200 ) ) ;
#3615 = VECTOR ( 'NONE', #3624, 1000.000000000000000 ) ;
#3616 = LINE ( 'NONE', #3620, #3615 ) ;
#3617 = DIRECTION ( 'NONE',  ( -0.0000000000000000000, 0.0000000000000000000, -1.000000000000000000 ) ) ;
#3618 = DIRECTION ( 'NONE',  ( 1.000000000000000000, 0.0000000000000000000, -0.0000000000000000000 ) ) ;
#3619 = CARTESIAN_POINT ( 'NONE',  ( 0.6999999999999886300, 0.3000000000000113700, 0.5250000000000000200 ) ) ;
#3620 = CARTESIAN_POINT ( 'NONE',  ( 0.6999999999999886300, 0.1000000000000369500, 0.5250000000000000200 ) ) ;
#3621 = AXIS2_PLACEMENT_3D ( 'NONE', #3663, #3662, #3661 ) ;
#3622 = FACE_OUTER_BOUND ( 'NONE', #1215, .T. ) ;
#3623 = CARTESIAN_POINT ( 'NONE',  ( 0.6999999999999886300, 0.1000000000000369500, 0.5100000000000000100 ) ) ;
#3624 = DIRECTION ( 'NONE',  ( -0.0000000000000000000, -0.0000000000000000000, -1.000000000000000000 ) ) ;
#3625 = CARTESIAN_POINT ( 'NONE',  ( 0.6999999999999886300, 0.3000000000000113700, 0.5100000000000000100 ) ) ;
#3626 = DIRECTION ( 'NONE',  ( -0.0000000000000000000, 1.000000000000000000, -0.0000000000000000000 ) ) ;
#3627 = VECTOR ( 'NONE', #3626, 1000.000000000000000 ) ;
#3628 = CARTESIAN_POINT ( 'NONE',  ( -0.6999999999999886300, 0.2999999999999971600, 0.5100000000000000100 ) ) ;
#3629 = LINE ( 'NONE', #3628, #3627 ) ;
#3630 = AXIS2_PLACEMENT_3D ( 'NONE', #3666, #3665, #3658 ) ;
#3631 = CARTESIAN_POINT ( 'NONE',  ( -0.6999999999999886300, 0.1000000000000227400, 0.5250000000000000200 ) ) ;
#3632 = DIRECTION ( 'NONE',  ( -0.0000000000000000000, -0.0000000000000000000, -1.000000000000000000 ) ) ;
#3633 = VECTOR ( 'NONE', #3632, 1000.000000000000000 ) ;
#3634 = CARTESIAN_POINT ( 'NONE',  ( -0.6999999999999886300, 0.1000000000000227400, 0.5250000000000000200 ) ) ;
#3635 = VECTOR ( 'NONE', #3678, 1000.000000000000000 ) ;
#3636 = CARTESIAN_POINT ( 'NONE',  ( 0.8000000000000113700, -0.2999999999999829500, 0.5250000000000000200 ) ) ;
#3637 = DIRECTION ( 'NONE',  ( -0.0000000000000000000, -0.0000000000000000000, -1.000000000000000000 ) ) ;
#3638 = VECTOR ( 'NONE', #3637, 1000.000000000000000 ) ;
#3639 = AXIS2_PLACEMENT_3D ( 'NONE', #3651, #3696, #3695 ) ;
#3640 = DIRECTION ( 'NONE',  ( -1.000000000000000000, -0.0000000000000000000, -0.0000000000000000000 ) ) ;
#3641 = VECTOR ( 'NONE', #3640, 1000.000000000000000 ) ;
#3642 = CARTESIAN_POINT ( 'NONE',  ( 0.6999999999999886300, 0.3000000000000113700, 0.5100000000000000100 ) ) ;
#3643 = CARTESIAN_POINT ( 'NONE',  ( 0.8000000000000113700, -0.2999999999999829500, 0.5250000000000000200 ) ) ;
#3644 = PLANE ( 'NONE',  #3639 ) ;
#3645 = LINE ( 'NONE', #3642, #3641 ) ;
#3646 = LINE ( 'NONE', #3643, #3638 ) ;
#3647 = DIRECTION ( 'NONE',  ( -0.0000000000000000000, -0.0000000000000000000, -1.000000000000000000 ) ) ;
#3648 = VECTOR ( 'NONE', #3647, 1000.000000000000000 ) ;
#3649 = CARTESIAN_POINT ( 'NONE',  ( 0.8000000000000113700, 0.3000000000000113700, 0.5250000000000000200 ) ) ;
#3650 = LINE ( 'NONE', #3649, #3648 ) ;
#3651 = CARTESIAN_POINT ( 'NONE',  ( 0.5999999999999658900, 2.842170943040400700E-014, 0.5250000000000000200 ) ) ;
#3652 = DIRECTION ( 'NONE',  ( -1.000000000000000000, -0.0000000000000000000, -0.0000000000000000000 ) ) ;
#3653 = VECTOR ( 'NONE', #3652, 1000.000000000000000 ) ;
#3654 = CARTESIAN_POINT ( 'NONE',  ( 0.6999999999999886300, 0.3000000000000113700, 0.5250000000000000200 ) ) ;
#3655 = LINE ( 'NONE', #3654, #3653 ) ;
#3656 = LINE ( 'NONE', #3680, #3635 ) ;
#3657 = CARTESIAN_POINT ( 'NONE',  ( 0.8000000000000113700, 0.3000000000000113700, 0.5100000000000000100 ) ) ;
#3658 = DIRECTION ( 'NONE',  ( 0.0000000000000000000, -0.0000000000000000000, -1.000000000000000000 ) ) ;
#3659 = CARTESIAN_POINT ( 'NONE',  ( 0.8000000000000113700, 0.3000000000000113700, 0.5250000000000000200 ) ) ;
#3660 = FACE_OUTER_BOUND ( 'NONE', #1247, .T. ) ;
#3661 = DIRECTION ( 'NONE',  ( -1.000000000000000000, 0.0000000000000000000, -0.0000000000000000000 ) ) ;
#3662 = DIRECTION ( 'NONE',  ( 0.0000000000000000000, 0.0000000000000000000, -1.000000000000000000 ) ) ;
#3663 = CARTESIAN_POINT ( 'NONE',  ( 0.8000000000000113700, 0.3000000000000113700, 0.5100000000000000100 ) ) ;
#3664 = PLANE ( 'NONE',  #3630 ) ;
#3665 = DIRECTION ( 'NONE',  ( 0.0000000000000000000, -1.000000000000000000, 0.0000000000000000000 ) ) ;
#3666 = CARTESIAN_POINT ( 'NONE',  ( 0.6999999999999886300, 0.1000000000000369500, 0.5250000000000000200 ) ) ;
#3667 = VECTOR ( 'NONE', #3727, 1000.000000000000000 ) ;
#3668 = CARTESIAN_POINT ( 'NONE',  ( 0.5999999999999658900, 0.1000000000000369500, 0.5100000000000000100 ) ) ;
#3669 = LINE ( 'NONE', #3668, #3667 ) ;
#3670 = FACE_OUTER_BOUND ( 'NONE', #1246, .T. ) ;
#3671 = LINE ( 'NONE', #3713, #3700 ) ;
#3672 = CARTESIAN_POINT ( 'NONE',  ( 0.5999999999999658900, 2.842170943040400700E-014, 0.5100000000000000100 ) ) ;
#3673 = CARTESIAN_POINT ( 'NONE',  ( 0.5999999999999658900, 0.1000000000000369500, 0.5250000000000000200 ) ) ;
#3674 = DIRECTION ( 'NONE',  ( -0.0000000000000000000, -0.0000000000000000000, -1.000000000000000000 ) ) ;
#3675 = VECTOR ( 'NONE', #3674, 1000.000000000000000 ) ;
#3676 = LINE ( 'NONE', #3683, #3675 ) ;
#3677 = AXIS2_PLACEMENT_3D ( 'NONE', #3690, #3689, #3721 ) ;
#3678 = DIRECTION ( 'NONE',  ( -1.000000000000000000, 0.0000000000000000000, 0.0000000000000000000 ) ) ;
#3679 = PLANE ( 'NONE',  #3677 ) ;
#3680 = CARTESIAN_POINT ( 'NONE',  ( 0.6999999999999886300, 0.1000000000000369500, 0.5250000000000000200 ) ) ;
#3681 = DIRECTION ( 'NONE',  ( 0.0000000000000000000, -1.000000000000000000, 0.0000000000000000000 ) ) ;
#3682 = VECTOR ( 'NONE', #3681, 1000.000000000000000 ) ;
#3683 = CARTESIAN_POINT ( 'NONE',  ( 0.5999999999999658900, 2.842170943040400700E-014, 0.5250000000000000200 ) ) ;
#3684 = LINE ( 'NONE', #3693, #3682 ) ;
#3685 = DIRECTION ( 'NONE',  ( 1.000000000000000000, 0.0000000000000000000, 0.0000000000000000000 ) ) ;
#3686 = VECTOR ( 'NONE', #3685, 1000.000000000000000 ) ;
#3687 = CARTESIAN_POINT ( 'NONE',  ( 0.5999999999999658900, 2.842170943040400700E-014, 0.5250000000000000200 ) ) ;
#3688 = LINE ( 'NONE', #3687, #3686 ) ;
#3689 = DIRECTION ( 'NONE',  ( 1.000000000000000000, 0.0000000000000000000, -0.0000000000000000000 ) ) ;
#3690 = CARTESIAN_POINT ( 'NONE',  ( 0.5999999999999658900, 0.1000000000000369500, 0.5250000000000000200 ) ) ;
#3691 = DIRECTION ( 'NONE',  ( -0.0000000000000000000, -0.0000000000000000000, -1.000000000000000000 ) ) ;
#3692 = VECTOR ( 'NONE', #3691, 1000.000000000000000 ) ;
#3693 = CARTESIAN_POINT ( 'NONE',  ( 0.6999999999999886300, 2.842170943040400700E-014, 0.5100000000000000100 ) ) ;
#3694 = CARTESIAN_POINT ( 'NONE',  ( 0.5999999999999658900, 2.842170943040400700E-014, 0.5250000000000000200 ) ) ;
#3695 = DIRECTION ( 'NONE',  ( 0.0000000000000000000, -0.0000000000000000000, 1.000000000000000000 ) ) ;
#3696 = DIRECTION ( 'NONE',  ( 0.0000000000000000000, 1.000000000000000000, 0.0000000000000000000 ) ) ;
#3697 = CARTESIAN_POINT ( 'NONE',  ( 0.6999999999999886300, 2.842170943040400700E-014, 0.5250000000000000200 ) ) ;
#3698 = LINE ( 'NONE', #3697, #3692 ) ;
#3699 = DIRECTION ( 'NONE',  ( -0.0000000000000000000, -0.0000000000000000000, -1.000000000000000000 ) ) ;
#3700 = VECTOR ( 'NONE', #3699, 1000.000000000000000 ) ;
#3701 = DIRECTION ( 'NONE',  ( -0.0000000000000000000, 1.000000000000000000, -0.0000000000000000000 ) ) ;
#3702 = VECTOR ( 'NONE', #3701, 1000.000000000000000 ) ;
#3703 = CARTESIAN_POINT ( 'NONE',  ( 0.8000000000000113700, -0.09999999999999431600, 0.5250000000000000200 ) ) ;
#3704 = LINE ( 'NONE', #3703, #3702 ) ;
#3705 = CARTESIAN_POINT ( 'NONE',  ( 1.000000000000056800, -0.09999999999999431600, 0.5250000000000000200 ) ) ;
#3706 = DIRECTION ( 'NONE',  ( -1.000000000000000000, -6.776263578032864400E-017, 0.0000000000000000000 ) ) ;
#3707 = VECTOR ( 'NONE', #3706, 1000.000000000000000 ) ;
#3708 = CARTESIAN_POINT ( 'NONE',  ( 1.000000000000056800, 0.1000000000000227700, 0.5100000000000000100 ) ) ;
#3709 = LINE ( 'NONE', #3708, #3707 ) ;
#3710 = DIRECTION ( 'NONE',  ( 0.0000000000000000000, 1.000000000000000000, 0.0000000000000000000 ) ) ;
#3711 = VECTOR ( 'NONE', #3710, 1000.000000000000000 ) ;
#3712 = CARTESIAN_POINT ( 'NONE',  ( 1.000000000000056800, -0.09999999999999431600, 0.5250000000000000200 ) ) ;
#3713 = CARTESIAN_POINT ( 'NONE',  ( 1.000000000000056800, 0.1000000000000227700, 0.5250000000000000200 ) ) ;
#3714 = DIRECTION ( 'NONE',  ( 0.0000000000000000000, -1.000000000000000000, 0.0000000000000000000 ) ) ;
#3715 = LINE ( 'NONE', #3712, #3711 ) ;
#3716 = CARTESIAN_POINT ( 'NONE',  ( 1.000000000000056800, -0.09999999999999431600, 0.5250000000000000200 ) ) ;
#3717 = CARTESIAN_POINT ( 'NONE',  ( 0.6999999999999886300, 2.842170943040400700E-014, 0.5250000000000000200 ) ) ;
#3718 = DIRECTION ( 'NONE',  ( 1.000000000000000000, 0.0000000000000000000, 0.0000000000000000000 ) ) ;
#3719 = VECTOR ( 'NONE', #3718, 1000.000000000000000 ) ;
#3720 = AXIS2_PLACEMENT_3D ( 'NONE', #3705, #3751, #3748 ) ;
#3721 = DIRECTION ( 'NONE',  ( -0.0000000000000000000, 0.0000000000000000000, -1.000000000000000000 ) ) ;
#3722 = VECTOR ( 'NONE', #3714, 1000.000000000000000 ) ;
#3723 = LINE ( 'NONE', #3673, #3722 ) ;
#3724 = CARTESIAN_POINT ( 'NONE',  ( 0.5999999999999658900, 2.842170943040400700E-014, 0.5100000000000000100 ) ) ;
#3725 = LINE ( 'NONE', #3724, #3719 ) ;
#3726 = AXIS2_PLACEMENT_3D ( 'NONE', #3756, #3755, #3736 ) ;
#3727 = DIRECTION ( 'NONE',  ( 0.0000000000000000000, -1.000000000000000000, 0.0000000000000000000 ) ) ;
#3728 = PLANE ( 'NONE',  #3738 ) ;
#3729 = CARTESIAN_POINT ( 'NONE',  ( 1.000000000000056800, -0.09999999999999431600, 0.5250000000000000200 ) ) ;
#3730 = FACE_OUTER_BOUND ( 'NONE', #1235, .T. ) ;
#3731 = DIRECTION ( 'NONE',  ( 1.000000000000000000, 0.0000000000000000000, 0.0000000000000000000 ) ) ;
#3732 = VECTOR ( 'NONE', #3731, 1000.000000000000000 ) ;
#3733 = CARTESIAN_POINT ( 'NONE',  ( 0.8000000000000113700, -0.09999999999999431600, 0.5250000000000000200 ) ) ;
#3734 = LINE ( 'NONE', #3791, #3790 ) ;
#3735 = CARTESIAN_POINT ( 'NONE',  ( 0.6999999999999886300, -0.2999999999999829500, 0.5100000000000000100 ) ) ;
#3736 = DIRECTION ( 'NONE',  ( 0.0000000000000000000, -0.0000000000000000000, 1.000000000000000000 ) ) ;
#3737 = LINE ( 'NONE', #3746, #3732 ) ;
#3738 = AXIS2_PLACEMENT_3D ( 'NONE', #3740, #3782, #3781 ) ;
#3739 = CARTESIAN_POINT ( 'NONE',  ( 0.8000000000000113700, -0.09999999999999431600, 0.5100000000000000100 ) ) ;
#3740 = CARTESIAN_POINT ( 'NONE',  ( 0.8000000000000113700, -0.09999999999999431600, 0.5250000000000000200 ) ) ;
#3741 = LINE ( 'NONE', #3777, #3776 ) ;
#3742 = PLANE ( 'NONE',  #3726 ) ;
#3743 = DIRECTION ( 'NONE',  ( 1.000000000000000000, -0.0000000000000000000, -0.0000000000000000000 ) ) ;
#3744 = VECTOR ( 'NONE', #3743, 1000.000000000000000 ) ;
#3745 = CARTESIAN_POINT ( 'NONE',  ( 1.000000000000056800, -0.09999999999999431600, 0.5100000000000000100 ) ) ;
#3746 = CARTESIAN_POINT ( 'NONE',  ( 0.6999999999999886300, -0.2999999999999829500, 0.5250000000000000200 ) ) ;
#3747 = CARTESIAN_POINT ( 'NONE',  ( 0.8000000000000113700, -0.2999999999999829500, 0.5100000000000000100 ) ) ;
#3748 = DIRECTION ( 'NONE',  ( 0.0000000000000000000, 0.0000000000000000000, 1.000000000000000000 ) ) ;
#3749 = LINE ( 'NONE', #3745, #3744 ) ;
#3750 = CARTESIAN_POINT ( 'NONE',  ( 1.000000000000056800, -0.09999999999999431600, 0.5100000000000000100 ) ) ;
#3751 = DIRECTION ( 'NONE',  ( 0.0000000000000000000, 1.000000000000000000, -0.0000000000000000000 ) ) ;
#3752 = PLANE ( 'NONE',  #3720 ) ;
#3753 = DIRECTION ( 'NONE',  ( -0.0000000000000000000, -0.0000000000000000000, -1.000000000000000000 ) ) ;
#3754 = VECTOR ( 'NONE', #3753, 1000.000000000000000 ) ;
#3755 = DIRECTION ( 'NONE',  ( 0.0000000000000000000, 1.000000000000000000, 0.0000000000000000000 ) ) ;
#3756 = CARTESIAN_POINT ( 'NONE',  ( 0.6999999999999886300, -0.2999999999999829500, 0.5250000000000000200 ) ) ;
#3757 = LINE ( 'NONE', #3716, #3754 ) ;
#3758 = FACE_OUTER_BOUND ( 'NONE', #1274, .T. ) ;
#3759 = DIRECTION ( 'NONE',  ( -0.0000000000000000000, 1.000000000000000000, -0.0000000000000000000 ) ) ;
#3760 = FACE_OUTER_BOUND ( 'NONE', #1280, .T. ) ;
#3761 = DIRECTION ( 'NONE',  ( 1.000000000000000000, 0.0000000000000000000, 0.0000000000000000000 ) ) ;
#3762 = VECTOR ( 'NONE', #3761, 1000.000000000000000 ) ;
#3763 = LINE ( 'NONE', #3735, #3762 ) ;
#3764 = VECTOR ( 'NONE', #3819, 1000.000000000000000 ) ;
#3765 = CARTESIAN_POINT ( 'NONE',  ( 0.7000000000000113900, 0.2999999999999999900, 0.6099999999999994300 ) ) ;
#3766 = CARTESIAN_POINT ( 'NONE',  ( -0.6999999999999317900, 0.2999999999999999900, 0.9300000000000069300 ) ) ;
#3767 = DIRECTION ( 'NONE',  ( 0.0000000000000000000, -1.000000000000000000, 0.0000000000000000000 ) ) ;
#3768 = VECTOR ( 'NONE', #3767, 1000.000000000000000 ) ;
#3769 = CARTESIAN_POINT ( 'NONE',  ( 0.6999999999999886300, 2.842170943040400700E-014, 0.5250000000000000200 ) ) ;
#3770 = DIRECTION ( 'NONE',  ( -0.0000000000000000000, 0.0000000000000000000, -1.000000000000000000 ) ) ;
#3771 = DIRECTION ( 'NONE',  ( 1.000000000000000000, 0.0000000000000000000, -0.0000000000000000000 ) ) ;
#3772 = LINE ( 'NONE', #3769, #3768 ) ;
#3773 = FACE_OUTER_BOUND ( 'NONE', #1321, .T. ) ;
#3774 = PLANE ( 'NONE',  #3783 ) ;
#3775 = DIRECTION ( 'NONE',  ( -0.0000000000000000000, -0.0000000000000000000, -1.000000000000000000 ) ) ;
#3776 = VECTOR ( 'NONE', #3775, 1000.000000000000000 ) ;
#3777 = CARTESIAN_POINT ( 'NONE',  ( 0.6999999999999886300, -0.2999999999999829500, 0.5250000000000000200 ) ) ;
#3778 = CARTESIAN_POINT ( 'NONE',  ( -0.4501042119171950700, -0.1999999999999921600, -0.02000000000000000000 ) ) ;
#3779 = CARTESIAN_POINT ( 'NONE',  ( 0.6999999999999886300, -0.2999999999999829500, 0.5100000000000000100 ) ) ;
#3780 = CARTESIAN_POINT ( 'NONE',  ( 0.8000000000000113700, 0.3000000000000113700, 0.5250000000000000200 ) ) ;
#3781 = DIRECTION ( 'NONE',  ( 0.0000000000000000000, 0.0000000000000000000, 1.000000000000000000 ) ) ;
#3782 = DIRECTION ( 'NONE',  ( -1.000000000000000000, 0.0000000000000000000, 0.0000000000000000000 ) ) ;
#3783 = AXIS2_PLACEMENT_3D ( 'NONE', #3785, #3771, #3770 ) ;
#3784 = FACE_OUTER_BOUND ( 'NONE', #1228, .T. ) ;
#3785 = CARTESIAN_POINT ( 'NONE',  ( 0.6999999999999886300, 2.842170943040400700E-014, 0.5250000000000000200 ) ) ;
#3786 = CARTESIAN_POINT ( 'NONE',  ( 0.8000000000000113700, -0.09999999999999431600, 0.5100000000000000100 ) ) ;
#3787 = VECTOR ( 'NONE', #3759, 1000.000000000000000 ) ;
#3788 = LINE ( 'NONE', #3739, #3787 ) ;
#3789 = DIRECTION ( 'NONE',  ( -0.0000000000000000000, -0.0000000000000000000, -1.000000000000000000 ) ) ;
#3790 = VECTOR ( 'NONE', #3789, 1000.000000000000000 ) ;
#3791 = CARTESIAN_POINT ( 'NONE',  ( 0.8000000000000113700, -0.09999999999999431600, 0.5250000000000000200 ) ) ;
#3792 = CARTESIAN_POINT ( 'NONE',  ( 0.5999999999999658900, 0.1000000000000369500, 0.5250000000000000200 ) ) ;
#3793 = DIRECTION ( 'NONE',  ( 0.0000000000000000000, 0.0000000000000000000, -1.000000000000000000 ) ) ;
#3794 = DIRECTION ( 'NONE',  ( 1.000000000000000000, 0.0000000000000000000, 0.0000000000000000000 ) ) ;
#3795 = DIRECTION ( 'NONE',  ( -1.000000000000000000, 0.0000000000000000000, -0.0000000000000000000 ) ) ;
#3796 = LINE ( 'NONE', #3803, #3802 ) ;
#3797 = AXIS2_PLACEMENT_3D ( 'NONE', #3778, #3794, #3793 ) ;
#3798 = DIRECTION ( 'NONE',  ( 0.0000000000000000000, 0.0000000000000000000, 1.000000000000000000 ) ) ;
#3799 = DIRECTION ( 'NONE',  ( -1.000000000000000000, 0.0000000000000000000, 0.0000000000000000000 ) ) ;
#3800 = PLANE ( 'NONE',  #3821 ) ;
#3801 = DIRECTION ( 'NONE',  ( -0.0000000000000000000, -0.0000000000000000000, -1.000000000000000000 ) ) ;
#3802 = VECTOR ( 'NONE', #3801, 1000.000000000000000 ) ;
#3803 = CARTESIAN_POINT ( 'NONE',  ( 0.8000000000000113700, 0.1000000000000227500, 0.5250000000000000200 ) ) ;
#3804 = CARTESIAN_POINT ( 'NONE',  ( 0.8000000000000113700, 0.3000000000000113700, 0.5250000000000000200 ) ) ;
#3805 = DIRECTION ( 'NONE',  ( 0.0000000000000000000, 0.0000000000000000000, -1.000000000000000000 ) ) ;
#3806 = AXIS2_PLACEMENT_3D ( 'NONE', #3780, #3799, #3798 ) ;
#3807 = DIRECTION ( 'NONE',  ( 0.0000000000000000000, 0.0000000000000000000, 1.000000000000000000 ) ) ;
#3808 = DIRECTION ( 'NONE',  ( 0.0000000000000000000, 1.000000000000000000, 0.0000000000000000000 ) ) ;
#3809 = CARTESIAN_POINT ( 'NONE',  ( -0.5999999999999317000, 0.2999999999999999900, 0.9300000000000070400 ) ) ;
#3810 = AXIS2_PLACEMENT_3D ( 'NONE', #3809, #3808, #3807 ) ;
#3811 = PLANE ( 'NONE',  #3797 ) ;
#3812 = LINE ( 'NONE', #3792, #2328 ) ;
#3813 = FACE_OUTER_BOUND ( 'NONE', #120, .T. ) ;
#3814 = CIRCLE ( 'NONE', #3810, 0.1000000000000000500 ) ;
#3815 = CARTESIAN_POINT ( 'NONE',  ( -0.5999999999999090500, -0.2999999999999999900, 1.030000000000007100 ) ) ;
#3816 = DIRECTION ( 'NONE',  ( 0.0000000000000000000, 1.000000000000000000, 0.0000000000000000000 ) ) ;
#3817 = VECTOR ( 'NONE', #3816, 1000.000000000000000 ) ;
#3818 = CARTESIAN_POINT ( 'NONE',  ( -0.5999999999999090500, -0.2999999999999999900, 1.030000000000007100 ) ) ;
#3819 = DIRECTION ( 'NONE',  ( 1.423015351387197800E-013, -0.0000000000000000000, -1.000000000000000000 ) ) ;
#3820 = PLANE ( 'NONE',  #3806 ) ;
#3821 = AXIS2_PLACEMENT_3D ( 'NONE', #3804, #3805, #3795 ) ;
#3822 = LINE ( 'NONE', #3818, #3817 ) ;
#3823 = LINE ( 'NONE', #3765, #3764 ) ;
#3824 = CARTESIAN_POINT ( 'NONE',  ( 0.8000000000000113700, 0.2999999999999999900, 0.5100000000000050000 ) ) ;
#3825 = VECTOR ( 'NONE', #3884, 1000.000000000000000 ) ;
#3826 = CARTESIAN_POINT ( 'NONE',  ( -0.8000000000000113700, 0.2999999999999999900, 0.5099999999999994500 ) ) ;
#3827 = LINE ( 'NONE', #3826, #3825 ) ;
#3828 = DIRECTION ( 'NONE',  ( 1.000000000000000000, -0.0000000000000000000, -0.0000000000000000000 ) ) ;
#3829 = VECTOR ( 'NONE', #3828, 1000.000000000000000 ) ;
#3830 = CARTESIAN_POINT ( 'NONE',  ( 1.000000000000056800, -0.09999999999999431600, 0.5250000000000000200 ) ) ;
#3831 = LINE ( 'NONE', #3830, #3829 ) ;
#3832 = CARTESIAN_POINT ( 'NONE',  ( -0.8000000000000113700, -0.2999999999999999900, 0.5099999999999994500 ) ) ;
#3833 = DIRECTION ( 'NONE',  ( -0.0000000000000000000, 1.000000000000000000, -0.0000000000000000000 ) ) ;
#3834 = VECTOR ( 'NONE', #3833, 1000.000000000000000 ) ;
#3835 = CARTESIAN_POINT ( 'NONE',  ( 0.8000000000000113700, 0.3000000000000113700, 0.5100000000000000100 ) ) ;
#3836 = CARTESIAN_POINT ( 'NONE',  ( -0.5999999999999090500, 0.2999999999999999900, 1.030000000000007100 ) ) ;
#3837 = LINE ( 'NONE', #3835, #3834 ) ;
#3838 = FACE_OUTER_BOUND ( 'NONE', #1341, .T. ) ;
#3839 = DIRECTION ( 'NONE',  ( -1.000000000000000000, -6.776263578032864400E-017, 0.0000000000000000000 ) ) ;
#3840 = VECTOR ( 'NONE', #3839, 1000.000000000000000 ) ;
#3841 = CARTESIAN_POINT ( 'NONE',  ( 1.000000000000056800, 0.1000000000000227700, 0.5250000000000000200 ) ) ;
#3842 = LINE ( 'NONE', #3841, #3840 ) ;
#3843 = DIRECTION ( 'NONE',  ( 1.000000000000000000, 6.776263578032864400E-017, 0.0000000000000000000 ) ) ;
#3844 = DIRECTION ( 'NONE',  ( 6.776263578032864400E-017, -1.000000000000000000, 0.0000000000000000000 ) ) ;
#3845 = CARTESIAN_POINT ( 'NONE',  ( 1.000000000000056800, 0.1000000000000227700, 0.5250000000000000200 ) ) ;
#3846 = AXIS2_PLACEMENT_3D ( 'NONE', #3845, #3844, #3843 ) ;
#3847 = AXIS2_PLACEMENT_3D ( 'NONE', #3883, #3874, #3873 ) ;
#3848 = CARTESIAN_POINT ( 'NONE',  ( 0.8000000000000113700, 0.1000000000000227500, 0.5100000000000000100 ) ) ;
#3849 = PLANE ( 'NONE',  #3846 ) ;
#3850 = FACE_OUTER_BOUND ( 'NONE', #511, .T. ) ;
#3851 = CARTESIAN_POINT ( 'NONE',  ( 0.8000000000000113700, 0.1000000000000227500, 0.5250000000000000200 ) ) ;
#3852 = CARTESIAN_POINT ( 'NONE',  ( -0.6999999999999317900, -0.2999999999999999900, 0.9300000000000069300 ) ) ;
#3853 = CYLINDRICAL_SURFACE ( 'NONE', #3862, 0.1000000000000000500 ) ;
#3854 = DIRECTION ( 'NONE',  ( 0.0000000000000000000, 0.0000000000000000000, 1.000000000000000000 ) ) ;
#3855 = DIRECTION ( 'NONE',  ( -0.0000000000000000000, -1.000000000000000000, -0.0000000000000000000 ) ) ;
#3856 = CARTESIAN_POINT ( 'NONE',  ( -0.5999999999999317000, -0.2999999999999999900, 0.9300000000000070400 ) ) ;
#3857 = DIRECTION ( 'NONE',  ( 0.0000000000000000000, 1.000000000000000000, 0.0000000000000000000 ) ) ;
#3858 = DIRECTION ( 'NONE',  ( 1.423015351387197800E-013, 0.0000000000000000000, -1.000000000000000000 ) ) ;
#3859 = CARTESIAN_POINT ( 'NONE',  ( -0.5999999999999317000, -0.2999999999999999900, 0.9300000000000070400 ) ) ;
#3860 = CARTESIAN_POINT ( 'NONE',  ( -0.7999999999999886100, 0.2999999999999999900, 0.6099999999999994300 ) ) ;
#3861 = CARTESIAN_POINT ( 'NONE',  ( -0.8000000000000113700, 0.2999999999999999900, 0.5099999999999994500 ) ) ;
#3862 = AXIS2_PLACEMENT_3D ( 'NONE', #3859, #3914, #3913 ) ;
#3863 = DIRECTION ( 'NONE',  ( 1.775381057444972100E-013, 0.0000000000000000000, 1.000000000000000000 ) ) ;
#3864 = VECTOR ( 'NONE', #3863, 1000.000000000000000 ) ;
#3865 = CARTESIAN_POINT ( 'NONE',  ( -0.6999999999999886300, -0.2999999999999999900, 0.6099999999999994300 ) ) ;
#3866 = LINE ( 'NONE', #3865, #3864 ) ;
#3867 = DIRECTION ( 'NONE',  ( 0.0000000000000000000, 1.000000000000000000, 0.0000000000000000000 ) ) ;
#3868 = VECTOR ( 'NONE', #3867, 1000.000000000000000 ) ;
#3869 = LINE ( 'NONE', #3879, #3868 ) ;
#3870 = DIRECTION ( 'NONE',  ( 1.775381057444972100E-013, 0.0000000000000000000, 1.000000000000000000 ) ) ;
#3871 = VECTOR ( 'NONE', #3870, 1000.000000000000000 ) ;
#3872 = PLANE ( 'NONE',  #3896 ) ;
#3873 = DIRECTION ( 'NONE',  ( 1.775381057444972100E-013, 0.0000000000000000000, 1.000000000000000000 ) ) ;
#3874 = DIRECTION ( 'NONE',  ( -1.000000000000000000, 0.0000000000000000000, 1.775381057444972100E-013 ) ) ;
#3875 = CARTESIAN_POINT ( 'NONE',  ( -0.6999999999999886300, 0.2999999999999999900, 0.6099999999999994300 ) ) ;
#3876 = LINE ( 'NONE', #3875, #3871 ) ;
#3877 = AXIS2_PLACEMENT_3D ( 'NONE', #3860, #3855, #3854 ) ;
#3878 = PLANE ( 'NONE',  #3847 ) ;
#3879 = CARTESIAN_POINT ( 'NONE',  ( -0.6999999999999886300, -0.2999999999999999900, 0.6099999999999994300 ) ) ;
#3880 = CIRCLE ( 'NONE', #3877, 0.1000000000000000500 ) ;
#3881 = FACE_OUTER_BOUND ( 'NONE', #1356, .T. ) ;
#3882 = EDGE_CURVE ( 'NONE', #1703, #2227, #4540, .T. ) ;
#3883 = CARTESIAN_POINT ( 'NONE',  ( -0.6999999999999886300, -0.2999999999999999900, 0.6099999999999994300 ) ) ;
#3884 = DIRECTION ( 'NONE',  ( -1.000000000000000000, -0.0000000000000000000, -3.523657060577839300E-015 ) ) ;
#3885 = LINE ( 'NONE', #3891, #3890 ) ;
#3886 = DIRECTION ( 'NONE',  ( 0.0000000000000000000, 0.0000000000000000000, 1.000000000000000000 ) ) ;
#3887 = FACE_OUTER_BOUND ( 'NONE', #1390, .T. ) ;
#3888 = CIRCLE ( 'NONE', #3928, 0.1000000000000000500 ) ;
#3889 = DIRECTION ( 'NONE',  ( 0.0000000000000000000, 1.000000000000000000, 0.0000000000000000000 ) ) ;
#3890 = VECTOR ( 'NONE', #3889, 1000.000000000000000 ) ;
#3891 = CARTESIAN_POINT ( 'NONE',  ( 0.6999999999999658700, -0.2999999999999999900, 0.9300000000000054900 ) ) ;
#3892 = DIRECTION ( 'NONE',  ( 0.0000000000000000000, 0.0000000000000000000, 1.000000000000000000 ) ) ;
#3893 = DIRECTION ( 'NONE',  ( -0.0000000000000000000, -1.000000000000000000, -0.0000000000000000000 ) ) ;
#3894 = CARTESIAN_POINT ( 'NONE',  ( 0.8000000000000113700, -0.2999999999999999900, 0.6100000000000050900 ) ) ;
#3895 = FACE_OUTER_BOUND ( 'NONE', #1330, .T. ) ;
#3896 = AXIS2_PLACEMENT_3D ( 'NONE', #3911, #3910, #3858 ) ;
#3897 = AXIS2_PLACEMENT_3D ( 'NONE', #3894, #3893, #3892 ) ;
#3898 = CARTESIAN_POINT ( 'NONE',  ( 0.6999999999999658700, -0.2999999999999999900, 0.9300000000000054900 ) ) ;
#3899 = CARTESIAN_POINT ( 'NONE',  ( -0.8000000000000113700, -0.2999999999999999900, 0.5099999999999994500 ) ) ;
#3900 = DIRECTION ( 'NONE',  ( 0.0000000000000000000, 0.0000000000000000000, 1.000000000000000000 ) ) ;
#3901 = CARTESIAN_POINT ( 'NONE',  ( 0.6999999999999658700, 0.2999999999999999900, 0.9300000000000054900 ) ) ;
#3902 = CIRCLE ( 'NONE', #3897, 0.1000000000000000500 ) ;
#3903 = VERTEX_POINT ( 'NONE', #4508 ) ;
#3904 = CARTESIAN_POINT ( 'NONE',  ( -0.6999999999999886300, 0.2999999999999999900, 0.6099999999999994300 ) ) ;
#3905 = CARTESIAN_POINT ( 'NONE',  ( -0.6999999999999886300, -0.2999999999999999900, 0.6099999999999994300 ) ) ;
#3906 = CIRCLE ( 'NONE', #3912, 0.1000000000000000500 ) ;
#3907 = VECTOR ( 'NONE', #3857, 1000.000000000000000 ) ;
#3908 = LINE ( 'NONE', #3852, #3907 ) ;
#3909 = DIRECTION ( 'NONE',  ( 0.0000000000000000000, 1.000000000000000000, 0.0000000000000000000 ) ) ;
#3910 = DIRECTION ( 'NONE',  ( 1.000000000000000000, -0.0000000000000000000, 1.423015351387197800E-013 ) ) ;
#3911 = CARTESIAN_POINT ( 'NONE',  ( 0.7000000000000113900, -0.2999999999999999900, 0.6099999999999994300 ) ) ;
#3912 = AXIS2_PLACEMENT_3D ( 'NONE', #3856, #3909, #3900 ) ;
#3913 = DIRECTION ( 'NONE',  ( 0.0000000000000000000, 0.0000000000000000000, 1.000000000000000000 ) ) ;
#3914 = DIRECTION ( 'NONE',  ( 0.0000000000000000000, 1.000000000000000000, 0.0000000000000000000 ) ) ;
#3915 = CARTESIAN_POINT ( 'NONE',  ( -0.6999999999999317900, -0.2999999999999999900, 0.9300000000000069300 ) ) ;
#3916 = AXIS2_PLACEMENT_3D ( 'NONE', #3972, #3965, #3964 ) ;
#3917 = DIRECTION ( 'NONE',  ( 0.0000000000000000000, 0.0000000000000000000, 1.000000000000000000 ) ) ;
#3918 = DIRECTION ( 'NONE',  ( 0.0000000000000000000, 1.000000000000000000, 0.0000000000000000000 ) ) ;
#3919 = LINE ( 'NONE', #3976, #3975 ) ;
#3920 = FACE_OUTER_BOUND ( 'NONE', #1324, .T. ) ;
#3921 = CARTESIAN_POINT ( 'NONE',  ( -0.7999999999999886100, -0.2999999999999999900, 0.6099999999999994300 ) ) ;
#3922 = DIRECTION ( 'NONE',  ( 0.0000000000000000000, 1.000000000000000000, 0.0000000000000000000 ) ) ;
#3923 = VECTOR ( 'NONE', #3922, 1000.000000000000000 ) ;
#3924 = CARTESIAN_POINT ( 'NONE',  ( 0.7000000000000113900, -0.2999999999999999900, 0.6099999999999994300 ) ) ;
#3925 = CARTESIAN_POINT ( 'NONE',  ( 0.7000000000000113900, -0.2999999999999999900, 0.6099999999999994300 ) ) ;
#3926 = AXIS2_PLACEMENT_3D ( 'NONE', #3971, #3970, #3969 ) ;
#3927 = DIRECTION ( 'NONE',  ( 0.0000000000000000000, 0.0000000000000000000, 1.000000000000000000 ) ) ;
#3928 = AXIS2_PLACEMENT_3D ( 'NONE', #3932, #3933, #3927 ) ;
#3929 = LINE ( 'NONE', #3924, #3923 ) ;
#3930 = PLANE ( 'NONE',  #3916 ) ;
#3931 = FACE_OUTER_BOUND ( 'NONE', #1293, .T. ) ;
#3932 = CARTESIAN_POINT ( 'NONE',  ( 0.8000000000000113700, 0.2999999999999999900, 0.6100000000000050900 ) ) ;
#3933 = DIRECTION ( 'NONE',  ( -0.0000000000000000000, -1.000000000000000000, -0.0000000000000000000 ) ) ;
#3934 = CYLINDRICAL_SURFACE ( 'NONE', #3942, 0.1000000000000000500 ) ;
#3935 = DIRECTION ( 'NONE',  ( 0.0000000000000000000, 1.000000000000000000, 0.0000000000000000000 ) ) ;
#3936 = CARTESIAN_POINT ( 'NONE',  ( 0.8000000000000113700, -0.2999999999999999900, 0.6100000000000050900 ) ) ;
#3937 = DIRECTION ( 'NONE',  ( -1.000000000000000000, -0.0000000000000000000, -3.523657060577839300E-015 ) ) ;
#3938 = VECTOR ( 'NONE', #3937, 1000.000000000000000 ) ;
#3939 = CARTESIAN_POINT ( 'NONE',  ( 0.7000000000000113900, 0.2999999999999999900, 0.6099999999999994300 ) ) ;
#3940 = AXIS2_PLACEMENT_3D ( 'NONE', #3936, #3935, #3886 ) ;
#3941 = LINE ( 'NONE', #3899, #3938 ) ;
#3942 = AXIS2_PLACEMENT_3D ( 'NONE', #3921, #3918, #3917 ) ;
#3943 = DIRECTION ( 'NONE',  ( 0.0000000000000000000, 1.000000000000000000, 0.0000000000000000000 ) ) ;
#3944 = VECTOR ( 'NONE', #3943, 1000.000000000000000 ) ;
#3945 = CARTESIAN_POINT ( 'NONE',  ( 0.8000000000000113700, -0.2999999999999999900, 0.5100000000000050000 ) ) ;
#3946 = LINE ( 'NONE', #3945, #3944 ) ;
#3947 = CYLINDRICAL_SURFACE ( 'NONE', #3940, 0.1000000000000000500 ) ;
#3948 = CARTESIAN_POINT ( 'NONE',  ( 0.8000000000000113700, -0.2999999999999999900, 0.5100000000000050000 ) ) ;
#3949 = CARTESIAN_POINT ( 'NONE',  ( -0.5999999999999090500, -0.2999999999999999900, 1.030000000000007100 ) ) ;
#3950 = DIRECTION ( 'NONE',  ( 1.000000000000000000, 0.0000000000000000000, -4.878909776185278000E-015 ) ) ;
#3951 = CARTESIAN_POINT ( 'NONE',  ( -0.5999999999999317000, -0.2999999999999999900, 0.9300000000000070400 ) ) ;
#3952 = DIRECTION ( 'NONE',  ( 1.000000000000000000, -0.0000000000000000000, -0.0000000000000000000 ) ) ;
#3953 = VECTOR ( 'NONE', #3952, 1000.000000000000000 ) ;
#3954 = CARTESIAN_POINT ( 'NONE',  ( 0.05000000000001137600, 0.3000000000000113700, 0.0000000000000000000 ) ) ;
#3955 = LINE ( 'NONE', #3954, #3953 ) ;
#3956 = CIRCLE ( 'NONE', #4004, 0.1000000000000000500 ) ;
#3957 = DIRECTION ( 'NONE',  ( -0.0000000000000000000, -0.0000000000000000000, 1.000000000000000000 ) ) ;
#3958 = VECTOR ( 'NONE', #3957, 1000.000000000000000 ) ;
#3959 = CARTESIAN_POINT ( 'NONE',  ( 0.05000000000001137600, 0.3000000000000113700, -0.02000000000000000000 ) ) ;
#3960 = CARTESIAN_POINT ( 'NONE',  ( -0.5999999999999090500, -0.2999999999999999900, 1.030000000000007100 ) ) ;
#3961 = FACE_OUTER_BOUND ( 'NONE', #811, .T. ) ;
#3962 = LINE ( 'NONE', #3959, #3958 ) ;
#3963 = PLANE ( 'NONE',  #3966 ) ;
#3964 = DIRECTION ( 'NONE',  ( -1.000000000000000000, 0.0000000000000000000, -3.523657060577838900E-015 ) ) ;
#3965 = DIRECTION ( 'NONE',  ( 3.523657060577838900E-015, 0.0000000000000000000, -1.000000000000000000 ) ) ;
#3966 = AXIS2_PLACEMENT_3D ( 'NONE', #3949, #4012, #4011 ) ;
#3967 = AXIS2_PLACEMENT_3D ( 'NONE', #3951, #4003, #4002 ) ;
#3968 = FACE_OUTER_BOUND ( 'NONE', #1374, .T. ) ;
#3969 = DIRECTION ( 'NONE',  ( 0.0000000000000000000, 0.0000000000000000000, 1.000000000000000000 ) ) ;
#3970 = DIRECTION ( 'NONE',  ( -0.0000000000000000000, -1.000000000000000000, -0.0000000000000000000 ) ) ;
#3971 = CARTESIAN_POINT ( 'NONE',  ( -0.7999999999999886100, -0.2999999999999999900, 0.6099999999999994300 ) ) ;
#3972 = CARTESIAN_POINT ( 'NONE',  ( -0.8000000000000113700, -0.2999999999999999900, 0.5099999999999994500 ) ) ;
#3973 = CARTESIAN_POINT ( 'NONE',  ( 0.05000000000001137600, 0.3000000000000113700, -0.02000000000000000000 ) ) ;
#3974 = DIRECTION ( 'NONE',  ( 0.0000000000000000000, 1.000000000000000000, 0.0000000000000000000 ) ) ;
#3975 = VECTOR ( 'NONE', #3974, 1000.000000000000000 ) ;
#3976 = CARTESIAN_POINT ( 'NONE',  ( -0.8000000000000113700, -0.2999999999999999900, 0.5099999999999994500 ) ) ;
#3977 = PLANE ( 'NONE',  #3967 ) ;
#3978 = CIRCLE ( 'NONE', #3926, 0.1000000000000000500 ) ;
#3979 = EDGE_CURVE ( 'NONE', #290, #291, #4535, .T. ) ;
#3980 = CARTESIAN_POINT ( 'NONE',  ( 0.5999999999999658900, -0.2999999999999999900, 1.030000000000001100 ) ) ;
#3981 = DIRECTION ( 'NONE',  ( 1.000000000000000000, 0.0000000000000000000, -4.878909776185278000E-015 ) ) ;
#3982 = PLANE ( 'NONE',  #4031 ) ;
#3983 = DIRECTION ( 'NONE',  ( 0.0000000000000000000, 0.0000000000000000000, 1.000000000000000000 ) ) ;
#3984 = CARTESIAN_POINT ( 'NONE',  ( 0.5999999999999658900, -0.2999999999999999900, 0.9300000000000011600 ) ) ;
#3985 = DIRECTION ( 'NONE',  ( 0.0000000000000000000, 1.000000000000000000, 0.0000000000000000000 ) ) ;
#3986 = DIRECTION ( 'NONE',  ( 0.0000000000000000000, 1.000000000000000000, 0.0000000000000000000 ) ) ;
#3987 = AXIS2_PLACEMENT_3D ( 'NONE', #3984, #3985, #4037 ) ;
#3988 = CARTESIAN_POINT ( 'NONE',  ( 0.5999999999999658900, -0.2999999999999999900, 0.9300000000000011600 ) ) ;
#3989 = DIRECTION ( 'NONE',  ( 0.0000000000000000000, 0.0000000000000000000, 1.000000000000000000 ) ) ;
#3990 = DIRECTION ( 'NONE',  ( 0.0000000000000000000, 1.000000000000000000, 0.0000000000000000000 ) ) ;
#3991 = CARTESIAN_POINT ( 'NONE',  ( 0.5999999999999658900, 0.2999999999999999900, 0.9300000000000011600 ) ) ;
#3992 = CYLINDRICAL_SURFACE ( 'NONE', #4006, 0.1000000000000000500 ) ;
#3993 = CIRCLE ( 'NONE', #3987, 0.1000000000000000500 ) ;
#3994 = FACE_OUTER_BOUND ( 'NONE', #1450, .T. ) ;
#3995 = ORIENTED_EDGE ( 'NONE', *, *, #1844, .T. ) ;
#3996 = CARTESIAN_POINT ( 'NONE',  ( 0.5999999999999658900, 0.2999999999999999900, 1.030000000000001100 ) ) ;
#3997 = VECTOR ( 'NONE', #4010, 1000.000000000000000 ) ;
#3998 = LINE ( 'NONE', #4005, #3997 ) ;
#3999 = CARTESIAN_POINT ( 'NONE',  ( -0.5999999999999090500, 0.2999999999999999900, 1.030000000000007100 ) ) ;
#4000 = CARTESIAN_POINT ( 'NONE',  ( 0.5499999999999545300, 1.420304845956010800E-014, -0.02000000000000000000 ) ) ;
#4001 = CARTESIAN_POINT ( 'NONE',  ( 0.5999999999999658900, -0.2999999999999999900, 1.030000000000001100 ) ) ;
#4002 = DIRECTION ( 'NONE',  ( 0.0000000000000000000, -0.0000000000000000000, 1.000000000000000000 ) ) ;
#4003 = DIRECTION ( 'NONE',  ( 0.0000000000000000000, 1.000000000000000000, 0.0000000000000000000 ) ) ;
#4004 = AXIS2_PLACEMENT_3D ( 'NONE', #3991, #3990, #3989 ) ;
#4005 = CARTESIAN_POINT ( 'NONE',  ( 0.7000000000000113900, -0.2999999999999999900, 0.6099999999999994300 ) ) ;
#4006 = AXIS2_PLACEMENT_3D ( 'NONE', #3988, #3986, #3983 ) ;
#4007 = FACE_OUTER_BOUND ( 'NONE', #1371, .T. ) ;
#4008 = VECTOR ( 'NONE', #3950, 1000.000000000000000 ) ;
#4009 = LINE ( 'NONE', #3960, #4008 ) ;
#4010 = DIRECTION ( 'NONE',  ( 1.423015351387197800E-013, -0.0000000000000000000, -1.000000000000000000 ) ) ;
#4011 = DIRECTION ( 'NONE',  ( 1.000000000000000000, 0.0000000000000000000, -4.878909776185278000E-015 ) ) ;
#4012 = DIRECTION ( 'NONE',  ( 4.878909776185278000E-015, -0.0000000000000000000, 1.000000000000000000 ) ) ;
#4013 = DIRECTION ( 'NONE',  ( 1.000000000000000000, -0.0000000000000000000, -0.0000000000000000000 ) ) ;
#4014 = VECTOR ( 'NONE', #4013, 1000.000000000000000 ) ;
#4015 = CARTESIAN_POINT ( 'NONE',  ( 0.05000000000001137600, 0.3000000000000113700, -0.02000000000000000000 ) ) ;
#4016 = LINE ( 'NONE', #4015, #4014 ) ;
#4017 = ORIENTED_EDGE ( 'NONE', *, *, #133, .F. ) ;
#4018 = AXIS2_PLACEMENT_3D ( 'NONE', #4061, #4060, #4059 ) ;
#4019 = DIRECTION ( 'NONE',  ( 0.0000000000000000000, 0.0000000000000000000, -1.000000000000000000 ) ) ;
#4020 = DIRECTION ( 'NONE',  ( 0.0000000000000000000, -1.000000000000000000, -0.0000000000000000000 ) ) ;
#4021 = EDGE_LOOP ( 'NONE', ( #292, #4192, #4264, #3042 ) ) ;
#4022 = CARTESIAN_POINT ( 'NONE',  ( 0.05000000000001137600, 0.3000000000000113700, 0.0000000000000000000 ) ) ;
#4023 = DIRECTION ( 'NONE',  ( 0.0000000000000000000, 0.0000000000000000000, -1.000000000000000000 ) ) ;
#4024 = DIRECTION ( 'NONE',  ( 0.0000000000000000000, -1.000000000000000000, -0.0000000000000000000 ) ) ;
#4025 = CARTESIAN_POINT ( 'NONE',  ( -0.04999999999995456000, 0.3000000000000113700, -0.02000000000000000000 ) ) ;
#4026 = FACE_OUTER_BOUND ( 'NONE', #1396, .T. ) ;
#4027 = PLANE ( 'NONE',  #4038 ) ;
#4028 = FACE_OUTER_BOUND ( 'NONE', #1399, .T. ) ;
#4029 = CARTESIAN_POINT ( 'NONE',  ( 0.05000000000001137600, 0.3000000000000113700, -0.02000000000000000000 ) ) ;
#4030 = CARTESIAN_POINT ( 'NONE',  ( 0.5499999999999545300, 1.420304845956010800E-014, 0.0000000000000000000 ) ) ;
#4031 = AXIS2_PLACEMENT_3D ( 'NONE', #4035, #4024, #4023 ) ;
#4032 = CARTESIAN_POINT ( 'NONE',  ( 0.5499999999999545300, 0.3000000000000113700, -0.02000000000000000000 ) ) ;
#4033 = VECTOR ( 'NONE', #3981, 1000.000000000000000 ) ;
#4034 = LINE ( 'NONE', #3999, #4033 ) ;
#4035 = CARTESIAN_POINT ( 'NONE',  ( 0.5499999999999545300, 1.420304845956010800E-014, -0.02000000000000000000 ) ) ;
#4036 = LINE ( 'NONE', #4049, #4048 ) ;
#4037 = DIRECTION ( 'NONE',  ( 0.0000000000000000000, 0.0000000000000000000, 1.000000000000000000 ) ) ;
#4038 = AXIS2_PLACEMENT_3D ( 'NONE', #4029, #4020, #4019 ) ;
#4039 = CARTESIAN_POINT ( 'NONE',  ( 0.5499999999999545300, 0.3000000000000113700, 0.0000000000000000000 ) ) ;
#4040 = DIRECTION ( 'NONE',  ( 0.0000000000000000000, 1.000000000000000000, 0.0000000000000000000 ) ) ;
#4041 = VECTOR ( 'NONE', #4040, 1000.000000000000000 ) ;
#4042 = LINE ( 'NONE', #3980, #4041 ) ;
#4043 = DIRECTION ( 'NONE',  ( 1.000000000000000000, -0.0000000000000000000, -0.0000000000000000000 ) ) ;
#4044 = VECTOR ( 'NONE', #4043, 1000.000000000000000 ) ;
#4045 = CARTESIAN_POINT ( 'NONE',  ( 0.6499999999999772600, 0.3000000000000113700, 0.0000000000000000000 ) ) ;
#4046 = LINE ( 'NONE', #4045, #4044 ) ;
#4047 = DIRECTION ( 'NONE',  ( 0.0000000000000000000, 1.000000000000000000, 0.0000000000000000000 ) ) ;
#4048 = VECTOR ( 'NONE', #4047, 1000.000000000000000 ) ;
#4049 = CARTESIAN_POINT ( 'NONE',  ( 0.5499999999999545300, 1.420304845956010800E-014, -0.02000000000000000000 ) ) ;
#4050 = DIRECTION ( 'NONE',  ( 1.000000000000000000, -0.0000000000000000000, -0.0000000000000000000 ) ) ;
#4051 = VECTOR ( 'NONE', #4050, 1000.000000000000000 ) ;
#4052 = CARTESIAN_POINT ( 'NONE',  ( 1.000000000000000000, 0.09999999999999431600, 0.0000000000000000000 ) ) ;
#4053 = LINE ( 'NONE', #4052, #4051 ) ;
#4054 = DIRECTION ( 'NONE',  ( -0.0000000000000000000, -1.000000000000000000, -0.0000000000000000000 ) ) ;
#4055 = VECTOR ( 'NONE', #4054, 1000.000000000000000 ) ;
#4056 = CARTESIAN_POINT ( 'NONE',  ( 0.6499999999999772600, 0.09999999999999431600, -0.02000000000000000000 ) ) ;
#4057 = LINE ( 'NONE', #4056, #4055 ) ;
#4058 = CARTESIAN_POINT ( 'NONE',  ( -0.04999999999995456000, 0.3000000000000113700, 0.0000000000000000000 ) ) ;
#4059 = DIRECTION ( 'NONE',  ( 0.0000000000000000000, -0.0000000000000000000, 1.000000000000000000 ) ) ;
#4060 = DIRECTION ( 'NONE',  ( 0.0000000000000000000, 1.000000000000000000, 0.0000000000000000000 ) ) ;
#4061 = CARTESIAN_POINT ( 'NONE',  ( -0.5999999999999317000, 0.2999999999999999900, 0.9300000000000070400 ) ) ;
#4062 = CARTESIAN_POINT ( 'NONE',  ( 0.05000000000001137600, 1.420304845956010800E-014, 0.0000000000000000000 ) ) ;
#4063 = CARTESIAN_POINT ( 'NONE',  ( 1.000000000000000000, 0.09999999999999431600, 0.0000000000000000000 ) ) ;
#4064 = DIRECTION ( 'NONE',  ( -0.0000000000000000000, -0.0000000000000000000, 1.000000000000000000 ) ) ;
#4065 = VECTOR ( 'NONE', #4064, 1000.000000000000000 ) ;
#4066 = CARTESIAN_POINT ( 'NONE',  ( -0.04999999999995456000, 0.3000000000000113700, -0.02000000000000000000 ) ) ;
#4067 = LINE ( 'NONE', #4066, #4065 ) ;
#4068 = PLANE ( 'NONE',  #4018 ) ;
#4069 = DIRECTION ( 'NONE',  ( -1.000000000000000000, 0.0000000000000000000, 0.0000000000000000000 ) ) ;
#4070 = PLANE ( 'NONE',  #4084 ) ;
#4071 = DIRECTION ( 'NONE',  ( -0.0000000000000000000, -0.0000000000000000000, 1.000000000000000000 ) ) ;
#4072 = VECTOR ( 'NONE', #4071, 1000.000000000000000 ) ;
#4073 = CARTESIAN_POINT ( 'NONE',  ( 0.5499999999999545300, 0.3000000000000113700, -0.02000000000000000000 ) ) ;
#4074 = LINE ( 'NONE', #4073, #4072 ) ;
#4075 = DIRECTION ( 'NONE',  ( 0.0000000000000000000, 1.000000000000000000, 0.0000000000000000000 ) ) ;
#4076 = VECTOR ( 'NONE', #4075, 1000.000000000000000 ) ;
#4077 = LINE ( 'NONE', #4083, #4076 ) ;
#4078 = ORIENTED_EDGE ( 'NONE', *, *, #5, .F. ) ;
#4079 = CARTESIAN_POINT ( 'NONE',  ( 0.05000000000001137600, 1.420304845956010800E-014, -0.02000000000000000000 ) ) ;
#4080 = DIRECTION ( 'NONE',  ( 1.000000000000000000, -0.0000000000000000000, -0.0000000000000000000 ) ) ;
#4081 = VECTOR ( 'NONE', #4080, 1000.000000000000000 ) ;
#4082 = CARTESIAN_POINT ( 'NONE',  ( 0.5499999999999545300, 1.420304845956010800E-014, -0.02000000000000000000 ) ) ;
#4083 = CARTESIAN_POINT ( 'NONE',  ( 0.5499999999999545300, 1.420304845956010800E-014, 0.0000000000000000000 ) ) ;
#4084 = AXIS2_PLACEMENT_3D ( 'NONE', #4089, #4128, #4127 ) ;
#4085 = DIRECTION ( 'NONE',  ( -0.0000000000000000000, -0.0000000000000000000, 1.000000000000000000 ) ) ;
#4086 = VECTOR ( 'NONE', #4085, 1000.000000000000000 ) ;
#4087 = CARTESIAN_POINT ( 'NONE',  ( 0.5499999999999545300, 1.420304845956010800E-014, -0.02000000000000000000 ) ) ;
#4088 = LINE ( 'NONE', #4087, #4086 ) ;
#4089 = CARTESIAN_POINT ( 'NONE',  ( 0.5499999999999545300, 1.420304845956010800E-014, -0.02000000000000000000 ) ) ;
#4090 = DIRECTION ( 'NONE',  ( 0.0000000000000000000, 0.0000000000000000000, -1.000000000000000000 ) ) ;
#4091 = DIRECTION ( 'NONE',  ( 0.0000000000000000000, -1.000000000000000000, -0.0000000000000000000 ) ) ;
#4092 = CARTESIAN_POINT ( 'NONE',  ( 0.6499999999999772600, 0.3000000000000113700, -0.02000000000000000000 ) ) ;
#4094 = ORIENTED_EDGE ( 'NONE', *, *, #36, .F. ) ;
#4093 = AXIS2_PLACEMENT_3D ( 'NONE', #4092, #4091, #4090 ) ;
#4095 = LINE ( 'NONE', #4082, #4081 ) ;
#4096 = AXIS2_PLACEMENT_3D ( 'NONE', #4079, #4069, #4119 ) ;
#4097 = PLANE ( 'NONE',  #4093 ) ;
#4098 = FACE_OUTER_BOUND ( 'NONE', #1435, .T. ) ;
#4099 = FACE_OUTER_BOUND ( 'NONE', #1486, .T. ) ;
#4100 = CARTESIAN_POINT ( 'NONE',  ( 0.6499999999999772600, 0.3000000000000113700, -0.02000000000000000000 ) ) ;
#4101 = EDGE_CURVE ( 'NONE', #1987, #4167, #3056, .T. ) ;
#4102 = LINE ( 'NONE', #4168, #4166 ) ;
#4103 = DIRECTION ( 'NONE',  ( -0.0000000000000000000, -1.000000000000000000, -0.0000000000000000000 ) ) ;
#4104 = VECTOR ( 'NONE', #4103, 1000.000000000000000 ) ;
#4105 = CARTESIAN_POINT ( 'NONE',  ( 0.05000000000001137600, 1.420304845956010800E-014, -0.02000000000000000000 ) ) ;
#4106 = DIRECTION ( 'NONE',  ( -1.000000000000000000, 0.0000000000000000000, -0.0000000000000000000 ) ) ;
#4107 = CARTESIAN_POINT ( 'NONE',  ( 1.000000000000000000, 0.09999999999999431600, -0.02000000000000000000 ) ) ;
#4108 = LINE ( 'NONE', #4105, #4104 ) ;
#4109 = CARTESIAN_POINT ( 'NONE',  ( 1.000000000000000000, -0.09999999999999431600, 0.0000000000000000000 ) ) ;
#4110 = DIRECTION ( 'NONE',  ( -0.0000000000000000000, -1.000000000000000000, -0.0000000000000000000 ) ) ;
#4111 = VECTOR ( 'NONE', #4110, 1000.000000000000000 ) ;
#4112 = LINE ( 'NONE', #4126, #4111 ) ;
#4113 = CARTESIAN_POINT ( 'NONE',  ( 0.05000000000001137600, 1.420304845956010800E-014, -0.02000000000000000000 ) ) ;
#4114 = ORIENTED_EDGE ( 'NONE', *, *, #38, .T. ) ;
#4115 = DIRECTION ( 'NONE',  ( -0.0000000000000000000, -0.0000000000000000000, 1.000000000000000000 ) ) ;
#4116 = VECTOR ( 'NONE', #4115, 1000.000000000000000 ) ;
#4117 = CARTESIAN_POINT ( 'NONE',  ( 0.05000000000001137600, 1.420304845956010800E-014, -0.02000000000000000000 ) ) ;
#4118 = LINE ( 'NONE', #4117, #4116 ) ;
#4119 = DIRECTION ( 'NONE',  ( 0.0000000000000000000, 0.0000000000000000000, 1.000000000000000000 ) ) ;
#4120 = PLANE ( 'NONE',  #4096 ) ;
#4121 = DIRECTION ( 'NONE',  ( 1.000000000000000000, -0.0000000000000000000, -0.0000000000000000000 ) ) ;
#4122 = VECTOR ( 'NONE', #4121, 1000.000000000000000 ) ;
#4123 = CARTESIAN_POINT ( 'NONE',  ( 0.5499999999999545300, 1.420304845956010800E-014, 0.0000000000000000000 ) ) ;
#4124 = LINE ( 'NONE', #4123, #4122 ) ;
#4125 = AXIS2_PLACEMENT_3D ( 'NONE', #4107, #4106, #4149 ) ;
#4126 = CARTESIAN_POINT ( 'NONE',  ( 0.05000000000001137600, 1.420304845956010800E-014, 0.0000000000000000000 ) ) ;
#4127 = DIRECTION ( 'NONE',  ( 0.0000000000000000000, 0.0000000000000000000, -1.000000000000000000 ) ) ;
#4128 = DIRECTION ( 'NONE',  ( 1.000000000000000000, -0.0000000000000000000, 0.0000000000000000000 ) ) ;
#4129 = CARTESIAN_POINT ( 'NONE',  ( 0.6499999999999772600, -0.09999999999999431600, -0.02000000000000000000 ) ) ;
#4130 = CARTESIAN_POINT ( 'NONE',  ( 0.6499999999999772600, 0.3000000000000113700, 0.0000000000000000000 ) ) ;
#4131 = FACE_OUTER_BOUND ( 'NONE', #1440, .T. ) ;
#4132 = DIRECTION ( 'NONE',  ( -0.0000000000000000000, -0.0000000000000000000, 1.000000000000000000 ) ) ;
#4133 = CARTESIAN_POINT ( 'NONE',  ( 1.000000000000000000, 0.09999999999999431600, -0.02000000000000000000 ) ) ;
#4134 = LINE ( 'NONE', #4133, #4189 ) ;
#4135 = PLANE ( 'NONE',  #4181 ) ;
#4136 = PLANE ( 'NONE',  #4196 ) ;
#4137 = DIRECTION ( 'NONE',  ( 0.0000000000000000000, -1.000000000000000000, 0.0000000000000000000 ) ) ;
#4138 = VECTOR ( 'NONE', #4137, 1000.000000000000000 ) ;
#4139 = CARTESIAN_POINT ( 'NONE',  ( 1.000000000000000000, 0.09999999999999431600, -0.02000000000000000000 ) ) ;
#4140 = LINE ( 'NONE', #4139, #4138 ) ;
#4141 = FACE_OUTER_BOUND ( 'NONE', #1472, .T. ) ;
#4142 = CARTESIAN_POINT ( 'NONE',  ( 1.000000000000000000, 0.09999999999999431600, -0.02000000000000000000 ) ) ;
#4143 = FACE_OUTER_BOUND ( 'NONE', #1466, .T. ) ;
#4144 = PLANE ( 'NONE',  #4148 ) ;
#4145 = DIRECTION ( 'NONE',  ( -1.000000000000000000, 0.0000000000000000000, 0.0000000000000000000 ) ) ;
#4146 = VECTOR ( 'NONE', #4145, 1000.000000000000000 ) ;
#4147 = LINE ( 'NONE', #4155, #4146 ) ;
#4148 = AXIS2_PLACEMENT_3D ( 'NONE', #4156, #4195, #4194 ) ;
#4149 = DIRECTION ( 'NONE',  ( -0.0000000000000000000, 0.0000000000000000000, 1.000000000000000000 ) ) ;
#4150 = CARTESIAN_POINT ( 'NONE',  ( 0.6499999999999772600, -0.09999999999999431600, 0.0000000000000000000 ) ) ;
#4151 = FACE_OUTER_BOUND ( 'NONE', #1506, .T. ) ;
#4152 = DIRECTION ( 'NONE',  ( 0.0000000000000000000, -1.000000000000000000, 0.0000000000000000000 ) ) ;
#4153 = VECTOR ( 'NONE', #4152, 1000.000000000000000 ) ;
#4154 = CARTESIAN_POINT ( 'NONE',  ( 1.000000000000000000, 0.09999999999999431600, 0.0000000000000000000 ) ) ;
#4155 = CARTESIAN_POINT ( 'NONE',  ( 1.000000000000000000, -0.09999999999999431600, 0.0000000000000000000 ) ) ;
#4156 = CARTESIAN_POINT ( 'NONE',  ( 1.000000000000000000, 0.09999999999999431600, -0.02000000000000000000 ) ) ;
#4157 = LINE ( 'NONE', #4154, #4153 ) ;
#4158 = PLANE ( 'NONE',  #4125 ) ;
#4159 = CARTESIAN_POINT ( 'NONE',  ( 1.000000000000000000, -0.09999999999999431600, -0.02000000000000000000 ) ) ;
#4160 = DIRECTION ( 'NONE',  ( -0.0000000000000000000, -0.0000000000000000000, 1.000000000000000000 ) ) ;
#4161 = VECTOR ( 'NONE', #4160, 1000.000000000000000 ) ;
#4162 = CARTESIAN_POINT ( 'NONE',  ( 1.000000000000000000, -0.09999999999999431600, -0.02000000000000000000 ) ) ;
#4164 = ADVANCED_FACE ( 'NONE', ( #4551 ), #3550, .F. ) ;
#4163 = LINE ( 'NONE', #4162, #4161 ) ;
#4165 = DIRECTION ( 'NONE',  ( 1.000000000000000000, -0.0000000000000000000, -0.0000000000000000000 ) ) ;
#4166 = VECTOR ( 'NONE', #4165, 1000.000000000000000 ) ;
#4167 = VERTEX_POINT ( 'NONE', #4550 ) ;
#4168 = CARTESIAN_POINT ( 'NONE',  ( 1.000000000000000000, 0.09999999999999431600, -0.02000000000000000000 ) ) ;
#4169 = LINE ( 'NONE', #4183, #4218 ) ;
#4170 = DIRECTION ( 'NONE',  ( 0.0000000000000000000, 0.0000000000000000000, 1.000000000000000000 ) ) ;
#4171 = DIRECTION ( 'NONE',  ( -1.000000000000000000, 0.0000000000000000000, 0.0000000000000000000 ) ) ;
#4172 = CARTESIAN_POINT ( 'NONE',  ( 0.5499999999999545300, -0.2000000000000028400, -0.02000000000000000000 ) ) ;
#4173 = EDGE_LOOP ( 'NONE', ( #4114, #40, #13, #17 ) ) ;
#4174 = DIRECTION ( 'NONE',  ( -0.0000000000000000000, -1.000000000000000000, -0.0000000000000000000 ) ) ;
#4175 = VECTOR ( 'NONE', #4174, 1000.000000000000000 ) ;
#4176 = LINE ( 'NONE', #4188, #4175 ) ;
#4177 = CARTESIAN_POINT ( 'NONE',  ( 0.6499999999999772600, 0.09999999999999431600, 0.0000000000000000000 ) ) ;
#4178 = CARTESIAN_POINT ( 'NONE',  ( 0.6499999999999772600, 0.09999999999999431600, -0.02000000000000000000 ) ) ;
#4179 = DIRECTION ( 'NONE',  ( 1.000000000000000000, -0.0000000000000000000, -0.0000000000000000000 ) ) ;
#4180 = VECTOR ( 'NONE', #4179, 1000.000000000000000 ) ;
#4181 = AXIS2_PLACEMENT_3D ( 'NONE', #4185, #4171, #4170 ) ;
#4182 = DIRECTION ( 'NONE',  ( -0.0000000000000000000, -0.0000000000000000000, 1.000000000000000000 ) ) ;
#4183 = CARTESIAN_POINT ( 'NONE',  ( 0.5499999999999545300, -0.2000000000000028400, -0.02000000000000000000 ) ) ;
#4184 = DIRECTION ( 'NONE',  ( 1.000000000000000000, 0.0000000000000000000, -0.0000000000000000000 ) ) ;
#4185 = CARTESIAN_POINT ( 'NONE',  ( 0.6499999999999772600, 0.09999999999999431600, -0.02000000000000000000 ) ) ;
#4186 = CARTESIAN_POINT ( 'NONE',  ( 0.6499999999999772600, 0.3000000000000113700, -0.02000000000000000000 ) ) ;
#4187 = LINE ( 'NONE', #4186, #4180 ) ;
#4188 = CARTESIAN_POINT ( 'NONE',  ( 0.6499999999999772600, 0.09999999999999431600, 0.0000000000000000000 ) ) ;
#4189 = VECTOR ( 'NONE', #4132, 1000.000000000000000 ) ;
#4190 = LINE ( 'NONE', #4230, #4229 ) ;
#4191 = DIRECTION ( 'NONE',  ( 0.0000000000000000000, 0.0000000000000000000, 1.000000000000000000 ) ) ;
#4192 = ORIENTED_EDGE ( 'NONE', *, *, #1849, .F. ) ;
#4193 = CARTESIAN_POINT ( 'NONE',  ( -0.04999999999995456000, 0.3000000000000113700, -0.02000000000000000000 ) ) ;
#4194 = DIRECTION ( 'NONE',  ( 0.0000000000000000000, 0.0000000000000000000, -1.000000000000000000 ) ) ;
#4195 = DIRECTION ( 'NONE',  ( 0.0000000000000000000, -1.000000000000000000, -0.0000000000000000000 ) ) ;
#4196 = AXIS2_PLACEMENT_3D ( 'NONE', #4193, #4191, #4184 ) ;
#4198 = ORIENTED_EDGE ( 'NONE', *, *, #1849, .T. ) ;
#4197 = FACE_OUTER_BOUND ( 'NONE', #1483, .T. ) ;
#4199 = FACE_OUTER_BOUND ( 'NONE', #1507, .T. ) ;
#4200 = DIRECTION ( 'NONE',  ( -0.0000000000000000000, 0.0000000000000000000, 1.000000000000000000 ) ) ;
#4201 = CARTESIAN_POINT ( 'NONE',  ( 0.5499999999999545300, -0.3000000000000113700, 0.0000000000000000000 ) ) ;
#4202 = CARTESIAN_POINT ( 'NONE',  ( -0.04999999999995456000, -0.3000000000000113700, -0.02000000000000000000 ) ) ;
#4203 = PLANE ( 'NONE',  #4266 ) ;
#4204 = PLANE ( 'NONE',  #4222 ) ;
#4205 = DIRECTION ( 'NONE',  ( -0.0000000000000000000, -0.0000000000000000000, 1.000000000000000000 ) ) ;
#4206 = VECTOR ( 'NONE', #4205, 1000.000000000000000 ) ;
#4207 = CARTESIAN_POINT ( 'NONE',  ( 0.6499999999999772600, -0.3000000000000113700, -0.02000000000000000000 ) ) ;
#4208 = LINE ( 'NONE', #4207, #4206 ) ;
#4209 = CARTESIAN_POINT ( 'NONE',  ( 0.5499999999999545300, -0.3000000000000113700, -0.02000000000000000000 ) ) ;
#4210 = CARTESIAN_POINT ( 'NONE',  ( 0.6499999999999772600, -0.3000000000000113700, 0.0000000000000000000 ) ) ;
#4211 = DIRECTION ( 'NONE',  ( 0.0000000000000000000, 0.0000000000000000000, -1.000000000000000000 ) ) ;
#4212 = DIRECTION ( 'NONE',  ( 1.000000000000000000, 0.0000000000000000000, 0.0000000000000000000 ) ) ;
#4213 = FACE_OUTER_BOUND ( 'NONE', #1511, .T. ) ;
#4214 = CARTESIAN_POINT ( 'NONE',  ( 0.5499999999999545300, -0.2000000000000028400, 0.0000000000000000000 ) ) ;
#4215 = CARTESIAN_POINT ( 'NONE',  ( 0.6499999999999772600, -0.3000000000000113700, -0.02000000000000000000 ) ) ;
#4216 = PLANE ( 'NONE',  #4219 ) ;
#4217 = DIRECTION ( 'NONE',  ( -1.000000000000000000, 0.0000000000000000000, -0.0000000000000000000 ) ) ;
#4218 = VECTOR ( 'NONE', #4182, 1000.000000000000000 ) ;
#4219 = AXIS2_PLACEMENT_3D ( 'NONE', #4172, #4212, #4211 ) ;
#4220 = FACE_OUTER_BOUND ( 'NONE', #1553, .T. ) ;
#4221 = CARTESIAN_POINT ( 'NONE',  ( 0.5499999999999545300, -0.2000000000000028400, -0.02000000000000000000 ) ) ;
#4222 = AXIS2_PLACEMENT_3D ( 'NONE', #4226, #4217, #4200 ) ;
#4223 = DIRECTION ( 'NONE',  ( -0.0000000000000000000, 1.000000000000000000, -0.0000000000000000000 ) ) ;
#4224 = VECTOR ( 'NONE', #4223, 1000.000000000000000 ) ;
#4225 = CARTESIAN_POINT ( 'NONE',  ( 0.5499999999999545300, -0.2000000000000028400, 0.0000000000000000000 ) ) ;
#4226 = CARTESIAN_POINT ( 'NONE',  ( 0.6499999999999772600, -0.09999999999999431600, -0.02000000000000000000 ) ) ;
#4227 = LINE ( 'NONE', #4225, #4224 ) ;
#4228 = DIRECTION ( 'NONE',  ( -0.0000000000000000000, -0.0000000000000000000, 1.000000000000000000 ) ) ;
#4229 = VECTOR ( 'NONE', #4228, 1000.000000000000000 ) ;
#4230 = CARTESIAN_POINT ( 'NONE',  ( 0.6499999999999772600, 0.09999999999999431600, -0.02000000000000000000 ) ) ;
#4231 = VERTEX_POINT ( 'NONE', #4538 ) ;
#4232 = CARTESIAN_POINT ( 'NONE',  ( -0.04999999999995456000, -0.3000000000000113700, -0.02000000000000000000 ) ) ;
#4233 = DIRECTION ( 'NONE',  ( -1.000000000000000000, 0.0000000000000000000, 0.0000000000000000000 ) ) ;
#4234 = VECTOR ( 'NONE', #4233, 1000.000000000000000 ) ;
#4235 = AXIS2_PLACEMENT_3D ( 'NONE', #4315, #4313, #4312 ) ;
#4236 = LINE ( 'NONE', #4241, #4234 ) ;
#4237 = CARTESIAN_POINT ( 'NONE',  ( -0.04999999999995456000, -0.3000000000000113700, 0.0000000000000000000 ) ) ;
#4238 = DIRECTION ( 'NONE',  ( -0.0000000000000000000, -0.0000000000000000000, 1.000000000000000000 ) ) ;
#4239 = VECTOR ( 'NONE', #4238, 1000.000000000000000 ) ;
#4240 = CARTESIAN_POINT ( 'NONE',  ( 0.5499999999999545300, -0.3000000000000113700, -0.02000000000000000000 ) ) ;
#4241 = CARTESIAN_POINT ( 'NONE',  ( 1.000000000000000000, -0.09999999999999431600, -0.02000000000000000000 ) ) ;
#4242 = LINE ( 'NONE', #4240, #4239 ) ;
#4243 = PLANE ( 'NONE',  #4235 ) ;
#4244 = DIRECTION ( 'NONE',  ( 0.0000000000000000000, -1.000000000000000000, 0.0000000000000000000 ) ) ;
#4245 = VECTOR ( 'NONE', #4244, 1000.000000000000000 ) ;
#4246 = LINE ( 'NONE', #4252, #4245 ) ;
#4247 = FACE_OUTER_BOUND ( 'NONE', #1534, .T. ) ;
#4248 = DIRECTION ( 'NONE',  ( -1.000000000000000000, 0.0000000000000000000, 0.0000000000000000000 ) ) ;
#4249 = VECTOR ( 'NONE', #4248, 1000.000000000000000 ) ;
#4250 = CARTESIAN_POINT ( 'NONE',  ( 0.6499999999999772600, -0.3000000000000113700, 0.0000000000000000000 ) ) ;
#4251 = LINE ( 'NONE', #4250, #4249 ) ;
#4252 = CARTESIAN_POINT ( 'NONE',  ( 0.6499999999999772600, -0.09999999999999431600, 0.0000000000000000000 ) ) ;
#4253 = DIRECTION ( 'NONE',  ( -0.0000000000000000000, -0.0000000000000000000, 1.000000000000000000 ) ) ;
#4254 = VECTOR ( 'NONE', #4253, 1000.000000000000000 ) ;
#4255 = CARTESIAN_POINT ( 'NONE',  ( 0.6499999999999772600, -0.09999999999999431600, -0.02000000000000000000 ) ) ;
#4256 = LINE ( 'NONE', #4255, #4254 ) ;
#4257 = DIRECTION ( 'NONE',  ( 0.0000000000000000000, -0.0000000000000000000, 1.000000000000000000 ) ) ;
#4258 = DIRECTION ( 'NONE',  ( 0.0000000000000000000, 1.000000000000000000, 0.0000000000000000000 ) ) ;
#4259 = CARTESIAN_POINT ( 'NONE',  ( 1.000000000000000000, -0.09999999999999431600, -0.02000000000000000000 ) ) ;
#4260 = EDGE_LOOP ( 'NONE', ( #792, #2, #41, #35 ) ) ;
#4261 = DIRECTION ( 'NONE',  ( 0.0000000000000000000, -1.000000000000000000, 0.0000000000000000000 ) ) ;
#4262 = VECTOR ( 'NONE', #4261, 1000.000000000000000 ) ;
#4263 = CARTESIAN_POINT ( 'NONE',  ( 0.6499999999999772600, -0.09999999999999431600, -0.02000000000000000000 ) ) ;
#4264 = ORIENTED_EDGE ( 'NONE', *, *, #4267, .F. ) ;
#4265 = LINE ( 'NONE', #4263, #4262 ) ;
#4266 = AXIS2_PLACEMENT_3D ( 'NONE', #4259, #4258, #4257 ) ;
#4267 = EDGE_CURVE ( 'NONE', #290, #283, #3552, .T. ) ;
#4268 = PLANE ( 'NONE',  #4290 ) ;
#4269 = CARTESIAN_POINT ( 'NONE',  ( 0.05000000000006818400, -0.3000000000000113700, 0.0000000000000000000 ) ) ;
#4270 = LINE ( 'NONE', #4269, #4319 ) ;
#4271 = DIRECTION ( 'NONE',  ( -1.000000000000000000, 0.0000000000000000000, 0.0000000000000000000 ) ) ;
#4272 = ADVANCED_FACE ( 'NONE', ( #4539 ), #3811, .F. ) ;
#4273 = VECTOR ( 'NONE', #4271, 1000.000000000000000 ) ;
#4274 = CARTESIAN_POINT ( 'NONE',  ( 0.5499999999999545300, -0.2000000000000028400, -0.02000000000000000000 ) ) ;
#4275 = LINE ( 'NONE', #4274, #4273 ) ;
#4276 = DIRECTION ( 'NONE',  ( -0.0000000000000000000, 1.000000000000000000, -0.0000000000000000000 ) ) ;
#4277 = VECTOR ( 'NONE', #4276, 1000.000000000000000 ) ;
#4278 = LINE ( 'NONE', #4288, #4277 ) ;
#4279 = DIRECTION ( 'NONE',  ( -1.000000000000000000, -0.0000000000000000000, -0.0000000000000000000 ) ) ;
#4280 = VECTOR ( 'NONE', #4279, 1000.000000000000000 ) ;
#4281 = CARTESIAN_POINT ( 'NONE',  ( -0.04999999999995456000, -0.3000000000000113700, -0.02000000000000000000 ) ) ;
#4282 = DIRECTION ( 'NONE',  ( -0.0000000000000000000, -0.0000000000000000000, 1.000000000000000000 ) ) ;
#4283 = VECTOR ( 'NONE', #4282, 1000.000000000000000 ) ;
#4284 = LINE ( 'NONE', #4202, #4283 ) ;
#4285 = LINE ( 'NONE', #4281, #4280 ) ;
#4286 = DIRECTION ( 'NONE',  ( 0.0000000000000000000, -0.0000000000000000000, 1.000000000000000000 ) ) ;
#4287 = DIRECTION ( 'NONE',  ( -0.0000000000000000000, 1.000000000000000000, 0.0000000000000000000 ) ) ;
#4288 = CARTESIAN_POINT ( 'NONE',  ( -0.04999999999995456000, 0.3000000000000113700, 0.0000000000000000000 ) ) ;
#4289 = CARTESIAN_POINT ( 'NONE',  ( 0.05000000000006818400, -0.3000000000000113700, 0.0000000000000000000 ) ) ;
#4290 = AXIS2_PLACEMENT_3D ( 'NONE', #4232, #4287, #4286 ) ;
#4291 = FACE_OUTER_BOUND ( 'NONE', #1594, .T. ) ;
#4292 = DIRECTION ( 'NONE',  ( -1.000000000000000000, -0.0000000000000000000, -0.0000000000000000000 ) ) ;
#4293 = VECTOR ( 'NONE', #4292, 1000.000000000000000 ) ;
#4294 = LINE ( 'NONE', #4237, #4293 ) ;
#4295 = CARTESIAN_POINT ( 'NONE',  ( -0.04999999999995456000, -0.3000000000000113700, -0.02000000000000000000 ) ) ;
#4296 = DIRECTION ( 'NONE',  ( -0.0000000000000000000, 1.000000000000000000, -0.0000000000000000000 ) ) ;
#4297 = VECTOR ( 'NONE', #4296, 1000.000000000000000 ) ;
#4298 = CARTESIAN_POINT ( 'NONE',  ( 0.5499999999999545300, -0.2000000000000028400, -0.02000000000000000000 ) ) ;
#4299 = LINE ( 'NONE', #4298, #4297 ) ;
#4300 = DIRECTION ( 'NONE',  ( -0.0000000000000000000, 1.000000000000000000, -0.0000000000000000000 ) ) ;
#4301 = VECTOR ( 'NONE', #4300, 1000.000000000000000 ) ;
#4302 = CARTESIAN_POINT ( 'NONE',  ( -0.04999999999995456000, 0.3000000000000113700, -0.02000000000000000000 ) ) ;
#4303 = LINE ( 'NONE', #4302, #4301 ) ;
#4304 = FACE_OUTER_BOUND ( 'NONE', #1157, .T. ) ;
#4305 = DIRECTION ( 'NONE',  ( -0.0000000000000000000, -1.000000000000000000, -0.0000000000000000000 ) ) ;
#4306 = VECTOR ( 'NONE', #4305, 1000.000000000000000 ) ;
#4307 = CARTESIAN_POINT ( 'NONE',  ( 0.05000000000006818400, -0.3000000000000113700, -0.02000000000000000000 ) ) ;
#4308 = LINE ( 'NONE', #4307, #4306 ) ;
#4309 = DIRECTION ( 'NONE',  ( -0.0000000000000000000, -0.0000000000000000000, 1.000000000000000000 ) ) ;
#4310 = VECTOR ( 'NONE', #4309, 1000.000000000000000 ) ;
#4311 = LINE ( 'NONE', #4316, #4310 ) ;
#4312 = DIRECTION ( 'NONE',  ( 0.0000000000000000000, 0.0000000000000000000, 1.000000000000000000 ) ) ;
#4313 = DIRECTION ( 'NONE',  ( -1.000000000000000000, 0.0000000000000000000, 0.0000000000000000000 ) ) ;
#4314 = CARTESIAN_POINT ( 'NONE',  ( 0.05000000000006818400, -0.2000000000000028400, -0.02000000000000000000 ) ) ;
#4315 = CARTESIAN_POINT ( 'NONE',  ( 0.05000000000006818400, -0.3000000000000113700, -0.02000000000000000000 ) ) ;
#4316 = CARTESIAN_POINT ( 'NONE',  ( 0.05000000000006818400, -0.3000000000000113700, -0.02000000000000000000 ) ) ;
#4317 = CARTESIAN_POINT ( 'NONE',  ( 0.05000000000006818400, -0.3000000000000113700, -0.02000000000000000000 ) ) ;
#4318 = DIRECTION ( 'NONE',  ( -0.0000000000000000000, -1.000000000000000000, -0.0000000000000000000 ) ) ;
#4319 = VECTOR ( 'NONE', #4318, 1000.000000000000000 ) ;
#4320 = DIRECTION ( 'NONE',  ( 1.000000000000000000, 0.0000000000000000000, 0.0000000000000000000 ) ) ;
#4321 = DIRECTION ( 'NONE',  ( 1.000000000000000000, 0.0000000000000000000, 0.0000000000000000000 ) ) ;
#4322 = CARTESIAN_POINT ( 'NONE',  ( -0.9999999999998295800, 0.09999999999976691400, -0.02000000000000000000 ) ) ;
#4323 = DIRECTION ( 'NONE',  ( 1.000000000000000000, 0.0000000000000000000, -0.0000000000000000000 ) ) ;
#4324 = DIRECTION ( 'NONE',  ( 0.0000000000000000000, 0.0000000000000000000, 1.000000000000000000 ) ) ;
#4325 = AXIS2_PLACEMENT_3D ( 'NONE', #4349, #4320, #4381 ) ;
#4326 = CARTESIAN_POINT ( 'NONE',  ( -0.9999999999998295800, 0.09999999999976691400, -0.02000000000000000000 ) ) ;
#4327 = FACE_OUTER_BOUND ( 'NONE', #1582, .T. ) ;
#4328 = CARTESIAN_POINT ( 'NONE',  ( -0.9999999999998295800, -0.1000000000001932400, -0.02000000000000000000 ) ) ;
#4329 = FACE_OUTER_BOUND ( 'NONE', #1664, .T. ) ;
#4330 = DIRECTION ( 'NONE',  ( -0.0000000000000000000, 1.000000000000000000, -0.0000000000000000000 ) ) ;
#4331 = VECTOR ( 'NONE', #4330, 1000.000000000000000 ) ;
#4332 = CARTESIAN_POINT ( 'NONE',  ( -0.9999999999998295800, 0.09999999999976691400, 0.0000000000000000000 ) ) ;
#4333 = CARTESIAN_POINT ( 'NONE',  ( -0.04999999999995456000, 0.3000000000000113700, 0.0000000000000000000 ) ) ;
#4334 = PLANE ( 'NONE',  #4366 ) ;
#4335 = DIRECTION ( 'NONE',  ( -1.000000000000000000, 0.0000000000000000000, 0.0000000000000000000 ) ) ;
#4336 = VECTOR ( 'NONE', #4335, 1000.000000000000000 ) ;
#4337 = CARTESIAN_POINT ( 'NONE',  ( 0.5499999999999545300, -0.2000000000000028400, 0.0000000000000000000 ) ) ;
#4338 = LINE ( 'NONE', #4337, #4336 ) ;
#4339 = FACE_OUTER_BOUND ( 'NONE', #1629, .T. ) ;
#4340 = DIRECTION ( 'NONE',  ( -0.0000000000000000000, -0.0000000000000000000, 1.000000000000000000 ) ) ;
#4341 = VECTOR ( 'NONE', #4340, 1000.000000000000000 ) ;
#4342 = CARTESIAN_POINT ( 'NONE',  ( 0.05000000000006818400, -0.2000000000000028400, -0.02000000000000000000 ) ) ;
#4343 = LINE ( 'NONE', #4342, #4341 ) ;
#4344 = PLANE ( 'NONE',  #4347 ) ;
#4345 = AXIS2_PLACEMENT_3D ( 'NONE', #4368, #4354, #4353 ) ;
#4346 = LINE ( 'NONE', #4332, #4331 ) ;
#4347 = AXIS2_PLACEMENT_3D ( 'NONE', #4333, #4324, #4323 ) ;
#4348 = PLANE ( 'NONE',  #4325 ) ;
#4349 = CARTESIAN_POINT ( 'NONE',  ( -0.04999999999995456000, 0.3000000000000113700, -0.02000000000000000000 ) ) ;
#4350 = CARTESIAN_POINT ( 'NONE',  ( -0.9999999999998295800, 0.09999999999976691400, -0.02000000000000000000 ) ) ;
#4351 = PLANE ( 'NONE',  #4352 ) ;
#4352 = AXIS2_PLACEMENT_3D ( 'NONE', #4322, #4321, #4395 ) ;
#4353 = DIRECTION ( 'NONE',  ( -0.0000000000000000000, 0.0000000000000000000, 1.000000000000000000 ) ) ;
#4354 = DIRECTION ( 'NONE',  ( -1.000000000000000000, 0.0000000000000000000, -0.0000000000000000000 ) ) ;
#4355 = LINE ( 'NONE', #4387, #4386 ) ;
#4356 = CARTESIAN_POINT ( 'NONE',  ( -0.6499999999998067300, 0.09999999999976692800, -0.02000000000000000000 ) ) ;
#4357 = CARTESIAN_POINT ( 'NONE',  ( -0.9999999999998295800, 0.09999999999976691400, 0.0000000000000000000 ) ) ;
#4358 = LINE ( 'NONE', #4357, #4408 ) ;
#4359 = DIRECTION ( 'NONE',  ( -0.0000000000000000000, -0.0000000000000000000, 1.000000000000000000 ) ) ;
#4360 = VECTOR ( 'NONE', #4359, 1000.000000000000000 ) ;
#4361 = CARTESIAN_POINT ( 'NONE',  ( -0.6499999999998067300, 0.09999999999976692800, -0.02000000000000000000 ) ) ;
#4362 = FACE_OUTER_BOUND ( 'NONE', #4021, .T. ) ;
#4363 = DIRECTION ( 'NONE',  ( 1.000000000000000000, 3.872150616019406900E-017, 0.0000000000000000000 ) ) ;
#4364 = DIRECTION ( 'NONE',  ( 3.872150616019406900E-017, -1.000000000000000000, 0.0000000000000000000 ) ) ;
#4365 = CARTESIAN_POINT ( 'NONE',  ( -0.9999999999998295800, 0.09999999999976691400, -0.02000000000000000000 ) ) ;
#4366 = AXIS2_PLACEMENT_3D ( 'NONE', #4365, #4364, #4363 ) ;
#4367 = LINE ( 'NONE', #4361, #4360 ) ;
#4368 = CARTESIAN_POINT ( 'NONE',  ( -0.3501042119171723400, -0.09638834288371708700, -0.02000000000000000000 ) ) ;
#4369 = DIRECTION ( 'NONE',  ( 0.0000000000000000000, 1.000000000000000000, 0.0000000000000000000 ) ) ;
#4370 = VECTOR ( 'NONE', #4369, 1000.000000000000000 ) ;
#4371 = CARTESIAN_POINT ( 'NONE',  ( -0.6499999999998067300, 0.09999999999976692800, 0.0000000000000000000 ) ) ;
#4372 = LINE ( 'NONE', #4371, #4370 ) ;
#4373 = CARTESIAN_POINT ( 'NONE',  ( -0.9999999999998295800, 0.09999999999976691400, 0.0000000000000000000 ) ) ;
#4374 = DIRECTION ( 'NONE',  ( -0.0000000000000000000, -0.0000000000000000000, 1.000000000000000000 ) ) ;
#4375 = VECTOR ( 'NONE', #4374, 1000.000000000000000 ) ;
#4376 = LINE ( 'NONE', #4328, #4375 ) ;
#4377 = PLANE ( 'NONE',  #4345 ) ;
#4378 = DIRECTION ( 'NONE',  ( -0.0000000000000000000, 1.000000000000000000, -0.0000000000000000000 ) ) ;
#4379 = VECTOR ( 'NONE', #4378, 1000.000000000000000 ) ;
#4380 = LINE ( 'NONE', #4326, #4379 ) ;
#4381 = DIRECTION ( 'NONE',  ( 0.0000000000000000000, 0.0000000000000000000, -1.000000000000000000 ) ) ;
#4382 = VECTOR ( 'NONE', #4389, 1000.000000000000000 ) ;
#4383 = FACE_OUTER_BOUND ( 'NONE', #1704, .T. ) ;
#4384 = AXIS2_PLACEMENT_3D ( 'NONE', #4393, #4438, #4437 ) ;
#4385 = DIRECTION ( 'NONE',  ( -1.000000000000000000, -0.0000000000000000000, -0.0000000000000000000 ) ) ;
#4386 = VECTOR ( 'NONE', #4385, 1000.000000000000000 ) ;
#4387 = CARTESIAN_POINT ( 'NONE',  ( -0.6499999999998067300, -0.3000000000002103200, -0.02000000000000000000 ) ) ;
#4388 = CARTESIAN_POINT ( 'NONE',  ( -0.5499999999997841100, -0.3000000000002103200, 0.0000000000000000000 ) ) ;
#4389 = DIRECTION ( 'NONE',  ( -0.0000000000000000000, -0.0000000000000000000, 1.000000000000000000 ) ) ;
#4390 = CARTESIAN_POINT ( 'NONE',  ( -0.6499999999998067300, -0.1000000000001932400, -0.02000000000000000000 ) ) ;
#4391 = DIRECTION ( 'NONE',  ( -0.0000000000000000000, -0.0000000000000000000, 1.000000000000000000 ) ) ;
#4392 = VECTOR ( 'NONE', #4391, 1000.000000000000000 ) ;
#4393 = CARTESIAN_POINT ( 'NONE',  ( -0.5499999999997841100, -0.3000000000002103200, -0.02000000000000000000 ) ) ;
#4394 = PLANE ( 'NONE',  #4384 ) ;
#4395 = DIRECTION ( 'NONE',  ( 0.0000000000000000000, 0.0000000000000000000, -1.000000000000000000 ) ) ;
#4396 = PLANE ( 'NONE',  #4421 ) ;
#4397 = CARTESIAN_POINT ( 'NONE',  ( -0.9999999999998295800, 0.09999999999976691400, -0.02000000000000000000 ) ) ;
#4398 = LINE ( 'NONE', #4397, #4392 ) ;
#4399 = LINE ( 'NONE', #4390, #4382 ) ;
#4400 = FACE_OUTER_BOUND ( 'NONE', #1625, .T. ) ;
#4401 = DIRECTION ( 'NONE',  ( -1.000000000000000000, -0.0000000000000000000, -0.0000000000000000000 ) ) ;
#4402 = VECTOR ( 'NONE', #4401, 1000.000000000000000 ) ;
#4403 = CARTESIAN_POINT ( 'NONE',  ( -0.3501042119171723400, -0.09638834288371708700, 0.0000000000000000000 ) ) ;
#4404 = CARTESIAN_POINT ( 'NONE',  ( -0.9999999999998295800, -0.1000000000001932400, 0.0000000000000000000 ) ) ;
#4405 = CARTESIAN_POINT ( 'NONE',  ( -0.6499999999998067300, -0.1000000000001932400, 0.0000000000000000000 ) ) ;
#4406 = CARTESIAN_POINT ( 'NONE',  ( -0.9999999999998295800, -0.1000000000001932400, -0.02000000000000000000 ) ) ;
#4407 = DIRECTION ( 'NONE',  ( 1.000000000000000000, 3.872150616019406300E-017, 0.0000000000000000000 ) ) ;
#4408 = VECTOR ( 'NONE', #4407, 1000.000000000000000 ) ;
#4409 = CARTESIAN_POINT ( 'NONE',  ( -0.6499999999998067300, 0.09999999999976692800, 0.0000000000000000000 ) ) ;
#4410 = LINE ( 'NONE', #4403, #4402 ) ;
#4411 = PLANE ( 'NONE',  #4463 ) ;
#4412 = DIRECTION ( 'NONE',  ( 1.000000000000000000, 0.0000000000000000000, 0.0000000000000000000 ) ) ;
#4413 = VECTOR ( 'NONE', #4412, 1000.000000000000000 ) ;
#4414 = CARTESIAN_POINT ( 'NONE',  ( -0.6499999999998067300, 0.2999999999997840000, -0.02000000000000000000 ) ) ;
#4415 = CARTESIAN_POINT ( 'NONE',  ( -0.6499999999998067300, 0.2999999999997840000, -0.02000000000000000000 ) ) ;
#4416 = DIRECTION ( 'NONE',  ( 0.0000000000000000000, -0.0000000000000000000, -1.000000000000000000 ) ) ;
#4417 = DIRECTION ( 'NONE',  ( 0.0000000000000000000, -1.000000000000000000, 0.0000000000000000000 ) ) ;
#4418 = CARTESIAN_POINT ( 'NONE',  ( -0.6499999999998067300, 0.2999999999997840000, -0.02000000000000000000 ) ) ;
#4419 = LINE ( 'NONE', #4414, #4413 ) ;
#4420 = AXIS2_PLACEMENT_3D ( 'NONE', #4501, #4500, #4499 ) ;
#4421 = AXIS2_PLACEMENT_3D ( 'NONE', #4418, #4417, #4416 ) ;
#4422 = DIRECTION ( 'NONE',  ( -0.0000000000000000000, -0.0000000000000000000, 1.000000000000000000 ) ) ;
#4423 = VECTOR ( 'NONE', #4422, 1000.000000000000000 ) ;
#4424 = CARTESIAN_POINT ( 'NONE',  ( -0.5499999999997841100, 0.2999999999997840000, -0.02000000000000000000 ) ) ;
#4425 = LINE ( 'NONE', #4424, #4423 ) ;
#4426 = FACE_OUTER_BOUND ( 'NONE', #1707, .T. ) ;
#4427 = DIRECTION ( 'NONE',  ( -0.0000000000000000000, -1.000000000000000000, -0.0000000000000000000 ) ) ;
#4428 = VECTOR ( 'NONE', #4427, 1000.000000000000000 ) ;
#4429 = CARTESIAN_POINT ( 'NONE',  ( -0.5499999999997841100, -0.3000000000002103200, -0.02000000000000000000 ) ) ;
#4430 = LINE ( 'NONE', #4429, #4428 ) ;
#4431 = DIRECTION ( 'NONE',  ( -0.0000000000000000000, -0.0000000000000000000, 1.000000000000000000 ) ) ;
#4432 = VECTOR ( 'NONE', #4431, 1000.000000000000000 ) ;
#4433 = CARTESIAN_POINT ( 'NONE',  ( -0.5499999999997841100, -0.3000000000002103200, -0.02000000000000000000 ) ) ;
#4434 = LINE ( 'NONE', #4433, #4432 ) ;
#4435 = CARTESIAN_POINT ( 'NONE',  ( -0.5499999999997841100, -0.3000000000002103200, -0.02000000000000000000 ) ) ;
#4436 = CARTESIAN_POINT ( 'NONE',  ( -0.5499999999997841100, 0.2999999999997840000, -0.02000000000000000000 ) ) ;
#4437 = DIRECTION ( 'NONE',  ( 0.0000000000000000000, 0.0000000000000000000, 1.000000000000000000 ) ) ;
#4438 = DIRECTION ( 'NONE',  ( -1.000000000000000000, 0.0000000000000000000, 0.0000000000000000000 ) ) ;
#4439 = FACE_OUTER_BOUND ( 'NONE', #1738, .T. ) ;
#4440 = FACE_OUTER_BOUND ( 'NONE', #1724, .T. ) ;
#4441 = AXIS2_PLACEMENT_3D ( 'NONE', #4459, #4464, #4494 ) ;
#4442 = VECTOR ( 'NONE', #4458, 1000.000000000000000 ) ;
#4443 = LINE ( 'NONE', #4451, #4442 ) ;
#4444 = DIRECTION ( 'NONE',  ( 0.0000000000000000000, 1.000000000000000000, 0.0000000000000000000 ) ) ;
#4445 = VECTOR ( 'NONE', #4444, 1000.000000000000000 ) ;
#4446 = CARTESIAN_POINT ( 'NONE',  ( -0.6499999999998067300, 0.09999999999976692800, -0.02000000000000000000 ) ) ;
#4447 = VECTOR ( 'NONE', #4503, 1000.000000000000000 ) ;
#4448 = DIRECTION ( 'NONE',  ( -0.0000000000000000000, -0.0000000000000000000, 1.000000000000000000 ) ) ;
#4449 = VECTOR ( 'NONE', #4448, 1000.000000000000000 ) ;
#4450 = LINE ( 'NONE', #4457, #4449 ) ;
#4451 = CARTESIAN_POINT ( 'NONE',  ( -0.6499999999998067300, 0.2999999999997840000, 0.0000000000000000000 ) ) ;
#4452 = FACE_OUTER_BOUND ( 'NONE', #1716, .T. ) ;
#4453 = LINE ( 'NONE', #4446, #4445 ) ;
#4454 = DIRECTION ( 'NONE',  ( 0.0000000000000000000, 0.0000000000000000000, -1.000000000000000000 ) ) ;
#4455 = DIRECTION ( 'NONE',  ( 1.000000000000000000, -0.0000000000000000000, 0.0000000000000000000 ) ) ;
#4456 = CARTESIAN_POINT ( 'NONE',  ( -0.9999999999998295800, -0.1000000000001932400, -0.02000000000000000000 ) ) ;
#4457 = CARTESIAN_POINT ( 'NONE',  ( -0.6499999999998067300, 0.2999999999997840000, -0.02000000000000000000 ) ) ;
#4458 = DIRECTION ( 'NONE',  ( 1.000000000000000000, 0.0000000000000000000, 0.0000000000000000000 ) ) ;
#4459 = CARTESIAN_POINT ( 'NONE',  ( -0.6499999999998067300, -0.1000000000001932400, -0.02000000000000000000 ) ) ;
#4460 = FACE_OUTER_BOUND ( 'NONE', #1641, .T. ) ;
#4461 = CARTESIAN_POINT ( 'NONE',  ( -0.6499999999998067300, 0.09999999999976692800, -0.02000000000000000000 ) ) ;
#4462 = PLANE ( 'NONE',  #4420 ) ;
#4463 = AXIS2_PLACEMENT_3D ( 'NONE', #4461, #4455, #4454 ) ;
#4464 = DIRECTION ( 'NONE',  ( 1.000000000000000000, 0.0000000000000000000, 0.0000000000000000000 ) ) ;
#4465 = DIRECTION ( 'NONE',  ( 1.000000000000000000, 3.872150616019406300E-017, 0.0000000000000000000 ) ) ;
#4466 = VECTOR ( 'NONE', #4465, 1000.000000000000000 ) ;
#4467 = CARTESIAN_POINT ( 'NONE',  ( -0.9999999999998295800, 0.09999999999976691400, -0.02000000000000000000 ) ) ;
#4468 = LINE ( 'NONE', #4467, #4466 ) ;
#4469 = CARTESIAN_POINT ( 'NONE',  ( -0.5499999999997841100, 0.2999999999997840000, 0.0000000000000000000 ) ) ;
#4470 = CARTESIAN_POINT ( 'NONE',  ( -0.4501042119171950700, -0.3000000000000148700, -0.02000000000000000000 ) ) ;
#4471 = DIRECTION ( 'NONE',  ( -0.0000000000000000000, -1.000000000000000000, -0.0000000000000000000 ) ) ;
#4472 = VECTOR ( 'NONE', #4471, 1000.000000000000000 ) ;
#4473 = CARTESIAN_POINT ( 'NONE',  ( -0.5499999999997841100, -0.3000000000002103200, 0.0000000000000000000 ) ) ;
#4474 = LINE ( 'NONE', #4473, #4472 ) ;
#4475 = CARTESIAN_POINT ( 'NONE',  ( -0.6499999999998067300, 0.2999999999997840000, 0.0000000000000000000 ) ) ;
#4476 = CARTESIAN_POINT ( 'NONE',  ( -0.6499999999998067300, -0.3000000000002103200, -0.02000000000000000000 ) ) ;
#4477 = DIRECTION ( 'NONE',  ( 0.0000000000000000000, -0.0000000000000000000, 1.000000000000000000 ) ) ;
#4478 = DIRECTION ( 'NONE',  ( -0.0000000000000000000, 1.000000000000000000, 0.0000000000000000000 ) ) ;
#4479 = CARTESIAN_POINT ( 'NONE',  ( -0.6499999999998067300, -0.1000000000001932400, -0.02000000000000000000 ) ) ;
#4480 = CARTESIAN_POINT ( 'NONE',  ( -0.2501042119171496000, -0.09638834288371708700, -0.02000000000000000000 ) ) ;
#4481 = LINE ( 'NONE', #4480, #4533 ) ;
#4482 = FACE_OUTER_BOUND ( 'NONE', #1739, .T. ) ;
#4483 = AXIS2_PLACEMENT_3D ( 'NONE', #4476, #4528, #4527 ) ;
#4484 = CARTESIAN_POINT ( 'NONE',  ( -0.6499999999998067300, -0.3000000000002103200, -0.02000000000000000000 ) ) ;
#4485 = CARTESIAN_POINT ( 'NONE',  ( -0.9999999999998295800, -0.1000000000001932400, -0.02000000000000000000 ) ) ;
#4486 = DIRECTION ( 'NONE',  ( -0.0000000000000000000, 1.000000000000000000, -0.0000000000000000000 ) ) ;
#4487 = VECTOR ( 'NONE', #4486, 1000.000000000000000 ) ;
#4488 = CARTESIAN_POINT ( 'NONE',  ( -0.6499999999998067300, -0.1000000000001932400, -0.02000000000000000000 ) ) ;
#4489 = AXIS2_PLACEMENT_3D ( 'NONE', #4485, #4478, #4477 ) ;
#4490 = LINE ( 'NONE', #4456, #4447 ) ;
#4491 = DIRECTION ( 'NONE',  ( -1.000000000000000000, -0.0000000000000000000, -0.0000000000000000000 ) ) ;
#4492 = VECTOR ( 'NONE', #4491, 1000.000000000000000 ) ;
#4493 = PLANE ( 'NONE',  #4483 ) ;
#4494 = DIRECTION ( 'NONE',  ( 0.0000000000000000000, 0.0000000000000000000, -1.000000000000000000 ) ) ;
#4495 = PLANE ( 'NONE',  #4489 ) ;
#4496 = CARTESIAN_POINT ( 'NONE',  ( -0.9999999999998295800, -0.1000000000001932400, 0.0000000000000000000 ) ) ;
#4497 = LINE ( 'NONE', #4496, #4492 ) ;
#4498 = LINE ( 'NONE', #4488, #4487 ) ;
#4499 = DIRECTION ( 'NONE',  ( 1.000000000000000000, 0.0000000000000000000, 0.0000000000000000000 ) ) ;
#4500 = DIRECTION ( 'NONE',  ( -0.0000000000000000000, 0.0000000000000000000, 1.000000000000000000 ) ) ;
#4501 = CARTESIAN_POINT ( 'NONE',  ( -0.9999999999998295800, -0.1000000000001932400, -0.02000000000000000000 ) ) ;
#4502 = PLANE ( 'NONE',  #4441 ) ;
#4503 = DIRECTION ( 'NONE',  ( -1.000000000000000000, -0.0000000000000000000, -0.0000000000000000000 ) ) ;
#4504 = DIRECTION ( 'NONE',  ( 0.0000000000000000000, 0.0000000000000000000, -1.000000000000000000 ) ) ;
#4505 = DIRECTION ( 'NONE',  ( 1.000000000000000000, 0.0000000000000000000, 0.0000000000000000000 ) ) ;
#4506 = CARTESIAN_POINT ( 'NONE',  ( -0.2501042119171496000, -0.09638834288371708700, -0.02000000000000000000 ) ) ;
#4507 = PLANE ( 'NONE',  #4514 ) ;
#4508 = CARTESIAN_POINT ( 'NONE',  ( 0.5999999999999658900, 0.1000000000000369500, 0.5100000000000000100 ) ) ;
#4509 = VECTOR ( 'NONE', #4537, 1000.000000000000000 ) ;
#4510 = PLANE ( 'NONE',  #4525 ) ;
#4511 = DIRECTION ( 'NONE',  ( -1.000000000000000000, -0.0000000000000000000, -0.0000000000000000000 ) ) ;
#4512 = VECTOR ( 'NONE', #4511, 1000.000000000000000 ) ;
#4513 = CARTESIAN_POINT ( 'NONE',  ( -0.6499999999998067300, -0.3000000000002103200, 0.0000000000000000000 ) ) ;
#4514 = AXIS2_PLACEMENT_3D ( 'NONE', #4520, #4562, #4561 ) ;
#4515 = LINE ( 'NONE', #4513, #4512 ) ;
#4516 = FACE_OUTER_BOUND ( 'NONE', #1768, .T. ) ;
#4517 = DIRECTION ( 'NONE',  ( -0.0000000000000000000, 1.000000000000000000, -0.0000000000000000000 ) ) ;
#4518 = VECTOR ( 'NONE', #4517, 1000.000000000000000 ) ;
#4519 = CARTESIAN_POINT ( 'NONE',  ( -0.6499999999998067300, -0.1000000000001932400, 0.0000000000000000000 ) ) ;
#4520 = CARTESIAN_POINT ( 'NONE',  ( -0.9999999999998295800, -0.1000000000001932400, 0.0000000000000000000 ) ) ;
#4521 = DIRECTION ( 'NONE',  ( -0.0000000000000000000, -0.0000000000000000000, 1.000000000000000000 ) ) ;
#4522 = VECTOR ( 'NONE', #4521, 1000.000000000000000 ) ;
#4523 = LINE ( 'NONE', #4519, #4518 ) ;
#4524 = FACE_OUTER_BOUND ( 'NONE', #1731, .T. ) ;
#4525 = AXIS2_PLACEMENT_3D ( 'NONE', #4506, #4505, #4504 ) ;
#4526 = CARTESIAN_POINT ( 'NONE',  ( 1.000000000000056800, 0.1000000000000227700, 0.5250000000000000200 ) ) ;
#4527 = DIRECTION ( 'NONE',  ( 0.0000000000000000000, -0.0000000000000000000, 1.000000000000000000 ) ) ;
#4528 = DIRECTION ( 'NONE',  ( -0.0000000000000000000, 1.000000000000000000, 0.0000000000000000000 ) ) ;
#4529 = CARTESIAN_POINT ( 'NONE',  ( -0.6499999999998067300, -0.3000000000002103200, -0.02000000000000000000 ) ) ;
#4530 = LINE ( 'NONE', #4529, #4522 ) ;
#4531 = CARTESIAN_POINT ( 'NONE',  ( -0.6499999999998067300, -0.3000000000002103200, 0.0000000000000000000 ) ) ;
#4532 = DIRECTION ( 'NONE',  ( -0.0000000000000000000, -0.0000000000000000000, 1.000000000000000000 ) ) ;
#4533 = VECTOR ( 'NONE', #4532, 1000.000000000000000 ) ;
#4534 = VECTOR ( 'NONE', #303, 1000.000000000000000 ) ;
#4535 = LINE ( 'NONE', #4536, #4534 ) ;
#4536 = CARTESIAN_POINT ( 'NONE',  ( -0.3501042119171723400, -0.09638834288371708700, -0.02000000000000000000 ) ) ;
#4537 = DIRECTION ( 'NONE',  ( -0.0000000000000000000, -0.0000000000000000000, 1.000000000000000000 ) ) ;
#4538 = CARTESIAN_POINT ( 'NONE',  ( -0.7901923788647049500, -0.1999999999999921600, -0.02000000000000000000 ) ) ;
#4539 = FACE_OUTER_BOUND ( 'NONE', #4260, .T. ) ;
#4540 = LINE ( 'NONE', #4545, #4509 ) ;
#4541 = DIRECTION ( 'NONE',  ( -1.000000000000000000, -0.0000000000000000000, -0.0000000000000000000 ) ) ;
#4542 = VECTOR ( 'NONE', #4541, 1000.000000000000000 ) ;
#4543 = CARTESIAN_POINT ( 'NONE',  ( -0.3501042119171723400, -0.09638834288371708700, -0.02000000000000000000 ) ) ;
#4544 = LINE ( 'NONE', #4543, #4542 ) ;
#4545 = CARTESIAN_POINT ( 'NONE',  ( -0.4501042119171950700, -0.3000000000000148700, -0.02000000000000000000 ) ) ;
#4546 = DIRECTION ( 'NONE',  ( 0.0000000000000000000, -1.000000000000000000, 0.0000000000000000000 ) ) ;
#4547 = VECTOR ( 'NONE', #4546, 1000.000000000000000 ) ;
#4548 = CARTESIAN_POINT ( 'NONE',  ( -0.3501042119171723400, -0.09638834288371708700, 0.0000000000000000000 ) ) ;
#4549 = LINE ( 'NONE', #4548, #4547 ) ;
#4550 = CARTESIAN_POINT ( 'NONE',  ( -0.4501042119171950700, -0.1999999999999921600, 0.0000000000000000000 ) ) ;
#4551 = FACE_OUTER_BOUND ( 'NONE', #1642, .T. ) ;
#4552 = CARTESIAN_POINT ( 'NONE',  ( -0.4501042119171950700, -0.3000000000000148700, 0.0000000000000000000 ) ) ;
#4553 = DIRECTION ( 'NONE',  ( -0.0000000000000000000, -0.0000000000000000000, 1.000000000000000000 ) ) ;
#4554 = VECTOR ( 'NONE', #4553, 1000.000000000000000 ) ;
#4555 = CARTESIAN_POINT ( 'NONE',  ( -0.3501042119171723400, -0.3000000000000148700, -0.02000000000000000000 ) ) ;
#4556 = LINE ( 'NONE', #4555, #4554 ) ;
#4557 = DIRECTION ( 'NONE',  ( -1.000000000000000000, 0.0000000000000000000, 0.0000000000000000000 ) ) ;
#4558 = VECTOR ( 'NONE', #4557, 1000.000000000000000 ) ;
#4559 = CARTESIAN_POINT ( 'NONE',  ( -0.3501042119171723400, -0.3000000000000148700, 0.0000000000000000000 ) ) ;
#4560 = CARTESIAN_POINT ( 'NONE',  ( -0.4501042119171950700, -0.1999999999999921600, -0.02000000000000000000 ) ) ;
#4561 = DIRECTION ( 'NONE',  ( 1.000000000000000000, 0.0000000000000000000, 0.0000000000000000000 ) ) ;
#4562 = DIRECTION ( 'NONE',  ( -0.0000000000000000000, 0.0000000000000000000, 1.000000000000000000 ) ) ;
#4563 = LINE ( 'NONE', #4559, #4558 ) ;
#4564 = ADVANCED_BREP_SHAPE_REPRESENTATION ( '17-223', ( #333, #334, #142, #560, #868, #1037, #1216, #1342, #1436, #1662, #4575 ), #4565 ) ;
#4565 =( GEOMETRIC_REPRESENTATION_CONTEXT ( 3 ) GLOBAL_UNCERTAINTY_ASSIGNED_CONTEXT ( ( #4566 ) ) GLOBAL_UNIT_ASSIGNED_CONTEXT ( ( #4569, #4568, #4567 ) ) REPRESENTATION_CONTEXT ( 'NONE', 'WORKASPACE' ) );
#4566 = UNCERTAINTY_MEASURE_WITH_UNIT (LENGTH_MEASURE( 1.000000000000000100E-005 ), #4569, 'distance_accuracy_value', 'NONE');
#4567 =( NAMED_UNIT ( * ) SI_UNIT ( $, .STERADIAN. ) SOLID_ANGLE_UNIT ( ) );
#4568 =( NAMED_UNIT ( * ) PLANE_ANGLE_UNIT ( ) SI_UNIT ( $, .RADIAN. ) );
#4569 =( LENGTH_UNIT ( ) NAMED_UNIT ( * ) SI_UNIT ( .MILLI., .METRE. ) );
#4570 = CARTESIAN_POINT ( 'NONE',  ( 0.0000000000000000000, 0.0000000000000000000, 0.0000000000000000000 ) ) ;
#4571 = DIRECTION ( 'NONE',  ( -0.0000000000000000000, 1.000000000000000000, -0.0000000000000000000 ) ) ;
#4572 = VECTOR ( 'NONE', #4571, 1000.000000000000000 ) ;
#4573 = CARTESIAN_POINT ( 'NONE',  ( -0.4501042119171950700, -0.1999999999999921600, 0.0000000000000000000 ) ) ;
#4574 = LINE ( 'NONE', #4573, #4572 ) ;
#4575 = AXIS2_PLACEMENT_3D ( 'NONE', #4570, #4579, #4578 ) ;
#4576 = CARTESIAN_POINT ( 'NONE',  ( 1.000000000000056800, 0.1000000000000227700, 0.5100000000000000100 ) ) ;
#4577 = CARTESIAN_POINT ( 'NONE',  ( 1.000000000000005600, 0.05419601084501452600, 0.0000000000000000000 ) ) ;
#4578 = DIRECTION ( 'NONE',  ( 1.000000000000000000, 0.0000000000000000000, 0.0000000000000000000 ) ) ;
#4579 = DIRECTION ( 'NONE',  ( 0.0000000000000000000, 0.0000000000000000000, 1.000000000000000000 ) ) ;
#4580 = APPLICATION_CONTEXT ( 'configuration controlled 3d designs of mechanical parts and assemblies' ) ;
#4581 = APPROVAL_STATUS ( 'not_yet_approved' ) ;
#4582 = PRODUCT_DEFINITION ( 'UNKNOWN', '', #4618, #4583 ) ;
#4583 = DESIGN_CONTEXT ( 'detailed design', #4585, 'design' ) ;
#4584 = APPLICATION_PROTOCOL_DEFINITION ( 'international standard', 'config_control_design', 1994, #4585 ) ;
#4585 = APPLICATION_CONTEXT ( 'configuration controlled 3d designs of mechanical parts and assemblies' ) ;
#4586 = CC_DESIGN_PERSON_AND_ORGANIZATION_ASSIGNMENT ( #4588, #4587, ( #4591 ) ) ;
#4587 = PERSON_AND_ORGANIZATION_ROLE ( 'design_owner' ) ;
#4588 = PERSON_AND_ORGANIZATION ( #4590, #4589 ) ;
#4589 = ORGANIZATION ( 'UNSPECIFIED', 'UNSPECIFIED', '' ) ;
#4590 = PERSON ( 'UNSPECIFIED', 'UNSPECIFIED', 'UNSPECIFIED', ('UNSPECIFIED'), ('UNSPECIFIED'), ('UNSPECIFIED') ) ;
#4591 = PRODUCT ( '17-223', '17-223', '', ( #4592 ) ) ;
#4592 = MECHANICAL_CONTEXT ( 'NONE', #4580, 'mechanical' ) ;
#4593 = APPLICATION_PROTOCOL_DEFINITION ( 'international standard', 'config_control_design', 1994, #4580 ) ;
#4594 = DATE_TIME_ROLE ( 'classification_date' ) ;
#4595 = COORDINATED_UNIVERSAL_TIME_OFFSET ( 8, 0, .AHEAD. ) ;
#4596 = CC_DESIGN_PERSON_AND_ORGANIZATION_ASSIGNMENT ( #4598, #4597, ( #4599 ) ) ;
#4597 = PERSON_AND_ORGANIZATION_ROLE ( 'classification_officer' ) ;
#4598 = PERSON_AND_ORGANIZATION ( #4590, #4589 ) ;
#4599 = SECURITY_CLASSIFICATION ( '', '', #4600 ) ;
#4600 = SECURITY_CLASSIFICATION_LEVEL ( 'unclassified' ) ;
#4601 = CC_DESIGN_PERSON_AND_ORGANIZATION_ASSIGNMENT ( #4603, #4602, ( #4618 ) ) ;
#4602 = PERSON_AND_ORGANIZATION_ROLE ( 'design_supplier' ) ;
#4603 = PERSON_AND_ORGANIZATION ( #4590, #4589 ) ;
#4604 = CC_DESIGN_PERSON_AND_ORGANIZATION_ASSIGNMENT ( #4606, #4605, ( #4618 ) ) ;
#4605 = PERSON_AND_ORGANIZATION_ROLE ( 'creator' ) ;
#4606 = PERSON_AND_ORGANIZATION ( #4590, #4589 ) ;
#4607 = CC_DESIGN_APPROVAL ( #4615, ( #4618 ) ) ;
#4608 = APPROVAL_DATE_TIME ( #4609, #4615 ) ;
#4609 = DATE_AND_TIME ( #4610, #4611 ) ;
#4610 = CALENDAR_DATE ( 2013, 22, 11 ) ;
#4611 = LOCAL_TIME ( 16, 50, 35.00000000000000000, #4612 ) ;
#4612 = COORDINATED_UNIVERSAL_TIME_OFFSET ( 8, 0, .AHEAD. ) ;
#4613 = APPROVAL_PERSON_ORGANIZATION ( #4617, #4615, #4614 ) ;
#4614 = APPROVAL_ROLE ( '' ) ;
#4615 = APPROVAL ( #4616, 'UNSPECIFIED' ) ;
#4616 = APPROVAL_STATUS ( 'not_yet_approved' ) ;
#4617 = PERSON_AND_ORGANIZATION ( #4590, #4589 ) ;
#4618 = PRODUCT_DEFINITION_FORMATION_WITH_SPECIFIED_SOURCE ( 'ANY', '', #4591, .NOT_KNOWN. ) ;
#4619 = SHAPE_DEFINITION_REPRESENTATION ( #4639, #4564 ) ;
#4620 = CC_DESIGN_DATE_AND_TIME_ASSIGNMENT ( #4622, #4621, ( #4582 ) ) ;
#4621 = DATE_TIME_ROLE ( 'creation_date' ) ;
#4622 = DATE_AND_TIME ( #4623, #4624 ) ;
#4623 = CALENDAR_DATE ( 2013, 22, 11 ) ;
#4624 = LOCAL_TIME ( 16, 50, 35.00000000000000000, #4625 ) ;
#4625 = COORDINATED_UNIVERSAL_TIME_OFFSET ( 8, 0, .AHEAD. ) ;
#4626 = CC_DESIGN_PERSON_AND_ORGANIZATION_ASSIGNMENT ( #4628, #4627, ( #4582 ) ) ;
#4627 = PERSON_AND_ORGANIZATION_ROLE ( 'creator' ) ;
#4628 = PERSON_AND_ORGANIZATION ( #4590, #4589 ) ;
#4629 = CC_DESIGN_APPROVAL ( #4637, ( #4582 ) ) ;
#4630 = APPROVAL_DATE_TIME ( #4631, #4637 ) ;
#4631 = DATE_AND_TIME ( #4632, #4633 ) ;
#4632 = CALENDAR_DATE ( 2013, 22, 11 ) ;
#4633 = LOCAL_TIME ( 16, 50, 35.00000000000000000, #4634 ) ;
#4634 = COORDINATED_UNIVERSAL_TIME_OFFSET ( 8, 0, .AHEAD. ) ;
#4635 = APPROVAL_PERSON_ORGANIZATION ( #4638, #4637, #4636 ) ;
#4636 = APPROVAL_ROLE ( '' ) ;
#4637 = APPROVAL ( #4581, 'UNSPECIFIED' ) ;
#4638 = PERSON_AND_ORGANIZATION ( #4590, #4589 ) ;
#4639 = PRODUCT_DEFINITION_SHAPE ( 'NONE', 'NONE',  #4582 ) ;
#4640 = PRODUCT_RELATED_PRODUCT_CATEGORY ( 'detail', '', ( #4591 ) ) ;
#4641 = CC_DESIGN_SECURITY_CLASSIFICATION ( #4599, ( #4618 ) ) ;
#4642 = CC_DESIGN_APPROVAL ( #4650, ( #4599 ) ) ;
#4643 = APPROVAL_DATE_TIME ( #4644, #4650 ) ;
#4644 = DATE_AND_TIME ( #4645, #4646 ) ;
#4645 = CALENDAR_DATE ( 2013, 22, 11 ) ;
#4646 = LOCAL_TIME ( 16, 50, 35.00000000000000000, #4647 ) ;
#4647 = COORDINATED_UNIVERSAL_TIME_OFFSET ( 8, 0, .AHEAD. ) ;
#4648 = APPROVAL_PERSON_ORGANIZATION ( #4652, #4650, #4649 ) ;
#4649 = APPROVAL_ROLE ( '' ) ;
#4650 = APPROVAL ( #4651, 'UNSPECIFIED' ) ;
#4651 = APPROVAL_STATUS ( 'not_yet_approved' ) ;
#4652 = PERSON_AND_ORGANIZATION ( #4590, #4589 ) ;
#4653 = CC_DESIGN_DATE_AND_TIME_ASSIGNMENT ( #4654, #4594, ( #4599 ) ) ;
#4654 = DATE_AND_TIME ( #4655, #4656 ) ;
#4655 = CALENDAR_DATE ( 2013, 22, 11 ) ;
#4656 = LOCAL_TIME ( 16, 50, 35.00000000000000000, #4595 ) ;
#4657 = ORIENTED_EDGE ( 'NONE', *, *, #4659, .F. ) ;
#4658 = EDGE_LOOP ( 'NONE', ( #8, #9, #4078, #39 ) ) ;
#4659 = EDGE_CURVE ( 'NONE', #24, #3903, #3812, .T. ) ;
#4660 = EDGE_CURVE ( 'NONE', #2227, #4167, #4574, .T. ) ;
#4661 = VERTEX_POINT ( 'NONE', #4577 ) ;
#4662 = VERTEX_POINT ( 'NONE', #4576 ) ;
#4663 = ORIENTED_EDGE ( 'NONE', *, *, #1322, .F. ) ;
#4664 = ORIENTED_EDGE ( 'NONE', *, *, #917, .F. ) ;
#4665 = ORIENTED_EDGE ( 'NONE', *, *, #593, .T. ) ;
#4666 = ORIENTED_EDGE ( 'NONE', *, *, #1044, .T. ) ;
#4667 = ORIENTED_EDGE ( 'NONE', *, *, #683, .F. ) ;
ENDSEC;
END-ISO-10303-21;
